# Blender v3.2.2 OBJ File: 'Old_Copper_Jug_Scene_001_NATIVE.blend'
# www.blender.org
mtllib Old_Copper_Jug.mtl
o Old_Copper_Jug
v -0.015105 0.167124 0.020545
v -0.010964 0.167124 0.023736
v -0.000841 0.167124 0.026181
v 0.009450 0.167124 0.024472
v 0.018267 0.167124 0.018867
v 0.024196 0.167124 0.010253
v 0.000000 0.148166 0.029881
v 0.011435 0.148166 0.027606
v 0.021129 0.148166 0.021129
v 0.027606 0.148166 0.011435
v -0.027606 0.148166 0.011435
v -0.021129 0.148166 0.021129
v -0.011435 0.148166 0.027606
v 0.000000 0.159050 0.026312
v 0.010069 0.159050 0.024309
v 0.018605 0.159050 0.018605
v 0.024309 0.159050 0.010069
v -0.024309 0.159050 0.010069
v -0.018605 0.159050 0.018605
v -0.010069 0.159050 0.024309
v 0.000000 0.160014 0.026103
v 0.009989 0.160014 0.024116
v 0.018458 0.160014 0.018458
v 0.024116 0.160014 0.009989
v -0.024116 0.160014 0.009989
v -0.018458 0.160014 0.018458
v -0.009989 0.160014 0.024116
v -0.018413 0.160999 0.018413
v -0.009965 0.160999 0.024058
v 0.000000 0.160999 0.026040
v 0.009965 0.160999 0.024058
v 0.018413 0.160999 0.018413
v 0.024058 0.160999 0.009965
v 0.000000 0.128713 0.041390
v 0.000000 0.121169 0.049084
v 0.000000 0.092448 0.050759
v 0.000000 0.070610 0.048227
v 0.000000 0.049611 0.051236
v 0.000000 0.029449 0.059762
v 0.000000 0.006074 0.060647
v 0.000000 0.003145 0.047131
v 0.000000 0.001096 0.032588
v 0.000000 0.000092 0.016826
v 0.015839 0.128713 0.038239
v 0.018784 0.121169 0.045347
v 0.019424 0.092448 0.046895
v 0.018455 0.070610 0.044556
v 0.019607 0.049611 0.047336
v 0.022870 0.029449 0.055213
v 0.023209 0.006074 0.056031
v 0.018036 0.003145 0.043543
v 0.012471 0.001096 0.030107
v 0.006439 0.000092 0.015546
v 0.029267 0.128713 0.029267
v 0.034707 0.121169 0.034707
v 0.035892 0.092448 0.035892
v 0.034101 0.070610 0.034101
v 0.036229 0.049611 0.036229
v 0.042258 0.029449 0.042258
v 0.042884 0.006074 0.042884
v 0.033327 0.003145 0.033327
v 0.023043 0.001096 0.023043
v 0.011898 0.000092 0.011898
v 0.038239 0.128713 0.015839
v 0.045347 0.121169 0.018784
v 0.046895 0.092448 0.019425
v 0.044556 0.070610 0.018456
v 0.047336 0.049611 0.019607
v 0.055213 0.029449 0.022870
v 0.056031 0.006074 0.023209
v 0.043543 0.003145 0.018036
v 0.030107 0.001096 0.012471
v 0.015546 0.000092 0.006439
v -0.038239 0.128713 0.015839
v -0.045347 0.121169 0.018784
v -0.046895 0.092448 0.019425
v -0.044556 0.070610 0.018456
v -0.047336 0.049611 0.019607
v -0.055213 0.029449 0.022870
v -0.056031 0.006074 0.023209
v -0.043543 0.003145 0.018036
v -0.030107 0.001096 0.012471
v -0.015546 0.000092 0.006439
v -0.029267 0.128713 0.029267
v -0.034707 0.121169 0.034707
v -0.035892 0.092448 0.035892
v -0.034101 0.070610 0.034101
v -0.036229 0.049611 0.036229
v -0.042258 0.029449 0.042258
v -0.042884 0.006074 0.042884
v -0.033327 0.003145 0.033327
v -0.023043 0.001096 0.023043
v -0.011898 0.000092 0.011898
v -0.015839 0.128713 0.038239
v -0.018784 0.121169 0.045347
v -0.019424 0.092448 0.046895
v -0.018455 0.070610 0.044556
v -0.019607 0.049611 0.047336
v -0.022870 0.029449 0.055213
v -0.023209 0.006074 0.056031
v -0.018036 0.003145 0.043543
v -0.012471 0.001096 0.030107
v -0.006439 0.000092 0.015546
v 0.000000 0.115910 0.056684
v 0.000000 0.113477 0.057511
v 0.021692 0.115910 0.052369
v 0.022008 0.113477 0.053133
v 0.000000 0.011323 0.072100
v 0.000000 0.009515 0.071475
v 0.027591 0.011323 0.066611
v 0.027352 0.009515 0.066035
v 0.040082 0.115910 0.040082
v 0.040666 0.113477 0.040666
v 0.050982 0.011323 0.050982
v 0.050541 0.009515 0.050541
v 0.052369 0.115910 0.021692
v 0.053133 0.113477 0.022008
v 0.066611 0.011323 0.027591
v 0.066035 0.009515 0.027352
v -0.052369 0.115910 0.021692
v -0.053133 0.113477 0.022008
v -0.066611 0.011323 0.027591
v -0.066035 0.009515 0.027352
v -0.040082 0.115910 0.040082
v -0.040666 0.113477 0.040666
v -0.050982 0.011323 0.050982
v -0.050541 0.009515 0.050541
v -0.021692 0.115910 0.052369
v -0.022008 0.113477 0.053133
v -0.027591 0.011323 0.066611
v -0.027352 0.009515 0.066035
v 0.021993 0.114820 0.053097
v 0.000000 0.114820 0.057471
v 0.027664 0.010245 0.066787
v 0.000000 0.010245 0.072290
v 0.040638 0.114820 0.040638
v 0.051117 0.010245 0.051117
v 0.053097 0.114820 0.021993
v 0.066787 0.010245 0.027664
v -0.053097 0.114820 0.021993
v -0.066787 0.010245 0.027664
v -0.040638 0.114820 0.040638
v -0.051117 0.010245 0.051117
v -0.021993 0.114820 0.053097
v -0.027664 0.010245 0.066787
v 0.032289 0.137668 0.013374
v 0.024713 0.137668 0.024713
v 0.013374 0.137668 0.032289
v -0.013374 0.137668 0.032289
v -0.024713 0.137668 0.024713
v -0.032289 0.137668 0.013374
v 0.000000 0.137668 0.034949
v -0.023366 0.164062 0.012818
v -0.010464 0.164062 0.023897
v -0.000421 0.164062 0.026110
v 0.009708 0.164062 0.024265
v 0.018340 0.164062 0.018640
v 0.024127 0.164062 0.010109
v -0.024058 0.160999 0.009965
v -0.015105 0.167124 -0.020545
v -0.010964 0.167124 -0.023736
v -0.000841 0.167124 -0.026181
v 0.009450 0.167124 -0.024472
v 0.018267 0.167124 -0.018867
v 0.024196 0.167124 -0.010253
v -0.000000 0.148166 -0.029880
v 0.011435 0.148166 -0.027606
v 0.021129 0.148166 -0.021129
v 0.027606 0.148166 -0.011435
v -0.027606 0.148166 -0.011435
v -0.021129 0.148166 -0.021129
v -0.011435 0.148166 -0.027606
v -0.000000 0.159050 -0.026312
v 0.010069 0.159050 -0.024309
v 0.018605 0.159050 -0.018605
v 0.024309 0.159050 -0.010069
v -0.024309 0.159050 -0.010069
v -0.018605 0.159050 -0.018605
v -0.010069 0.159050 -0.024309
v -0.000000 0.160014 -0.026103
v 0.009989 0.160014 -0.024116
v 0.018458 0.160014 -0.018458
v 0.024116 0.160014 -0.009989
v -0.024116 0.160014 -0.009989
v -0.018458 0.160014 -0.018458
v -0.009989 0.160014 -0.024116
v -0.018413 0.160999 -0.018413
v -0.009965 0.160999 -0.024058
v -0.000000 0.160999 -0.026040
v 0.009965 0.160999 -0.024058
v 0.018413 0.160999 -0.018413
v 0.024058 0.160999 -0.009965
v -0.000000 0.128713 -0.041390
v -0.000000 0.121169 -0.049084
v -0.000000 0.092448 -0.050759
v -0.000000 0.070610 -0.048227
v -0.000000 0.049612 -0.051236
v -0.000000 0.029449 -0.059762
v -0.000000 0.006074 -0.060647
v -0.000000 0.003145 -0.047131
v -0.000000 0.001096 -0.032588
v -0.000000 0.000092 -0.016826
v 0.015839 0.128713 -0.038239
v 0.018784 0.121169 -0.045347
v 0.019424 0.092448 -0.046895
v 0.018455 0.070610 -0.044555
v 0.019607 0.049612 -0.047336
v 0.022870 0.029449 -0.055213
v 0.023209 0.006074 -0.056031
v 0.018036 0.003145 -0.043543
v 0.012471 0.001096 -0.030107
v 0.006439 0.000092 -0.015546
v 0.029267 0.128713 -0.029267
v 0.034707 0.121169 -0.034707
v 0.035892 0.092448 -0.035892
v 0.034101 0.070610 -0.034101
v 0.036229 0.049612 -0.036229
v 0.042258 0.029449 -0.042258
v 0.042884 0.006074 -0.042884
v 0.033327 0.003145 -0.033327
v 0.023043 0.001096 -0.023043
v 0.011898 0.000092 -0.011898
v 0.038239 0.128713 -0.015839
v 0.045347 0.121169 -0.018783
v 0.046895 0.092448 -0.019424
v 0.044556 0.070610 -0.018455
v 0.047336 0.049612 -0.019607
v 0.055213 0.029449 -0.022870
v 0.056031 0.006074 -0.023209
v 0.043543 0.003145 -0.018036
v 0.030107 0.001096 -0.012471
v 0.015546 0.000092 -0.006439
v -0.038239 0.128713 -0.015839
v -0.045347 0.121169 -0.018783
v -0.046895 0.092448 -0.019424
v -0.044556 0.070610 -0.018455
v -0.047336 0.049612 -0.019607
v -0.055213 0.029449 -0.022870
v -0.056031 0.006074 -0.023209
v -0.043543 0.003145 -0.018036
v -0.030107 0.001096 -0.012471
v -0.015546 0.000092 -0.006439
v -0.029267 0.128713 -0.029267
v -0.034707 0.121169 -0.034707
v -0.035892 0.092448 -0.035892
v -0.034101 0.070610 -0.034101
v -0.036229 0.049612 -0.036229
v -0.042258 0.029449 -0.042258
v -0.042884 0.006074 -0.042884
v -0.033327 0.003145 -0.033327
v -0.023043 0.001096 -0.023043
v -0.011898 0.000092 -0.011898
v -0.015839 0.128713 -0.038239
v -0.018784 0.121169 -0.045347
v -0.019424 0.092448 -0.046895
v -0.018455 0.070610 -0.044555
v -0.019607 0.049612 -0.047336
v -0.022870 0.029449 -0.055213
v -0.023209 0.006074 -0.056031
v -0.018036 0.003145 -0.043543
v -0.012471 0.001096 -0.030107
v -0.006439 0.000092 -0.015546
v -0.000000 0.115910 -0.056684
v -0.000000 0.113477 -0.057511
v 0.021692 0.115910 -0.052369
v 0.022008 0.113477 -0.053133
v -0.000000 0.011323 -0.072100
v -0.000000 0.009515 -0.071475
v 0.027591 0.011323 -0.066611
v 0.027352 0.009515 -0.066035
v 0.040082 0.115910 -0.040082
v 0.040666 0.113477 -0.040666
v 0.050982 0.011323 -0.050982
v 0.050541 0.009515 -0.050541
v 0.052369 0.115910 -0.021692
v 0.053133 0.113477 -0.022008
v 0.066611 0.011323 -0.027591
v 0.066035 0.009515 -0.027352
v -0.052369 0.115910 -0.021692
v -0.053133 0.113477 -0.022008
v -0.066611 0.011323 -0.027591
v -0.066035 0.009515 -0.027352
v -0.040082 0.115910 -0.040082
v -0.040666 0.113477 -0.040666
v -0.050982 0.011323 -0.050982
v -0.050541 0.009515 -0.050541
v -0.021692 0.115910 -0.052369
v -0.022008 0.113477 -0.053133
v -0.027591 0.011323 -0.066611
v -0.027352 0.009515 -0.066035
v 0.021993 0.114820 -0.053097
v -0.000000 0.114820 -0.057471
v 0.027664 0.010245 -0.066787
v -0.000000 0.010245 -0.072290
v 0.040638 0.114820 -0.040638
v 0.051117 0.010245 -0.051117
v 0.053097 0.114820 -0.021993
v 0.066787 0.010245 -0.027664
v -0.053097 0.114820 -0.021993
v -0.066787 0.010245 -0.027664
v -0.040638 0.114820 -0.040638
v -0.051117 0.010245 -0.051117
v -0.021993 0.114820 -0.053097
v -0.027664 0.010245 -0.066787
v 0.032289 0.137668 -0.013374
v 0.024713 0.137668 -0.024713
v 0.013374 0.137668 -0.032289
v -0.013374 0.137668 -0.032289
v -0.024713 0.137668 -0.024713
v -0.032289 0.137668 -0.013374
v -0.000000 0.137668 -0.034949
v -0.023366 0.164062 -0.012818
v -0.010464 0.164062 -0.023897
v -0.000421 0.164062 -0.026110
v 0.009708 0.164062 -0.024265
v 0.018340 0.164062 -0.018640
v 0.024127 0.164062 -0.010109
v -0.024058 0.160999 -0.009965
v -0.018930 0.164062 -0.017932
v 0.057471 0.114820 0.000000
v 0.057511 0.113477 0.000000
v 0.056684 0.115910 0.000000
v 0.049084 0.121169 0.000000
v 0.041390 0.128713 0.000000
v 0.048227 0.070610 0.000000
v 0.050759 0.092448 0.000000
v 0.072290 0.010245 0.000000
v 0.071475 0.009515 0.000000
v 0.072100 0.011323 0.000000
v 0.047131 0.003145 0.000000
v 0.060647 0.006074 0.000000
v 0.059762 0.029449 0.000000
v 0.051236 0.049612 0.000000
v 0.026162 0.164062 0.000000
v 0.026285 0.167124 0.000000
v 0.026312 0.159050 0.000000
v 0.026103 0.160014 0.000000
v 0.026040 0.160999 0.000000
v 0.034949 0.137668 0.000000
v 0.029880 0.148166 0.000000
v 0.016826 0.000092 0.000000
v 0.032588 0.001096 0.000000
v -0.026040 0.160999 0.000000
v -0.026312 0.159050 0.000000
v -0.026103 0.160014 0.000000
v -0.034949 0.137668 0.000000
v -0.029880 0.148166 0.000000
v -0.016826 0.000092 0.000000
v -0.032588 0.001096 0.000000
v -0.057471 0.114820 0.000000
v -0.057511 0.113477 0.000000
v -0.056684 0.115910 0.000000
v -0.049084 0.121169 0.000000
v -0.041390 0.128713 0.000000
v -0.048227 0.070610 0.000000
v -0.050759 0.092448 0.000000
v -0.072290 0.010245 0.000000
v -0.071475 0.009515 0.000000
v -0.072100 0.011323 0.000000
v -0.047131 0.003145 0.000000
v -0.060647 0.006074 0.000000
v -0.059762 0.029449 0.000000
v -0.051236 0.049612 0.000000
v -0.018930 0.164062 0.017932
v -0.020197 0.188562 0.015919
v -0.022804 0.187031 0.014324
v -0.014460 0.188562 0.022609
v -0.033180 0.187031 0.011767
v -0.034525 0.185500 0.010340
v -0.037020 0.185500 0.000000
v -0.034525 0.185500 -0.010340
v -0.033180 0.187031 -0.011766
v -0.022804 0.187031 -0.014323
v -0.020197 0.188562 -0.015919
v -0.014460 0.188562 -0.022608
v -0.003786 0.188562 -0.026673
v 0.007649 0.188562 -0.025919
v 0.017757 0.188562 -0.020455
v 0.024681 0.188562 -0.011259
v 0.027143 0.188562 0.000000
v 0.024681 0.188562 0.011259
v 0.017757 0.188562 0.020455
v 0.007649 0.188562 0.025919
v -0.003786 0.188562 0.026673
v 0.000000 0.000000 0.000000
v 0.006073 0.000000 0.000000
v 0.004718 0.000000 -0.004718
v 0.000000 0.000000 -0.006073
v -0.004718 0.000000 -0.004718
v -0.006073 0.000000 0.000000
v -0.004718 -0.000000 0.004718
v 0.000000 -0.000000 0.006073
v 0.004718 -0.000000 0.004718
v 0.003018 0.000000 -0.003018
v 0.003018 -0.000000 0.003018
v 0.003277 0.000000 0.000000
v 0.005594 0.000000 -0.002759
v 0.002759 0.000000 -0.005594
v -0.003018 0.000000 -0.003018
v 0.000000 0.000000 -0.003277
v -0.002759 0.000000 -0.005594
v -0.005594 0.000000 -0.002759
v -0.003018 -0.000000 0.003018
v -0.003277 0.000000 0.000000
v -0.005594 -0.000000 0.002759
v -0.002759 -0.000000 0.005594
v 0.000000 -0.000000 0.003277
v 0.002759 -0.000000 0.005594
v 0.005594 -0.000000 0.002759
v -0.014358 0.167129 0.019606
v -0.010404 0.167155 0.022675
v -0.000768 0.167157 0.024983
v 0.009043 0.167162 0.023344
v 0.017446 0.167165 0.017993
v 0.023096 0.167167 0.009777
v -0.000000 0.147717 0.028768
v 0.011009 0.147717 0.026578
v 0.020342 0.147717 0.020342
v 0.026578 0.147717 0.011009
v -0.026578 0.147717 0.011009
v -0.020342 0.147717 0.020342
v -0.011009 0.147717 0.026578
v 0.000000 0.158736 0.025154
v 0.009626 0.158736 0.023239
v 0.017786 0.158736 0.017786
v 0.023239 0.158736 0.009626
v -0.023239 0.158736 0.009626
v -0.017786 0.158736 0.017786
v -0.009626 0.158736 0.023239
v 0.000000 0.159849 0.024914
v 0.009534 0.159849 0.023018
v 0.017617 0.159849 0.017617
v 0.023018 0.159849 0.009534
v -0.023018 0.159849 0.009534
v -0.017617 0.159849 0.017617
v -0.009534 0.159849 0.023018
v -0.017574 0.161026 0.017556
v -0.009500 0.160968 0.022952
v 0.000006 0.160973 0.024840
v 0.009510 0.160977 0.022948
v 0.017567 0.160980 0.017563
v 0.022950 0.160982 0.009505
v 0.000000 0.127932 0.040479
v 0.000000 0.120244 0.048320
v 0.000000 0.092702 0.049586
v 0.000000 0.070594 0.047027
v 0.000000 0.049290 0.050080
v 0.000000 0.028875 0.058709
v 0.000000 0.007233 0.060338
v 0.000000 0.004326 0.046920
v 0.000000 0.002290 0.032466
v 0.000000 0.001291 0.016783
v 0.015491 0.127932 0.037398
v 0.018491 0.120244 0.044641
v 0.018976 0.092702 0.045811
v 0.017996 0.070594 0.043447
v 0.019165 0.049290 0.046268
v 0.022467 0.028875 0.054240
v 0.023091 0.007233 0.055745
v 0.017956 0.004326 0.043348
v 0.012424 0.002290 0.029995
v 0.006423 0.001291 0.015506
v 0.028623 0.127932 0.028623
v 0.034167 0.120244 0.034167
v 0.035062 0.092702 0.035063
v 0.033253 0.070594 0.033253
v 0.035412 0.049290 0.035412
v 0.041513 0.028875 0.041513
v 0.042666 0.007233 0.042666
v 0.033177 0.004326 0.033177
v 0.022957 0.002290 0.022957
v 0.011867 0.001291 0.011867
v 0.037398 0.127932 0.015491
v 0.044641 0.120244 0.018491
v 0.045811 0.092702 0.018976
v 0.043447 0.070594 0.017996
v 0.046268 0.049290 0.019165
v 0.054240 0.028875 0.022467
v 0.055745 0.007233 0.023091
v 0.043348 0.004326 0.017956
v 0.029995 0.002290 0.012424
v 0.015506 0.001291 0.006423
v -0.037398 0.127932 0.015491
v -0.044641 0.120244 0.018491
v -0.045811 0.092702 0.018976
v -0.043447 0.070594 0.017996
v -0.046268 0.049290 0.019165
v -0.054240 0.028875 0.022467
v -0.055745 0.007233 0.023091
v -0.043348 0.004326 0.017956
v -0.029995 0.002290 0.012424
v -0.015506 0.001291 0.006423
v -0.028623 0.127932 0.028623
v -0.034167 0.120244 0.034167
v -0.035062 0.092702 0.035063
v -0.033253 0.070594 0.033253
v -0.035412 0.049290 0.035412
v -0.041513 0.028875 0.041513
v -0.042666 0.007233 0.042666
v -0.033177 0.004326 0.033177
v -0.022957 0.002290 0.022957
v -0.011867 0.001291 0.011867
v -0.015491 0.127932 0.037398
v -0.018491 0.120244 0.044641
v -0.018976 0.092702 0.045811
v -0.017996 0.070594 0.043447
v -0.019165 0.049290 0.046268
v -0.022467 0.028875 0.054240
v -0.023091 0.007233 0.055745
v -0.017956 0.004326 0.043348
v -0.012424 0.002290 0.029995
v -0.006423 0.001291 0.015506
v 0.000000 0.115053 0.055845
v 0.000000 0.113645 0.056323
v 0.021371 0.115053 0.051594
v 0.021554 0.113645 0.052035
v 0.000000 0.010870 0.070988
v -0.000000 0.010557 0.070880
v 0.027166 0.010870 0.065585
v 0.027125 0.010557 0.065485
v 0.039488 0.115053 0.039488
v 0.039826 0.113645 0.039826
v 0.050196 0.010870 0.050196
v 0.050120 0.010557 0.050120
v 0.051594 0.115053 0.021371
v 0.052035 0.113645 0.021554
v 0.065585 0.010870 0.027166
v 0.065485 0.010557 0.027125
v -0.051594 0.115053 0.021371
v -0.052035 0.113645 0.021554
v -0.065585 0.010870 0.027166
v -0.065485 0.010557 0.027125
v -0.039488 0.115053 0.039488
v -0.039826 0.113645 0.039826
v -0.050196 0.010870 0.050196
v -0.050120 0.010557 0.050120
v -0.021371 0.115053 0.051594
v -0.021554 0.113645 0.052035
v -0.027166 0.010870 0.065585
v -0.027125 0.010557 0.065485
v 0.021559 0.114433 0.052047
v 0.000000 0.114433 0.056336
v 0.027193 0.010640 0.065649
v -0.000000 0.010640 0.071058
v 0.039835 0.114433 0.039835
v 0.050246 0.010640 0.050246
v 0.052047 0.114433 0.021559
v 0.065649 0.010640 0.027193
v -0.052047 0.114433 0.021559
v -0.065649 0.010640 0.027193
v -0.039835 0.114433 0.039835
v -0.050246 0.010640 0.050246
v -0.021559 0.114433 0.052047
v -0.027193 0.010640 0.065649
v 0.031336 0.137054 0.012980
v 0.023984 0.137054 0.023984
v 0.012980 0.137054 0.031336
v -0.012980 0.137054 0.031336
v -0.023984 0.137054 0.023984
v -0.031336 0.137054 0.012980
v 0.000000 0.137054 0.033918
v -0.022568 0.164284 0.011950
v -0.009980 0.164076 0.022799
v -0.000399 0.164088 0.024911
v 0.009264 0.164095 0.023150
v 0.017500 0.164100 0.017784
v 0.023021 0.164104 0.009645
v -0.023007 0.161191 0.009419
v -0.014358 0.167129 -0.019605
v -0.010404 0.167155 -0.022675
v -0.000768 0.167157 -0.024983
v 0.009043 0.167162 -0.023344
v 0.017446 0.167165 -0.017993
v 0.023096 0.167167 -0.009777
v -0.000000 0.147717 -0.028768
v 0.011009 0.147717 -0.026578
v 0.020342 0.147717 -0.020342
v 0.026578 0.147717 -0.011009
v -0.026578 0.147717 -0.011009
v -0.020342 0.147717 -0.020342
v -0.011009 0.147717 -0.026578
v -0.000000 0.158736 -0.025153
v 0.009626 0.158736 -0.023239
v 0.017786 0.158736 -0.017786
v 0.023239 0.158736 -0.009626
v -0.023239 0.158736 -0.009626
v -0.017786 0.158736 -0.017786
v -0.009626 0.158736 -0.023239
v -0.000000 0.159849 -0.024914
v 0.009534 0.159849 -0.023018
v 0.017617 0.159849 -0.017617
v 0.023018 0.159849 -0.009534
v -0.023018 0.159849 -0.009534
v -0.017617 0.159849 -0.017617
v -0.009534 0.159849 -0.023018
v -0.017574 0.161026 -0.017556
v -0.009500 0.160968 -0.022952
v 0.000006 0.160973 -0.024840
v 0.009510 0.160977 -0.022948
v 0.017567 0.160980 -0.017563
v 0.022950 0.160982 -0.009505
v 0.000000 0.127932 -0.040479
v -0.000000 0.120244 -0.048319
v -0.000000 0.092702 -0.049586
v -0.000000 0.070594 -0.047027
v -0.000000 0.049290 -0.050080
v -0.000000 0.028875 -0.058708
v -0.000000 0.007233 -0.060338
v -0.000000 0.004326 -0.046920
v -0.000000 0.002290 -0.032466
v -0.000000 0.001291 -0.016783
v 0.015491 0.127932 -0.037398
v 0.018491 0.120244 -0.044641
v 0.018976 0.092702 -0.045811
v 0.017996 0.070594 -0.043447
v 0.019165 0.049290 -0.046268
v 0.022467 0.028875 -0.054240
v 0.023091 0.007233 -0.055745
v 0.017956 0.004326 -0.043348
v 0.012424 0.002290 -0.029995
v 0.006423 0.001291 -0.015506
v 0.028623 0.127932 -0.028623
v 0.034167 0.120244 -0.034167
v 0.035062 0.092702 -0.035062
v 0.033253 0.070594 -0.033253
v 0.035412 0.049290 -0.035412
v 0.041513 0.028875 -0.041513
v 0.042666 0.007233 -0.042666
v 0.033177 0.004326 -0.033177
v 0.022957 0.002290 -0.022957
v 0.011867 0.001291 -0.011867
v 0.037398 0.127932 -0.015491
v 0.044641 0.120244 -0.018491
v 0.045811 0.092702 -0.018976
v 0.043447 0.070594 -0.017996
v 0.046268 0.049290 -0.019165
v 0.054240 0.028875 -0.022467
v 0.055745 0.007233 -0.023090
v 0.043348 0.004326 -0.017956
v 0.029995 0.002290 -0.012424
v 0.015506 0.001291 -0.006423
v -0.037398 0.127932 -0.015491
v -0.044641 0.120244 -0.018491
v -0.045811 0.092702 -0.018976
v -0.043447 0.070594 -0.017996
v -0.046268 0.049290 -0.019165
v -0.054240 0.028875 -0.022467
v -0.055745 0.007233 -0.023090
v -0.043348 0.004326 -0.017956
v -0.029995 0.002290 -0.012424
v -0.015506 0.001291 -0.006423
v -0.028623 0.127932 -0.028623
v -0.034167 0.120244 -0.034167
v -0.035062 0.092702 -0.035062
v -0.033253 0.070594 -0.033253
v -0.035412 0.049290 -0.035412
v -0.041513 0.028875 -0.041513
v -0.042666 0.007233 -0.042666
v -0.033177 0.004326 -0.033177
v -0.022957 0.002290 -0.022957
v -0.011867 0.001291 -0.011867
v -0.015491 0.127932 -0.037398
v -0.018491 0.120244 -0.044641
v -0.018976 0.092702 -0.045811
v -0.017996 0.070594 -0.043447
v -0.019165 0.049290 -0.046268
v -0.022467 0.028875 -0.054240
v -0.023091 0.007233 -0.055745
v -0.017956 0.004326 -0.043348
v -0.012424 0.002290 -0.029995
v -0.006423 0.001291 -0.015506
v -0.000000 0.115053 -0.055845
v -0.000000 0.113645 -0.056323
v 0.021371 0.115053 -0.051594
v 0.021554 0.113645 -0.052035
v -0.000000 0.010870 -0.070988
v -0.000000 0.010558 -0.070880
v 0.027166 0.010870 -0.065585
v 0.027125 0.010558 -0.065485
v 0.039488 0.115053 -0.039488
v 0.039826 0.113645 -0.039826
v 0.050196 0.010870 -0.050196
v 0.050120 0.010558 -0.050120
v 0.051594 0.115053 -0.021371
v 0.052035 0.113645 -0.021554
v 0.065585 0.010870 -0.027166
v 0.065485 0.010558 -0.027125
v -0.051594 0.115053 -0.021371
v -0.052035 0.113645 -0.021554
v -0.065585 0.010870 -0.027166
v -0.065485 0.010558 -0.027125
v -0.039488 0.115053 -0.039488
v -0.039826 0.113645 -0.039826
v -0.050196 0.010870 -0.050196
v -0.050120 0.010558 -0.050120
v -0.021371 0.115053 -0.051594
v -0.021554 0.113645 -0.052035
v -0.027166 0.010870 -0.065585
v -0.027125 0.010558 -0.065485
v 0.021559 0.114433 -0.052047
v -0.000000 0.114433 -0.056335
v 0.027193 0.010641 -0.065649
v -0.000000 0.010641 -0.071058
v 0.039835 0.114433 -0.039835
v 0.050246 0.010641 -0.050246
v 0.052047 0.114433 -0.021559
v 0.065649 0.010641 -0.027193
v -0.052047 0.114433 -0.021559
v -0.065649 0.010641 -0.027193
v -0.039835 0.114433 -0.039835
v -0.050246 0.010641 -0.050246
v -0.021559 0.114433 -0.052047
v -0.027193 0.010641 -0.065649
v 0.031336 0.137054 -0.012980
v 0.023984 0.137054 -0.023983
v 0.012980 0.137054 -0.031336
v -0.012980 0.137054 -0.031336
v -0.023984 0.137054 -0.023983
v -0.031336 0.137054 -0.012980
v -0.000000 0.137054 -0.033918
v -0.022568 0.164284 -0.011950
v -0.009980 0.164076 -0.022799
v -0.000399 0.164088 -0.024911
v 0.009264 0.164095 -0.023150
v 0.017500 0.164100 -0.017784
v 0.023021 0.164104 -0.009645
v -0.023007 0.161191 -0.009419
v -0.018207 0.164116 -0.016975
v 0.056336 0.114433 0.000000
v 0.056323 0.113645 0.000000
v 0.055845 0.115053 0.000000
v 0.048319 0.120244 0.000000
v 0.040479 0.127932 0.000000
v 0.047027 0.070594 0.000000
v 0.049586 0.092702 0.000000
v 0.071058 0.010641 0.000000
v 0.070880 0.010557 0.000000
v 0.070988 0.010870 0.000000
v 0.046920 0.004326 0.000000
v 0.060338 0.007233 0.000000
v 0.058709 0.028875 0.000000
v 0.050080 0.049290 0.000000
v 0.024963 0.164105 0.000000
v 0.025086 0.167167 0.000000
v 0.025153 0.158736 0.000000
v 0.024914 0.159849 0.000000
v 0.024840 0.160982 0.000000
v 0.033918 0.137054 0.000000
v 0.028768 0.147717 0.000000
v 0.016783 0.001291 0.000000
v 0.032466 0.002290 0.000000
v -0.024858 0.161208 0.000000
v -0.025153 0.158736 0.000000
v -0.024914 0.159849 0.000000
v -0.033918 0.137054 0.000000
v -0.028768 0.147717 0.000000
v -0.016783 0.001291 0.000000
v -0.032466 0.002290 0.000000
v -0.056336 0.114433 0.000000
v -0.056323 0.113645 0.000000
v -0.055845 0.115053 0.000000
v -0.048319 0.120244 0.000000
v -0.040479 0.127932 0.000000
v -0.047027 0.070594 0.000000
v -0.049586 0.092702 0.000000
v -0.071058 0.010641 0.000000
v -0.070880 0.010557 0.000000
v -0.070988 0.010870 0.000000
v -0.046920 0.004326 0.000000
v -0.060338 0.007233 0.000000
v -0.058709 0.028875 0.000000
v -0.050080 0.049290 0.000000
v -0.018207 0.164116 0.016975
v -0.019420 0.188569 0.015005
v -0.022309 0.186993 0.013231
v -0.013779 0.188624 0.021623
v -0.032680 0.187155 0.010683
v -0.033602 0.185894 0.009683
v -0.035921 0.185982 0.000000
v -0.033602 0.185894 -0.009683
v -0.032680 0.187155 -0.010683
v -0.022309 0.186993 -0.013231
v -0.019420 0.188569 -0.015005
v -0.013779 0.188624 -0.021622
v -0.003611 0.188609 -0.025487
v 0.007315 0.188608 -0.024768
v 0.016974 0.188607 -0.019547
v 0.023591 0.188606 -0.010760
v 0.025943 0.188606 0.000000
v 0.023591 0.188606 0.010760
v 0.016974 0.188607 0.019547
v 0.007315 0.188608 0.024768
v -0.003611 0.188609 0.025487
v 0.000000 0.001200 0.000000
v 0.006068 0.001200 0.000000
v 0.004713 0.001200 -0.004713
v 0.000000 0.001200 -0.006068
v -0.004713 0.001200 -0.004713
v -0.006068 0.001200 0.000000
v -0.004713 0.001200 0.004713
v 0.000000 0.001200 0.006068
v 0.004713 0.001200 0.004713
v 0.003018 0.001200 -0.003018
v 0.003018 0.001200 0.003018
v 0.003277 0.001200 0.000000
v 0.005589 0.001200 -0.002757
v 0.002757 0.001200 -0.005589
v -0.003018 0.001200 -0.003018
v 0.000000 0.001200 -0.003277
v -0.002757 0.001200 -0.005589
v -0.005589 0.001200 -0.002757
v -0.003018 0.001200 0.003018
v -0.003277 0.001200 0.000000
v -0.005589 0.001200 0.002757
v -0.002757 0.001200 0.005589
v 0.000000 0.001200 0.003277
v 0.002757 0.001200 0.005589
v 0.005589 0.001200 0.002757
v 0.044711 0.195018 0.000000
v 0.041092 0.194421 0.000000
v 0.037800 0.194454 0.000000
v 0.034972 0.195021 0.000000
v 0.031735 0.197262 0.000000
v 0.024923 0.199281 0.011763
v 0.021212 0.199281 0.016506
v 0.023731 0.199169 0.018477
v 0.027813 0.199155 0.013132
v 0.027203 0.199281 0.004411
v 0.027503 0.199281 0.002064
v 0.030658 0.200097 0.000000
v 0.042341 0.192640 0.002400
v 0.037800 0.192334 0.002400
v 0.049708 0.190450 0.002400
v 0.049708 0.190450 0.000000
v 0.053176 0.188861 0.000000
v 0.051587 0.194400 0.002400
v 0.033971 0.193487 0.002400
v 0.033143 0.198781 0.005551
v 0.054082 0.091730 0.000000
v 0.060760 0.112453 0.000000
v 0.051626 0.070656 0.000000
v 0.054512 0.050522 0.000000
v 0.047627 0.070602 0.000000
v 0.050658 0.049451 0.000000
v 0.050172 0.092575 0.000000
v 0.056917 0.113561 0.000000
v 0.059510 0.120950 0.000000
v 0.063063 0.119112 0.000000
v 0.062566 0.181124 0.000000
v 0.057825 0.185698 0.000000
v 0.073181 0.143449 0.000000
v 0.068714 0.131375 0.000000
v 0.075380 0.155128 0.000000
v 0.074624 0.166141 0.000000
v 0.065415 0.183864 0.000000
v 0.060231 0.188867 0.000000
v 0.069257 0.144291 0.000000
v 0.064998 0.132787 0.000000
v 0.070523 0.165196 0.000000
v 0.071227 0.155158 0.000000
v 0.067221 0.174114 0.000000
v 0.070766 0.176058 0.000000
v 0.055324 0.192235 0.000000
v 0.051587 0.194400 0.000000
v 0.042341 0.192640 0.000000
v 0.037800 0.192334 0.000000
v 0.033971 0.193487 0.000000
v 0.027583 0.199281 0.000000
v 0.060278 0.036941 0.000000
v 0.056570 0.035465 0.000000
v 0.024923 0.199281 -0.011763
v 0.021212 0.199281 -0.016506
v 0.027813 0.199155 -0.013132
v 0.023731 0.199169 -0.018476
v 0.027203 0.199281 -0.004411
v 0.027503 0.199281 -0.002064
v 0.042341 0.192640 -0.002400
v 0.037800 0.192334 -0.002400
v 0.049708 0.190450 -0.002400
v 0.051587 0.194400 -0.002400
v 0.033971 0.193487 -0.002400
v 0.033143 0.198781 -0.005550
v 0.055699 0.053360 0.000000
v 0.055508 0.054944 0.000000
v 0.055342 0.054906 0.001586
v 0.055560 0.053456 0.001461
v 0.055487 0.051921 0.000000
v 0.055407 0.052141 0.001336
v 0.055073 0.052499 0.002284
v 0.055098 0.053478 0.002708
v 0.054825 0.054786 0.002940
v 0.055342 0.054906 -0.001586
v 0.055560 0.053456 -0.001461
v 0.054825 0.054786 -0.002940
v 0.055098 0.053478 -0.002708
v 0.055407 0.052141 -0.001336
v 0.055073 0.052499 -0.002284
v 0.054985 0.056451 0.000000
v 0.054902 0.056303 -0.001461
v 0.054164 0.057651 0.000000
v 0.054188 0.057418 -0.001336
v 0.054497 0.056081 -0.002708
v 0.054045 0.056950 -0.002284
v 0.054902 0.056303 0.001461
v 0.054497 0.056081 0.002708
v 0.054045 0.056950 0.002284
v 0.054188 0.057418 0.001336
v 0.054413 0.052534 0.000000
v 0.054376 0.052696 0.000802
v 0.054274 0.053134 0.001486
v 0.054121 0.053801 0.001936
v 0.053940 0.054582 0.002102
v 0.053760 0.055363 0.001936
v 0.053606 0.056030 0.001486
v 0.053505 0.056468 0.000802
v 0.053467 0.056630 0.000000
v 0.053505 0.056468 -0.000802
v 0.053606 0.056030 -0.001486
v 0.053760 0.055363 -0.001936
v 0.053940 0.054582 -0.002102
v 0.054121 0.053801 -0.001936
v 0.054274 0.053134 -0.001486
v 0.054376 0.052696 -0.000802
v 0.054563 0.053272 0.003237
v 0.054237 0.054650 0.003531
v 0.054806 0.052216 0.002500
v 0.054972 0.051498 0.001417
v 0.055031 0.051209 0.000000
v 0.054972 0.051498 -0.001417
v 0.054806 0.052216 -0.002500
v 0.054563 0.053272 -0.003237
v 0.054237 0.054650 -0.003531
v 0.053925 0.056032 -0.003237
v 0.053681 0.057088 -0.002500
v 0.053516 0.057806 -0.001417
v 0.053443 0.058091 0.000000
v 0.053516 0.057806 0.001417
v 0.053681 0.057088 0.002500
v 0.053925 0.056032 0.003237
v 0.054715 0.051228 0.000000
v 0.054653 0.051494 0.001313
v 0.054488 0.052210 0.002434
v 0.054235 0.053303 0.003169
v 0.053940 0.054582 0.003442
v 0.053645 0.055861 0.003169
v 0.053393 0.056954 0.002434
v 0.053227 0.057670 0.001313
v 0.053166 0.057936 0.000000
v 0.053227 0.057670 -0.001313
v 0.053393 0.056954 -0.002434
v 0.053645 0.055861 -0.003169
v 0.053940 0.054582 -0.003442
v 0.054235 0.053303 -0.003169
v 0.054488 0.052210 -0.002434
v 0.054653 0.051494 -0.001313
v 0.054027 0.054602 0.003629
v 0.054345 0.053234 0.003337
v 0.054606 0.052101 0.002567
v 0.054780 0.051351 0.001405
v 0.054844 0.051066 0.000000
v 0.054780 0.051351 -0.001405
v 0.054606 0.052101 -0.002567
v 0.054345 0.053234 -0.003337
v 0.054027 0.054602 -0.003629
v 0.053713 0.055971 -0.003337
v 0.053452 0.057103 -0.002567
v 0.053278 0.057854 -0.001405
v 0.053211 0.058138 0.000000
v 0.053278 0.057854 0.001405
v 0.053452 0.057103 0.002567
v 0.053713 0.055971 0.003337
v 0.039386 0.198400 0.007580
v 0.037800 0.198400 0.007832
v 0.037800 0.196814 0.007580
v 0.039261 0.196939 0.007413
v 0.037800 0.195460 0.006798
v 0.039136 0.195692 0.006756
v 0.040084 0.196116 0.006394
v 0.040508 0.197064 0.006756
v 0.040740 0.198400 0.006798
v 0.036214 0.198400 0.007580
v 0.036339 0.196939 0.007413
v 0.034860 0.198400 0.006798
v 0.035092 0.197064 0.006756
v 0.035516 0.196116 0.006394
v 0.036464 0.195692 0.006756
v 0.037800 0.199986 0.007580
v 0.036339 0.199861 0.007413
v 0.035516 0.200684 0.006394
v 0.035092 0.199736 0.006756
v 0.036464 0.201108 0.006756
v 0.039261 0.199861 0.007413
v 0.040508 0.199736 0.006756
v 0.040084 0.200684 0.006394
v 0.039136 0.201108 0.006756
v 0.037800 0.196298 0.005457
v 0.037800 0.196298 0.000000
v 0.038602 0.196464 0.000000
v 0.038602 0.196464 0.005457
v 0.039286 0.196914 0.000000
v 0.039286 0.196914 0.005457
v 0.039736 0.197598 0.000000
v 0.039736 0.197598 0.005457
v 0.039902 0.198400 0.000000
v 0.039902 0.198400 0.005457
v 0.039736 0.199202 0.000000
v 0.039736 0.199202 0.005457
v 0.039286 0.199886 0.000000
v 0.039286 0.199886 0.005457
v 0.038602 0.200336 0.000000
v 0.038602 0.200336 0.005457
v 0.037800 0.200502 0.000000
v 0.037800 0.200502 0.005457
v 0.036998 0.200336 0.000000
v 0.036998 0.200336 0.005457
v 0.036314 0.199886 0.000000
v 0.036314 0.199886 0.005457
v 0.035864 0.199202 0.000000
v 0.035864 0.199202 0.005457
v 0.035698 0.198400 0.000000
v 0.035698 0.198400 0.005457
v 0.035864 0.197598 0.000000
v 0.035864 0.197598 0.005457
v 0.036314 0.196914 0.000000
v 0.036314 0.196914 0.005457
v 0.036998 0.196464 0.000000
v 0.036998 0.196464 0.005457
v 0.041037 0.196983 0.005917
v 0.041331 0.198400 0.005907
v 0.040300 0.195900 0.005917
v 0.039217 0.195163 0.005917
v 0.037800 0.194869 0.005907
v 0.036383 0.195163 0.005917
v 0.035300 0.195900 0.005917
v 0.034563 0.196983 0.005917
v 0.034269 0.198400 0.005907
v 0.034563 0.199817 0.005917
v 0.035300 0.200900 0.005917
v 0.036383 0.201637 0.005917
v 0.037800 0.201340 0.006798
v 0.037800 0.201931 0.005907
v 0.039217 0.201637 0.005917
v 0.040300 0.200900 0.005917
v 0.041037 0.199817 0.005917
v 0.037800 0.194958 0.005457
v 0.039113 0.195231 0.005457
v 0.040234 0.195966 0.005457
v 0.040969 0.197087 0.005457
v 0.041242 0.198400 0.005457
v 0.040969 0.199713 0.005457
v 0.040234 0.200834 0.005457
v 0.039113 0.201569 0.005457
v 0.037800 0.201842 0.005457
v 0.036487 0.201569 0.005457
v 0.035366 0.200834 0.005457
v 0.034631 0.199713 0.005457
v 0.034358 0.198400 0.005457
v 0.034631 0.197087 0.005457
v 0.035366 0.195966 0.005457
v 0.036487 0.195231 0.005457
v 0.041137 0.196995 0.005592
v 0.041429 0.198400 0.005589
v 0.040367 0.195833 0.005592
v 0.039205 0.195063 0.005592
v 0.037800 0.194771 0.005589
v 0.036396 0.195063 0.005592
v 0.035233 0.195833 0.005592
v 0.034463 0.196995 0.005592
v 0.034171 0.198400 0.005589
v 0.034463 0.199805 0.005592
v 0.035233 0.200967 0.005592
v 0.036396 0.201737 0.005592
v 0.037800 0.202029 0.005589
v 0.039205 0.201737 0.005592
v 0.040367 0.200967 0.005592
v 0.041137 0.199805 0.005592
v 0.037800 0.196814 -0.007580
v 0.037800 0.198400 -0.007832
v 0.039386 0.198400 -0.007580
v 0.039261 0.196939 -0.007413
v 0.037800 0.195460 -0.006798
v 0.039136 0.195692 -0.006756
v 0.040084 0.196116 -0.006394
v 0.040508 0.197064 -0.006756
v 0.040740 0.198400 -0.006798
v 0.036214 0.198400 -0.007580
v 0.036339 0.196939 -0.007413
v 0.034860 0.198400 -0.006798
v 0.035092 0.197064 -0.006756
v 0.036464 0.195692 -0.006756
v 0.035516 0.196116 -0.006394
v 0.037800 0.199986 -0.007580
v 0.036339 0.199861 -0.007413
v 0.035092 0.199736 -0.006756
v 0.035516 0.200684 -0.006394
v 0.036464 0.201108 -0.006756
v 0.039261 0.199861 -0.007413
v 0.040508 0.199736 -0.006756
v 0.040084 0.200684 -0.006394
v 0.039136 0.201108 -0.006756
v 0.037800 0.196298 -0.005457
v 0.038602 0.196464 -0.005457
v 0.039286 0.196914 -0.005457
v 0.039736 0.197598 -0.005457
v 0.039902 0.198400 -0.005457
v 0.039736 0.199202 -0.005457
v 0.039286 0.199886 -0.005457
v 0.038602 0.200336 -0.005457
v 0.037800 0.200502 -0.005457
v 0.036998 0.200336 -0.005457
v 0.036314 0.199886 -0.005457
v 0.035864 0.199202 -0.005457
v 0.035698 0.198400 -0.005457
v 0.035864 0.197598 -0.005457
v 0.036314 0.196914 -0.005457
v 0.036998 0.196464 -0.005457
v 0.041037 0.196983 -0.005917
v 0.041331 0.198400 -0.005907
v 0.040300 0.195900 -0.005916
v 0.039217 0.195163 -0.005917
v 0.037800 0.194869 -0.005907
v 0.036383 0.195163 -0.005917
v 0.035300 0.195900 -0.005916
v 0.034563 0.196983 -0.005917
v 0.034269 0.198400 -0.005907
v 0.034563 0.199817 -0.005917
v 0.035300 0.200900 -0.005916
v 0.036383 0.201637 -0.005917
v 0.037800 0.201340 -0.006798
v 0.037800 0.201931 -0.005907
v 0.039217 0.201637 -0.005917
v 0.040300 0.200900 -0.005916
v 0.041037 0.199817 -0.005917
v 0.037800 0.194958 -0.005457
v 0.039113 0.195231 -0.005457
v 0.040234 0.195966 -0.005457
v 0.040969 0.197087 -0.005457
v 0.041242 0.198400 -0.005457
v 0.040969 0.199713 -0.005457
v 0.040234 0.200834 -0.005457
v 0.039113 0.201569 -0.005457
v 0.037800 0.201842 -0.005457
v 0.036487 0.201569 -0.005457
v 0.035366 0.200834 -0.005457
v 0.034631 0.199713 -0.005457
v 0.034358 0.198400 -0.005457
v 0.034631 0.197087 -0.005457
v 0.035366 0.195966 -0.005457
v 0.036487 0.195231 -0.005457
v 0.041429 0.198400 -0.005589
v 0.041137 0.196995 -0.005592
v 0.040367 0.195833 -0.005592
v 0.039205 0.195063 -0.005592
v 0.037800 0.194771 -0.005589
v 0.036396 0.195063 -0.005592
v 0.035233 0.195833 -0.005592
v 0.034463 0.196995 -0.005592
v 0.034171 0.198400 -0.005589
v 0.034463 0.199805 -0.005592
v 0.035233 0.200967 -0.005592
v 0.036396 0.201737 -0.005592
v 0.037800 0.202029 -0.005589
v 0.039205 0.201737 -0.005592
v 0.040367 0.200967 -0.005592
v 0.041137 0.199805 -0.005592
v 0.050993 0.054664 0.000743
v 0.050942 0.054883 0.000401
v 0.050924 0.054964 0.000000
v 0.050942 0.054883 -0.000401
v 0.050993 0.054664 -0.000743
v 0.051070 0.054331 -0.000968
v 0.051160 0.053940 -0.001051
v 0.051250 0.053549 -0.000968
v 0.051327 0.053216 -0.000743
v 0.051378 0.052997 -0.000401
v 0.051397 0.052916 0.000000
v 0.051378 0.052997 0.000401
v 0.051327 0.053216 0.000743
v 0.051250 0.053549 0.000968
v 0.051160 0.053940 0.001051
v 0.051070 0.054331 0.000968
v 0.051070 0.054331 -0.000401
v 0.051070 0.054331 0.000000
v 0.051160 0.053940 -0.000401
v 0.051160 0.053940 0.000000
v 0.051250 0.053549 -0.000401
v 0.051250 0.053549 0.000000
v 0.051250 0.053549 0.000401
v 0.051160 0.053940 0.000401
v 0.051070 0.054331 0.000401
v -0.045068 0.209696 0.009923
v -0.045154 0.209289 0.010181
v -0.045164 0.209540 0.010094
v -0.026582 0.209978 0.010414
v -0.026625 0.209687 0.010764
v -0.026615 0.209902 0.010643
v -0.025215 0.209686 0.011362
v -0.025074 0.210002 0.011045
v -0.025184 0.209909 0.011251
v -0.017905 0.209685 0.021498
v -0.017753 0.210021 0.021222
v -0.017874 0.209914 0.021411
v -0.006687 0.209685 0.027158
v -0.006665 0.210015 0.026839
v -0.006693 0.209912 0.027065
v 0.005874 0.209684 0.027346
v 0.005767 0.210014 0.027041
v 0.005835 0.209912 0.027261
v 0.017254 0.209684 0.022021
v 0.017032 0.210013 0.021782
v 0.017186 0.209911 0.021956
v 0.025159 0.209684 0.012251
v 0.024859 0.210013 0.012121
v 0.025071 0.209911 0.012217
v -0.042760 0.209636 0.010729
v -0.042851 0.209972 0.010411
v -0.042818 0.209865 0.010632
v -0.045154 0.209289 -0.010181
v -0.045068 0.209696 -0.009923
v -0.045164 0.209540 -0.010094
v -0.026582 0.209978 -0.010414
v -0.026625 0.209687 -0.010764
v -0.026615 0.209902 -0.010643
v -0.025074 0.210002 -0.011045
v -0.025215 0.209686 -0.011362
v -0.025184 0.209909 -0.011251
v -0.017753 0.210021 -0.021222
v -0.017905 0.209685 -0.021498
v -0.017874 0.209914 -0.021411
v -0.006665 0.210015 -0.026839
v -0.006687 0.209685 -0.027158
v -0.006693 0.209912 -0.027065
v 0.005767 0.210014 -0.027041
v 0.005874 0.209684 -0.027346
v 0.005835 0.209912 -0.027261
v 0.017032 0.210013 -0.021782
v 0.017254 0.209684 -0.022020
v 0.017186 0.209911 -0.021956
v 0.024859 0.210013 -0.012121
v 0.025159 0.209684 -0.012251
v 0.025071 0.209911 -0.012217
v -0.042851 0.209972 -0.010411
v -0.042760 0.209636 -0.010729
v -0.042818 0.209865 -0.010632
v 0.027660 0.210012 0.000000
v 0.027987 0.209684 0.000000
v 0.027893 0.209911 0.000000
v -0.048350 0.208495 0.000000
v -0.048200 0.208932 0.000000
v -0.048360 0.208751 0.000000
v -0.044689 0.209857 0.009490
v -0.044320 0.209640 0.009237
v -0.044487 0.209835 0.009328
v -0.026412 0.209940 0.009877
v -0.026261 0.209604 0.009624
v -0.026324 0.209833 0.009681
v -0.024718 0.210007 0.010635
v -0.024429 0.209695 0.010456
v -0.024535 0.209916 0.010494
v -0.017167 0.209761 0.020555
v -0.017420 0.210055 0.020797
v -0.017255 0.209978 0.020630
v -0.006560 0.210040 0.026315
v -0.006453 0.209740 0.025982
v -0.006492 0.209958 0.026089
v 0.005639 0.210036 0.026529
v 0.005584 0.209734 0.026183
v 0.005598 0.209953 0.026294
v 0.016701 0.210034 0.021377
v 0.016494 0.209731 0.021093
v 0.016558 0.209951 0.021185
v 0.024388 0.210032 0.011898
v 0.024075 0.209729 0.011738
v 0.024174 0.209949 0.011790
v -0.042772 0.210014 0.009849
v -0.042591 0.209720 0.009560
v -0.042679 0.209937 0.009641
v -0.044320 0.209640 -0.009237
v -0.044689 0.209857 -0.009490
v -0.044487 0.209835 -0.009328
v -0.026412 0.209940 -0.009877
v -0.026261 0.209604 -0.009624
v -0.026324 0.209833 -0.009681
v -0.024429 0.209695 -0.010456
v -0.024718 0.210007 -0.010635
v -0.024535 0.209916 -0.010494
v -0.017420 0.210055 -0.020797
v -0.017167 0.209761 -0.020555
v -0.017255 0.209978 -0.020630
v -0.006453 0.209740 -0.025982
v -0.006560 0.210040 -0.026315
v -0.006492 0.209958 -0.026088
v 0.005584 0.209734 -0.026183
v 0.005639 0.210036 -0.026529
v 0.005598 0.209953 -0.026294
v 0.016494 0.209731 -0.021093
v 0.016701 0.210034 -0.021377
v 0.016558 0.209951 -0.021185
v 0.024075 0.209729 -0.011738
v 0.024388 0.210032 -0.011898
v 0.024174 0.209949 -0.011790
v -0.042591 0.209720 -0.009560
v -0.042772 0.210014 -0.009849
v -0.042679 0.209937 -0.009641
v 0.027140 0.210032 0.000000
v 0.026788 0.209728 0.000000
v 0.026900 0.209948 0.000000
v -0.047250 0.208975 0.000000
v -0.047705 0.209150 0.000000
v -0.047451 0.209153 0.000000
v 0.034972 0.195021 0.002000
v 0.035174 0.195322 0.002400
v 0.035047 0.195106 0.002283
v 0.035845 0.196319 0.002400
v 0.036103 0.196703 0.002800
v 0.036030 0.196568 0.002517
v 0.037800 0.196000 0.002800
v 0.037800 0.195512 0.002400
v 0.037800 0.195844 0.002517
v 0.037800 0.194802 0.002400
v 0.037800 0.194454 0.002000
v 0.037792 0.194558 0.002283
v 0.041092 0.194421 0.002000
v 0.040775 0.194774 0.002400
v 0.040936 0.194521 0.002283
v 0.044587 0.195403 0.002400
v 0.044711 0.195018 0.002000
v 0.044674 0.195132 0.002283
v 0.031735 0.197262 0.002000
v 0.032163 0.197395 0.002400
v 0.031888 0.197280 0.002283
v 0.048196 0.196364 0.000000
v 0.047491 0.196387 0.000000
v 0.047846 0.196454 0.000000
v 0.046922 0.196553 0.002400
v 0.047487 0.196732 0.002800
v 0.048196 0.196364 0.002400
v 0.047491 0.196387 0.002000
v 0.047239 0.196718 0.002517
v 0.047683 0.196536 0.002400
v 0.047845 0.196555 0.002600
v 0.047846 0.196454 0.002200
v 0.047243 0.196396 0.002283
v 0.039762 0.196325 0.002400
v 0.039497 0.196703 0.002800
v 0.039573 0.196571 0.002517
v 0.040200 0.198400 0.002800
v 0.040627 0.198407 0.002400
v 0.040338 0.198404 0.002517
v 0.043750 0.198462 0.002800
v 0.043444 0.198163 0.002400
v 0.043651 0.198373 0.002517
v 0.039497 0.200097 0.002800
v 0.039816 0.200369 0.002400
v 0.039605 0.200181 0.002517
v 0.037800 0.200800 0.002800
v 0.037800 0.201219 0.002400
v 0.037800 0.200936 0.002517
v 0.037800 0.203021 0.002400
v 0.037800 0.203424 0.002800
v 0.037817 0.203300 0.002517
v 0.041294 0.201629 0.002400
v 0.041616 0.201904 0.002800
v 0.041505 0.201826 0.002517
v 0.036103 0.200097 0.002800
v 0.035919 0.200454 0.002400
v 0.036059 0.200231 0.002517
v 0.034115 0.203554 0.002800
v 0.034352 0.203143 0.002400
v 0.034236 0.203432 0.002517
v 0.021210 0.204237 0.016806
v 0.021522 0.204625 0.017079
v 0.021296 0.204515 0.016902
v 0.025415 0.204625 0.012191
v 0.025035 0.204238 0.011996
v 0.025157 0.204518 0.012052
v 0.024811 0.194326 0.011530
v 0.025173 0.193906 0.011685
v 0.024918 0.194035 0.011564
v 0.021532 0.193906 0.016426
v 0.021215 0.194327 0.016206
v 0.021299 0.194040 0.016273
v 0.017765 0.199281 0.020913
v 0.017817 0.199270 0.021496
v 0.017678 0.199273 0.021214
v 0.018537 0.202989 0.020097
v 0.018647 0.203288 0.020609
v 0.018496 0.203193 0.020343
v 0.018704 0.195575 0.019541
v 0.018841 0.195248 0.020011
v 0.018677 0.195360 0.019763
v 0.021047 0.202884 0.022079
v 0.020527 0.203211 0.022093
v 0.020821 0.203097 0.022178
v 0.023716 0.204110 0.018791
v 0.023397 0.204530 0.018566
v 0.023618 0.204397 0.018741
v 0.027921 0.204110 0.013373
v 0.027555 0.204530 0.013213
v 0.027816 0.204400 0.013333
v 0.027320 0.193812 0.012696
v 0.027704 0.194203 0.012892
v 0.027584 0.193921 0.012830
v 0.023427 0.193813 0.017888
v 0.023746 0.194205 0.018161
v 0.023643 0.193926 0.018083
v 0.021231 0.195476 0.021502
v 0.020733 0.195173 0.021477
v 0.021019 0.195267 0.021578
v 0.020284 0.199193 0.022884
v 0.019702 0.199206 0.022972
v 0.020012 0.199192 0.023040
v 0.030865 0.203321 0.006184
v 0.031414 0.203264 0.005769
v 0.031392 0.203666 0.005380
v 0.030637 0.203696 0.005682
v 0.031089 0.203296 0.005909
v 0.031053 0.203582 0.005797
v 0.031416 0.203548 0.005658
v 0.031019 0.203682 0.005652
v 0.030836 0.203589 0.005962
v 0.027732 0.203791 0.004642
v 0.027336 0.203401 0.004497
v 0.027457 0.203681 0.004549
v 0.027070 0.195163 0.004325
v 0.027440 0.194747 0.004453
v 0.027173 0.194874 0.004366
v 0.030599 0.195005 0.006004
v 0.030348 0.194653 0.005488
v 0.031080 0.194506 0.005212
v 0.031150 0.194907 0.005619
v 0.030553 0.194742 0.005771
v 0.030765 0.194706 0.005601
v 0.030715 0.194604 0.005351
v 0.031091 0.194632 0.005497
v 0.030823 0.194959 0.005738
v 0.027752 0.194744 0.002068
v 0.027370 0.195163 0.002024
v 0.027477 0.194873 0.002039
v 0.030822 0.194516 0.002400
v 0.030055 0.194655 0.002352
v 0.030439 0.194608 0.002376
v 0.027636 0.203401 0.002104
v 0.028045 0.203788 0.002145
v 0.027761 0.203681 0.002118
v 0.035024 0.198283 0.002400
v 0.035400 0.198400 0.002800
v 0.035276 0.198339 0.002517
v 0.030732 0.199162 0.006094
v 0.031282 0.199095 0.005694
v 0.030957 0.199131 0.005824
v 0.030658 0.200097 0.002000
v 0.031128 0.200097 0.002400
v 0.030801 0.200083 0.002283
v 0.030722 0.203283 0.000000
v 0.030344 0.203698 0.000000
v 0.030615 0.203570 0.000000
v 0.030722 0.203283 0.002000
v 0.030344 0.203698 0.002363
v 0.031166 0.203668 0.002800
v 0.031189 0.203263 0.002400
v 0.030615 0.203570 0.002185
v 0.030789 0.203579 0.002388
v 0.030744 0.203683 0.002506
v 0.031181 0.203548 0.002517
v 0.030858 0.203275 0.002282
v 0.037800 0.196000 0.004791
v 0.037800 0.195555 0.005191
v 0.037806 0.195857 0.005073
v 0.039748 0.196345 0.005041
v 0.039497 0.196703 0.004660
v 0.039572 0.196580 0.004937
v 0.036103 0.196703 0.004921
v 0.035880 0.196367 0.005339
v 0.036044 0.196581 0.005209
v 0.035400 0.198400 0.004976
v 0.035035 0.198462 0.005404
v 0.035281 0.198432 0.005268
v 0.036103 0.200097 0.004921
v 0.035890 0.200467 0.005338
v 0.036051 0.200234 0.005209
v 0.037800 0.200800 0.004791
v 0.037800 0.201237 0.005191
v 0.037806 0.200941 0.005073
v 0.039826 0.200377 0.005035
v 0.039497 0.200097 0.004660
v 0.039611 0.200181 0.004934
v 0.040200 0.198400 0.004605
v 0.040622 0.198407 0.004973
v 0.040338 0.198404 0.004878
v 0.042341 0.192640 0.004440
v 0.042298 0.193051 0.004844
v 0.042323 0.192762 0.004725
v 0.037800 0.192749 0.005191
v 0.037800 0.192334 0.004790
v 0.037797 0.192459 0.005074
v 0.041295 0.201630 0.004921
v 0.041616 0.201904 0.004496
v 0.041508 0.201824 0.004787
v 0.037800 0.203424 0.004790
v 0.037800 0.203021 0.005191
v 0.037822 0.203299 0.005072
v 0.053395 0.189205 0.004000
v 0.053176 0.188861 0.003599
v 0.053248 0.188958 0.003882
v 0.055106 0.191892 0.004000
v 0.055324 0.192235 0.003599
v 0.055263 0.192133 0.003883
v 0.048196 0.196364 0.003996
v 0.047487 0.196732 0.004043
v 0.047352 0.196354 0.004454
v 0.048063 0.195972 0.004407
v 0.047845 0.196555 0.004019
v 0.047805 0.196462 0.004319
v 0.047459 0.196616 0.004328
v 0.047669 0.196192 0.004432
v 0.048175 0.196239 0.004281
v 0.043445 0.198163 0.004756
v 0.043750 0.198462 0.004331
v 0.043654 0.198370 0.004622
v 0.045846 0.192101 0.002400
v 0.046605 0.191873 0.002400
v 0.046232 0.192009 0.002400
v 0.045846 0.192101 0.004169
v 0.046605 0.191873 0.004111
v 0.046741 0.192255 0.004501
v 0.045976 0.192485 0.004560
v 0.046232 0.192009 0.004140
v 0.046269 0.192114 0.004435
v 0.046643 0.191986 0.004391
v 0.046363 0.192393 0.004530
v 0.045905 0.192210 0.004448
v 0.033902 0.193923 0.005492
v 0.033971 0.193487 0.005086
v 0.033915 0.193627 0.005373
v 0.034034 0.203154 0.005482
v 0.034115 0.203554 0.005074
v 0.034085 0.203437 0.005360
v 0.053502 0.050575 0.007440
v 0.053924 0.050674 0.007032
v 0.053786 0.050643 0.007320
v 0.051057 0.070663 0.007592
v 0.050624 0.070658 0.008000
v 0.050916 0.070662 0.007881
v 0.047429 0.070616 0.008000
v 0.047057 0.070610 0.007593
v 0.047155 0.070611 0.007880
v 0.050070 0.049603 0.007032
v 0.050424 0.049719 0.007440
v 0.050162 0.049636 0.007320
v 0.053077 0.091687 0.007440
v 0.053502 0.091610 0.007032
v 0.053364 0.091635 0.007320
v 0.049950 0.092364 0.007440
v 0.049592 0.092455 0.007033
v 0.049685 0.092430 0.007321
v 0.060191 0.112374 0.006372
v 0.059771 0.112479 0.006780
v 0.060058 0.112415 0.006656
v 0.056694 0.113367 0.006780
v 0.056347 0.113482 0.006373
v 0.056443 0.113468 0.006654
v 0.059606 0.029318 0.000000
v 0.059076 0.029540 0.000000
v 0.059295 0.029320 0.000000
v 0.062760 0.031098 0.000000
v 0.062550 0.030563 0.000000
v 0.062759 0.030789 0.000000
v 0.061957 0.031831 0.004283
v 0.061537 0.031670 0.004698
v 0.061753 0.031265 0.004147
v 0.061827 0.031749 0.004560
v 0.061889 0.031538 0.004456
v 0.061668 0.031415 0.004470
v 0.061956 0.031505 0.004242
v 0.058274 0.030267 0.004290
v 0.058810 0.030016 0.004155
v 0.058588 0.030419 0.004703
v 0.058495 0.030039 0.004190
v 0.058487 0.030121 0.004442
v 0.058718 0.030147 0.004482
v 0.058339 0.030324 0.004578
v 0.059510 0.120950 0.003598
v 0.059862 0.120768 0.004000
v 0.059617 0.120906 0.003879
v 0.063063 0.119112 0.003597
v 0.062711 0.119294 0.004000
v 0.062968 0.119183 0.003876
v 0.062860 0.181406 0.003611
v 0.062566 0.181124 0.003210
v 0.062651 0.181210 0.003494
v 0.065123 0.183583 0.003611
v 0.065415 0.183864 0.003210
v 0.065334 0.183775 0.003493
v 0.059985 0.188543 0.003831
v 0.060231 0.188867 0.003430
v 0.060163 0.188768 0.003714
v 0.057825 0.185698 0.003430
v 0.058072 0.186024 0.003831
v 0.057898 0.185794 0.003714
v 0.073181 0.143449 0.003085
v 0.072791 0.143533 0.003486
v 0.073065 0.143470 0.003368
v 0.068714 0.131375 0.003343
v 0.068344 0.131516 0.003745
v 0.068605 0.131415 0.003627
v 0.074977 0.155131 0.003246
v 0.075380 0.155128 0.002845
v 0.075260 0.155126 0.003129
v 0.074624 0.166141 0.002760
v 0.074229 0.166050 0.003161
v 0.074507 0.166113 0.003044
v 0.065368 0.132646 0.003745
v 0.064998 0.132787 0.003343
v 0.065108 0.132750 0.003627
v 0.069647 0.144207 0.003486
v 0.069257 0.144291 0.003085
v 0.069373 0.144273 0.003368
v 0.071227 0.155158 0.002845
v 0.071630 0.155155 0.003246
v 0.071347 0.155162 0.003128
v 0.070917 0.165287 0.003161
v 0.070523 0.165196 0.002760
v 0.070640 0.165224 0.003043
v 0.067575 0.174308 0.003332
v 0.067221 0.174114 0.002931
v 0.067326 0.174172 0.003215
v 0.070766 0.176058 0.002931
v 0.070412 0.175864 0.003332
v 0.070663 0.175998 0.003215
v 0.045846 0.192101 0.000000
v 0.046605 0.191873 0.000000
v 0.046232 0.192009 0.000000
v 0.030822 0.194516 0.000000
v 0.030055 0.194655 0.000000
v 0.030439 0.194608 0.000000
v 0.027450 0.195163 0.000000
v 0.027834 0.194743 0.000000
v 0.027557 0.194873 0.000000
v 0.027716 0.203402 0.000000
v 0.028126 0.203787 0.000000
v 0.027842 0.203681 0.000000
v 0.059834 0.036763 0.006640
v 0.059435 0.036604 0.007049
v 0.059712 0.036697 0.006923
v 0.056121 0.035286 0.006641
v 0.056465 0.035423 0.007049
v 0.056218 0.035304 0.006922
v 0.037800 0.195536 -0.002400
v 0.037800 0.196000 -0.002800
v 0.037800 0.195851 -0.002517
v 0.036103 0.196703 -0.002800
v 0.035860 0.196342 -0.002400
v 0.036035 0.196575 -0.002517
v 0.035174 0.195322 -0.002400
v 0.034972 0.195021 -0.002000
v 0.035047 0.195106 -0.002283
v 0.037800 0.194454 -0.002000
v 0.037800 0.194802 -0.002400
v 0.037792 0.194558 -0.002283
v 0.041092 0.194421 -0.002000
v 0.040775 0.194774 -0.002400
v 0.040936 0.194521 -0.002283
v 0.044711 0.195018 -0.002000
v 0.044587 0.195403 -0.002400
v 0.044674 0.195132 -0.002283
v 0.032163 0.197395 -0.002400
v 0.031735 0.197262 -0.002000
v 0.031888 0.197280 -0.002283
v 0.046922 0.196553 -0.002400
v 0.047491 0.196387 -0.002000
v 0.048196 0.196364 -0.002400
v 0.047487 0.196732 -0.002800
v 0.047243 0.196396 -0.002283
v 0.047683 0.196536 -0.002400
v 0.047846 0.196454 -0.002200
v 0.047845 0.196555 -0.002600
v 0.047239 0.196718 -0.002517
v 0.043444 0.198163 -0.002400
v 0.043750 0.198462 -0.002800
v 0.043651 0.198373 -0.002517
v 0.040615 0.198407 -0.002400
v 0.040200 0.198400 -0.002800
v 0.040335 0.198404 -0.002517
v 0.039752 0.196339 -0.002400
v 0.039497 0.196703 -0.002800
v 0.039570 0.196575 -0.002517
v 0.037800 0.203424 -0.002800
v 0.037800 0.203021 -0.002400
v 0.037817 0.203300 -0.002517
v 0.037800 0.201201 -0.002400
v 0.037800 0.200800 -0.002800
v 0.037800 0.200930 -0.002517
v 0.039810 0.200364 -0.002400
v 0.039497 0.200097 -0.002800
v 0.039603 0.200180 -0.002517
v 0.041616 0.201904 -0.002800
v 0.041294 0.201629 -0.002400
v 0.041505 0.201826 -0.002517
v 0.034115 0.203554 -0.002800
v 0.034352 0.203143 -0.002400
v 0.034236 0.203432 -0.002517
v 0.036103 0.200097 -0.002800
v 0.035781 0.200365 -0.002400
v 0.035994 0.200179 -0.002517
v 0.025415 0.204625 -0.012191
v 0.025035 0.204238 -0.011996
v 0.025157 0.204518 -0.012052
v 0.021522 0.204625 -0.017079
v 0.021210 0.204237 -0.016806
v 0.021296 0.204515 -0.016902
v 0.025173 0.193906 -0.011685
v 0.024811 0.194326 -0.011530
v 0.024918 0.194035 -0.011564
v 0.021215 0.194327 -0.016206
v 0.021532 0.193906 -0.016426
v 0.021299 0.194040 -0.016273
v 0.018647 0.203288 -0.020609
v 0.018537 0.202989 -0.020097
v 0.018496 0.203193 -0.020343
v 0.017765 0.199281 -0.020913
v 0.017817 0.199270 -0.021496
v 0.017678 0.199273 -0.021214
v 0.018704 0.195575 -0.019541
v 0.018841 0.195248 -0.020011
v 0.018677 0.195360 -0.019763
v 0.023397 0.204530 -0.018566
v 0.023716 0.204110 -0.018791
v 0.023618 0.204397 -0.018741
v 0.021047 0.202884 -0.022079
v 0.020527 0.203211 -0.022093
v 0.020821 0.203097 -0.022178
v 0.027555 0.204530 -0.013213
v 0.027921 0.204110 -0.013373
v 0.027816 0.204400 -0.013333
v 0.023427 0.193813 -0.017888
v 0.023746 0.194205 -0.018161
v 0.023643 0.193926 -0.018083
v 0.027320 0.193812 -0.012696
v 0.027704 0.194203 -0.012892
v 0.027584 0.193921 -0.012830
v 0.021231 0.195476 -0.021502
v 0.020733 0.195173 -0.021477
v 0.021019 0.195267 -0.021578
v 0.019702 0.199206 -0.022971
v 0.020284 0.199193 -0.022884
v 0.020012 0.199192 -0.023040
v 0.027336 0.203401 -0.004497
v 0.027732 0.203791 -0.004642
v 0.027457 0.203681 -0.004549
v 0.030865 0.203321 -0.006184
v 0.030637 0.203696 -0.005682
v 0.031392 0.203666 -0.005380
v 0.031414 0.203264 -0.005769
v 0.030836 0.203589 -0.005962
v 0.031053 0.203582 -0.005796
v 0.031019 0.203682 -0.005652
v 0.031416 0.203548 -0.005658
v 0.031089 0.203296 -0.005909
v 0.030599 0.195005 -0.006004
v 0.031150 0.194907 -0.005619
v 0.031080 0.194506 -0.005212
v 0.030348 0.194653 -0.005487
v 0.030823 0.194959 -0.005738
v 0.030765 0.194706 -0.005601
v 0.031091 0.194632 -0.005497
v 0.030715 0.194604 -0.005351
v 0.030553 0.194742 -0.005771
v 0.027440 0.194747 -0.004453
v 0.027070 0.195163 -0.004325
v 0.027173 0.194874 -0.004366
v 0.027370 0.195163 -0.002024
v 0.027752 0.194744 -0.002068
v 0.027477 0.194873 -0.002039
v 0.030055 0.194655 -0.002352
v 0.030822 0.194516 -0.002400
v 0.030439 0.194608 -0.002376
v 0.028045 0.203788 -0.002145
v 0.027636 0.203401 -0.002104
v 0.027761 0.203681 -0.002118
v 0.034979 0.198269 -0.002400
v 0.035400 0.198400 -0.002800
v 0.035262 0.198334 -0.002517
v 0.031282 0.199095 -0.005694
v 0.030732 0.199162 -0.006094
v 0.030957 0.199131 -0.005824
v 0.031128 0.200097 -0.002400
v 0.030658 0.200097 -0.002000
v 0.030801 0.200083 -0.002283
v 0.030722 0.203283 -0.002000
v 0.031189 0.203263 -0.002400
v 0.031166 0.203668 -0.002800
v 0.030344 0.203698 -0.002363
v 0.030858 0.203275 -0.002282
v 0.030789 0.203579 -0.002388
v 0.031181 0.203548 -0.002517
v 0.030744 0.203683 -0.002506
v 0.030615 0.203570 -0.002184
v 0.039497 0.196703 -0.004660
v 0.039748 0.196345 -0.005041
v 0.039572 0.196580 -0.004937
v 0.037800 0.195555 -0.005191
v 0.037800 0.196000 -0.004790
v 0.037806 0.195857 -0.005073
v 0.035880 0.196367 -0.005339
v 0.036103 0.196703 -0.004921
v 0.036044 0.196581 -0.005209
v 0.035035 0.198462 -0.005404
v 0.035400 0.198400 -0.004976
v 0.035281 0.198432 -0.005268
v 0.035890 0.200467 -0.005338
v 0.036103 0.200097 -0.004921
v 0.036051 0.200234 -0.005209
v 0.037800 0.201237 -0.005191
v 0.037800 0.200800 -0.004790
v 0.037806 0.200941 -0.005073
v 0.039826 0.200377 -0.005035
v 0.039497 0.200097 -0.004660
v 0.039611 0.200181 -0.004934
v 0.040200 0.198400 -0.004605
v 0.040622 0.198407 -0.004973
v 0.040338 0.198404 -0.004878
v 0.037800 0.192334 -0.004790
v 0.037800 0.192749 -0.005191
v 0.037797 0.192459 -0.005074
v 0.042298 0.193051 -0.004844
v 0.042341 0.192640 -0.004440
v 0.042323 0.192762 -0.004725
v 0.041616 0.201904 -0.004495
v 0.041295 0.201630 -0.004921
v 0.041508 0.201824 -0.004787
v 0.037800 0.203021 -0.005191
v 0.037800 0.203424 -0.004790
v 0.037822 0.203299 -0.005072
v 0.053395 0.189205 -0.004000
v 0.053176 0.188861 -0.003599
v 0.053248 0.188958 -0.003882
v 0.055324 0.192235 -0.003599
v 0.055106 0.191892 -0.004000
v 0.055263 0.192133 -0.003883
v 0.048196 0.196364 -0.003996
v 0.048063 0.195972 -0.004407
v 0.047352 0.196354 -0.004454
v 0.047487 0.196732 -0.004043
v 0.048175 0.196239 -0.004281
v 0.047805 0.196462 -0.004319
v 0.047669 0.196191 -0.004431
v 0.047459 0.196616 -0.004328
v 0.047845 0.196555 -0.004019
v 0.043445 0.198163 -0.004756
v 0.043750 0.198462 -0.004331
v 0.043654 0.198370 -0.004622
v 0.045846 0.192101 -0.004169
v 0.045976 0.192485 -0.004560
v 0.046741 0.192255 -0.004501
v 0.046605 0.191873 -0.004111
v 0.045905 0.192210 -0.004448
v 0.046269 0.192114 -0.004435
v 0.046363 0.192393 -0.004530
v 0.046643 0.191986 -0.004391
v 0.046232 0.192009 -0.004140
v 0.046605 0.191873 -0.002400
v 0.045846 0.192101 -0.002400
v 0.046232 0.192009 -0.002400
v 0.033971 0.193487 -0.005086
v 0.033902 0.193923 -0.005492
v 0.033915 0.193627 -0.005373
v 0.034115 0.203554 -0.005074
v 0.034034 0.203154 -0.005482
v 0.034085 0.203437 -0.005360
v 0.047057 0.070610 -0.007593
v 0.047429 0.070616 -0.008000
v 0.047155 0.070611 -0.007880
v 0.050624 0.070658 -0.008000
v 0.051057 0.070663 -0.007592
v 0.050916 0.070662 -0.007881
v 0.053924 0.050674 -0.007032
v 0.053502 0.050575 -0.007440
v 0.053786 0.050643 -0.007320
v 0.050424 0.049719 -0.007440
v 0.050070 0.049603 -0.007032
v 0.050162 0.049636 -0.007320
v 0.049592 0.092455 -0.007033
v 0.049950 0.092364 -0.007440
v 0.049685 0.092430 -0.007321
v 0.053077 0.091687 -0.007440
v 0.053502 0.091610 -0.007032
v 0.053364 0.091635 -0.007320
v 0.056694 0.113367 -0.006780
v 0.056347 0.113482 -0.006373
v 0.056443 0.113468 -0.006654
v 0.060191 0.112374 -0.006372
v 0.059771 0.112479 -0.006780
v 0.060058 0.112415 -0.006656
v 0.061753 0.031265 -0.004147
v 0.061537 0.031670 -0.004698
v 0.061957 0.031831 -0.004283
v 0.061664 0.031397 -0.004475
v 0.061859 0.031552 -0.004435
v 0.061808 0.031797 -0.004571
v 0.061961 0.031511 -0.004182
v 0.058588 0.030419 -0.004703
v 0.058810 0.030016 -0.004155
v 0.058274 0.030267 -0.004290
v 0.058722 0.030164 -0.004477
v 0.058472 0.030086 -0.004461
v 0.058492 0.030031 -0.004232
v 0.058358 0.030276 -0.004566
v 0.059510 0.120950 -0.003598
v 0.059862 0.120768 -0.004000
v 0.059617 0.120906 -0.003879
v 0.062711 0.119294 -0.004000
v 0.063063 0.119112 -0.003597
v 0.062968 0.119183 -0.003876
v 0.060231 0.188867 -0.003430
v 0.059985 0.188543 -0.003831
v 0.060163 0.188768 -0.003713
v 0.065415 0.183864 -0.003210
v 0.065123 0.183583 -0.003611
v 0.065334 0.183775 -0.003493
v 0.062860 0.181406 -0.003611
v 0.062566 0.181124 -0.003210
v 0.062651 0.181210 -0.003494
v 0.057825 0.185698 -0.003430
v 0.058072 0.186024 -0.003831
v 0.057898 0.185794 -0.003714
v 0.068714 0.131375 -0.003343
v 0.068344 0.131516 -0.003745
v 0.068605 0.131415 -0.003627
v 0.072791 0.143533 -0.003486
v 0.073181 0.143449 -0.003084
v 0.073065 0.143470 -0.003368
v 0.074977 0.155131 -0.003246
v 0.075380 0.155128 -0.002845
v 0.075260 0.155126 -0.003129
v 0.074229 0.166050 -0.003161
v 0.074624 0.166141 -0.002760
v 0.074507 0.166113 -0.003044
v 0.069257 0.144291 -0.003085
v 0.069647 0.144207 -0.003486
v 0.069373 0.144273 -0.003368
v 0.064998 0.132787 -0.003343
v 0.065368 0.132646 -0.003745
v 0.065108 0.132750 -0.003627
v 0.070917 0.165287 -0.003161
v 0.070523 0.165196 -0.002760
v 0.070640 0.165224 -0.003043
v 0.071630 0.155155 -0.003246
v 0.071227 0.155158 -0.002845
v 0.071347 0.155162 -0.003128
v 0.067221 0.174114 -0.002931
v 0.067575 0.174308 -0.003332
v 0.067326 0.174172 -0.003215
v 0.070412 0.175864 -0.003332
v 0.070766 0.176058 -0.002931
v 0.070663 0.175998 -0.003215
v 0.059435 0.036604 -0.007049
v 0.059834 0.036763 -0.006640
v 0.059712 0.036697 -0.006923
v 0.056121 0.035286 -0.006641
v 0.056465 0.035423 -0.007049
v 0.056218 0.035304 -0.006922
v 0.021753 0.195231 -0.013684
v 0.021732 0.195063 -0.013552
v 0.020869 0.194771 -0.014660
v 0.020944 0.194958 -0.014719
v 0.022443 0.195966 -0.012801
v 0.022447 0.195833 -0.012636
v 0.022896 0.197087 -0.012221
v 0.022922 0.196995 -0.012029
v 0.023064 0.198400 -0.012006
v 0.023103 0.198400 -0.011800
v 0.022896 0.199713 -0.012221
v 0.022922 0.199805 -0.012029
v 0.022443 0.200834 -0.012801
v 0.022447 0.200967 -0.012636
v 0.021753 0.201569 -0.013684
v 0.021732 0.201737 -0.013552
v 0.020944 0.201842 -0.014719
v 0.020869 0.202029 -0.014660
v 0.020136 0.201569 -0.015753
v 0.020002 0.201737 -0.015765
v 0.019446 0.200834 -0.016637
v 0.019287 0.200967 -0.016681
v 0.018993 0.199713 -0.017216
v 0.018812 0.199805 -0.017288
v 0.018825 0.198400 -0.017432
v 0.018634 0.198400 -0.017519
v 0.018993 0.197087 -0.017216
v 0.018812 0.196995 -0.017288
v 0.019446 0.195966 -0.016637
v 0.019287 0.195833 -0.016681
v 0.020136 0.195231 -0.015753
v 0.020002 0.195063 -0.015765
v 0.018687 0.199817 -0.017063
v 0.018512 0.198400 -0.017300
v 0.019141 0.200900 -0.016483
v 0.019808 0.201637 -0.015628
v 0.020686 0.201931 -0.014517
v 0.021552 0.201637 -0.013396
v 0.022219 0.200900 -0.012542
v 0.022673 0.199817 -0.011961
v 0.022860 0.198400 -0.011734
v 0.022673 0.196983 -0.011961
v 0.022219 0.195900 -0.012542
v 0.021552 0.195163 -0.013396
v 0.020686 0.194869 -0.014517
v 0.019808 0.195163 -0.015628
v 0.019141 0.195900 -0.016483
v 0.018687 0.196983 -0.017063
v 0.020944 0.196298 -0.014719
v 0.021438 0.196464 -0.014087
v 0.021859 0.196914 -0.013548
v 0.022136 0.197598 -0.013194
v 0.022238 0.198400 -0.013063
v 0.022136 0.199202 -0.013194
v 0.021859 0.199886 -0.013548
v 0.021438 0.200336 -0.014087
v 0.020944 0.200502 -0.014719
v 0.020451 0.200336 -0.015351
v 0.020029 0.199886 -0.015890
v 0.019753 0.199202 -0.016244
v 0.019650 0.198400 -0.016375
v 0.019753 0.197598 -0.016244
v 0.020029 0.196914 -0.015890
v 0.020451 0.196464 -0.015351
v 0.018363 0.198400 -0.016433
v 0.018530 0.199736 -0.016269
v 0.018999 0.200684 -0.016098
v 0.019375 0.201108 -0.015188
v 0.020173 0.201340 -0.014116
v 0.021019 0.201108 -0.013083
v 0.021812 0.200684 -0.012498
v 0.021864 0.199736 -0.012001
v 0.021983 0.198400 -0.011799
v 0.021864 0.197064 -0.012001
v 0.021812 0.196116 -0.012498
v 0.021019 0.195692 -0.013083
v 0.020173 0.195460 -0.014116
v 0.019375 0.195692 -0.015188
v 0.018999 0.196116 -0.016098
v 0.018530 0.197064 -0.016269
v 0.022200 0.196298 -0.015700
v 0.022694 0.196464 -0.015068
v 0.023115 0.196914 -0.014529
v 0.023392 0.197598 -0.014175
v 0.023494 0.198400 -0.014044
v 0.023392 0.199202 -0.014175
v 0.023115 0.199886 -0.014529
v 0.022694 0.200336 -0.015068
v 0.022200 0.200502 -0.015700
v 0.021706 0.200336 -0.016332
v 0.021285 0.199886 -0.016871
v 0.021008 0.199202 -0.017225
v 0.020906 0.198400 -0.017356
v 0.021008 0.197598 -0.017225
v 0.021285 0.196914 -0.016871
v 0.021706 0.196464 -0.016332
v 0.018920 0.199861 -0.014991
v 0.019723 0.199986 -0.013765
v 0.018746 0.198400 -0.015015
v 0.019578 0.198400 -0.013652
v 0.020719 0.199861 -0.012689
v 0.020700 0.198400 -0.012515
v 0.020719 0.196939 -0.012689
v 0.019723 0.196814 -0.013765
v 0.018920 0.196939 -0.014991
v 0.024698 0.194771 -0.017652
v 0.025565 0.195063 -0.016546
v 0.025431 0.195231 -0.016558
v 0.024622 0.194958 -0.017593
v 0.026280 0.195833 -0.015630
v 0.026121 0.195966 -0.015674
v 0.026755 0.196995 -0.015023
v 0.026574 0.197087 -0.015095
v 0.026932 0.198400 -0.014792
v 0.026742 0.198400 -0.014880
v 0.026755 0.199805 -0.015023
v 0.026574 0.199713 -0.015095
v 0.026280 0.200967 -0.015630
v 0.026121 0.200834 -0.015674
v 0.025565 0.201737 -0.016546
v 0.025431 0.201569 -0.016558
v 0.024698 0.202029 -0.017652
v 0.024622 0.201842 -0.017593
v 0.023835 0.201737 -0.018760
v 0.023814 0.201569 -0.018627
v 0.023119 0.200967 -0.019676
v 0.023124 0.200834 -0.019511
v 0.022645 0.199805 -0.020283
v 0.022671 0.199713 -0.020090
v 0.022464 0.198400 -0.020511
v 0.022503 0.198400 -0.020305
v 0.022645 0.196995 -0.020283
v 0.022671 0.197087 -0.020090
v 0.023119 0.195833 -0.019676
v 0.023124 0.195966 -0.019511
v 0.023835 0.195063 -0.018760
v 0.023814 0.195231 -0.018627
v 0.022894 0.199817 -0.020350
v 0.022707 0.198400 -0.020577
v 0.023347 0.200900 -0.019769
v 0.024015 0.201637 -0.018916
v 0.024881 0.201931 -0.017795
v 0.025759 0.201637 -0.016683
v 0.026426 0.200900 -0.015829
v 0.026880 0.199817 -0.015249
v 0.027055 0.198400 -0.015012
v 0.026880 0.196983 -0.015249
v 0.026426 0.195900 -0.015829
v 0.025759 0.195163 -0.016683
v 0.024881 0.194869 -0.017795
v 0.024015 0.195163 -0.018916
v 0.023347 0.195900 -0.019769
v 0.022894 0.196983 -0.020350
v 0.025116 0.196464 -0.016961
v 0.024622 0.196298 -0.017593
v 0.025537 0.196914 -0.016422
v 0.025814 0.197598 -0.016067
v 0.025916 0.198400 -0.015936
v 0.025814 0.199202 -0.016067
v 0.025537 0.199886 -0.016422
v 0.025116 0.200336 -0.016961
v 0.024622 0.200502 -0.017593
v 0.024129 0.200336 -0.018224
v 0.023707 0.199886 -0.018764
v 0.023431 0.199202 -0.019118
v 0.023328 0.198400 -0.019249
v 0.023431 0.197598 -0.019118
v 0.023707 0.196914 -0.018764
v 0.024129 0.196464 -0.018224
v 0.023702 0.199736 -0.020310
v 0.023583 0.198400 -0.020512
v 0.023755 0.200684 -0.019814
v 0.024547 0.201108 -0.019229
v 0.025394 0.201340 -0.018195
v 0.026192 0.201108 -0.017124
v 0.026568 0.200684 -0.016214
v 0.027037 0.199736 -0.016042
v 0.027204 0.198400 -0.015878
v 0.027037 0.197064 -0.016042
v 0.026568 0.196116 -0.016214
v 0.026192 0.195692 -0.017124
v 0.025394 0.195460 -0.018195
v 0.024547 0.195692 -0.019229
v 0.023755 0.196116 -0.019814
v 0.023702 0.197064 -0.020310
v 0.025844 0.199986 -0.018547
v 0.024848 0.199861 -0.019623
v 0.024867 0.198400 -0.019797
v 0.025989 0.198400 -0.018660
v 0.026820 0.198400 -0.017297
v 0.026647 0.199861 -0.017320
v 0.025844 0.196814 -0.018547
v 0.026647 0.196939 -0.017320
v 0.024848 0.196939 -0.019623
v 0.020869 0.194771 0.014660
v 0.021732 0.195063 0.013552
v 0.021753 0.195231 0.013685
v 0.020944 0.194958 0.014719
v 0.022447 0.195833 0.012636
v 0.022443 0.195966 0.012801
v 0.022922 0.196995 0.012029
v 0.022896 0.197087 0.012222
v 0.023103 0.198400 0.011800
v 0.023064 0.198400 0.012006
v 0.022922 0.199805 0.012029
v 0.022896 0.199713 0.012222
v 0.022447 0.200967 0.012636
v 0.022443 0.200834 0.012801
v 0.021732 0.201737 0.013552
v 0.021753 0.201569 0.013685
v 0.020869 0.202029 0.014660
v 0.020944 0.201842 0.014719
v 0.020002 0.201737 0.015765
v 0.020136 0.201569 0.015753
v 0.019287 0.200967 0.016681
v 0.019446 0.200834 0.016637
v 0.018812 0.199805 0.017288
v 0.018993 0.199713 0.017216
v 0.018634 0.198400 0.017519
v 0.018825 0.198400 0.017432
v 0.018812 0.196995 0.017288
v 0.018993 0.197087 0.017216
v 0.019287 0.195833 0.016681
v 0.019446 0.195966 0.016637
v 0.020002 0.195063 0.015765
v 0.020136 0.195231 0.015753
v 0.018687 0.199817 0.017063
v 0.018512 0.198400 0.017300
v 0.019141 0.200900 0.016483
v 0.019808 0.201637 0.015629
v 0.020686 0.201931 0.014517
v 0.021552 0.201637 0.013396
v 0.022219 0.200900 0.012542
v 0.022673 0.199817 0.011962
v 0.022860 0.198400 0.011734
v 0.022673 0.196983 0.011962
v 0.022219 0.195900 0.012542
v 0.021552 0.195163 0.013396
v 0.020686 0.194869 0.014517
v 0.019808 0.195163 0.015629
v 0.019141 0.195900 0.016483
v 0.018687 0.196983 0.017063
v 0.021438 0.196464 0.014087
v 0.020944 0.196298 0.014719
v 0.021859 0.196914 0.013548
v 0.022136 0.197598 0.013194
v 0.022238 0.198400 0.013063
v 0.022136 0.199202 0.013194
v 0.021859 0.199886 0.013548
v 0.021438 0.200336 0.014087
v 0.020944 0.200502 0.014719
v 0.020451 0.200336 0.015351
v 0.020029 0.199886 0.015890
v 0.019753 0.199202 0.016244
v 0.019650 0.198400 0.016375
v 0.019753 0.197598 0.016244
v 0.020029 0.196914 0.015890
v 0.020451 0.196464 0.015351
v 0.018530 0.199736 0.016269
v 0.018363 0.198400 0.016433
v 0.018999 0.200684 0.016098
v 0.019375 0.201108 0.015188
v 0.020173 0.201340 0.014116
v 0.021019 0.201108 0.013083
v 0.021812 0.200684 0.012498
v 0.021864 0.199736 0.012001
v 0.021983 0.198400 0.011799
v 0.021864 0.197064 0.012001
v 0.021812 0.196116 0.012498
v 0.021019 0.195692 0.013083
v 0.020173 0.195460 0.014116
v 0.019375 0.195692 0.015188
v 0.018999 0.196116 0.016098
v 0.018530 0.197064 0.016269
v 0.022694 0.196464 0.015068
v 0.022200 0.196298 0.015700
v 0.023115 0.196914 0.014529
v 0.023392 0.197598 0.014175
v 0.023494 0.198400 0.014044
v 0.023392 0.199202 0.014175
v 0.023115 0.199886 0.014529
v 0.022694 0.200336 0.015068
v 0.022200 0.200502 0.015700
v 0.021706 0.200336 0.016332
v 0.021285 0.199886 0.016871
v 0.021008 0.199202 0.017225
v 0.020906 0.198400 0.017356
v 0.021008 0.197598 0.017225
v 0.021285 0.196914 0.016871
v 0.021706 0.196464 0.016332
v 0.019723 0.199986 0.013765
v 0.018920 0.199861 0.014991
v 0.018746 0.198400 0.015015
v 0.019578 0.198400 0.013652
v 0.020700 0.198400 0.012515
v 0.020719 0.199861 0.012689
v 0.019723 0.196814 0.013765
v 0.020719 0.196939 0.012689
v 0.018920 0.196939 0.014991
v 0.025431 0.195231 0.016558
v 0.025565 0.195063 0.016546
v 0.024698 0.194771 0.017652
v 0.024622 0.194958 0.017593
v 0.026121 0.195966 0.015675
v 0.026280 0.195833 0.015630
v 0.026574 0.197087 0.015095
v 0.026755 0.196995 0.015023
v 0.026742 0.198400 0.014880
v 0.026932 0.198400 0.014792
v 0.026574 0.199713 0.015095
v 0.026755 0.199805 0.015023
v 0.026121 0.200834 0.015675
v 0.026280 0.200967 0.015630
v 0.025431 0.201569 0.016558
v 0.025565 0.201737 0.016546
v 0.024622 0.201842 0.017593
v 0.024698 0.202029 0.017652
v 0.023814 0.201569 0.018627
v 0.023835 0.201737 0.018760
v 0.023124 0.200834 0.019511
v 0.023119 0.200967 0.019676
v 0.022671 0.199713 0.020090
v 0.022645 0.199805 0.020283
v 0.022503 0.198400 0.020305
v 0.022464 0.198400 0.020511
v 0.022671 0.197087 0.020090
v 0.022645 0.196995 0.020283
v 0.023124 0.195966 0.019511
v 0.023119 0.195833 0.019676
v 0.023814 0.195231 0.018627
v 0.023835 0.195063 0.018760
v 0.022894 0.199817 0.020350
v 0.022707 0.198400 0.020578
v 0.023347 0.200900 0.019769
v 0.024015 0.201637 0.018916
v 0.024881 0.201931 0.017795
v 0.025759 0.201637 0.016683
v 0.026426 0.200900 0.015829
v 0.026880 0.199817 0.015249
v 0.027055 0.198400 0.015012
v 0.026880 0.196983 0.015249
v 0.026426 0.195900 0.015829
v 0.025759 0.195163 0.016683
v 0.024881 0.194869 0.017795
v 0.024015 0.195163 0.018916
v 0.023347 0.195900 0.019769
v 0.022894 0.196983 0.020350
v 0.024622 0.196298 0.017593
v 0.025116 0.196464 0.016961
v 0.025537 0.196914 0.016422
v 0.025814 0.197598 0.016067
v 0.025916 0.198400 0.015937
v 0.025814 0.199202 0.016067
v 0.025537 0.199886 0.016422
v 0.025116 0.200336 0.016961
v 0.024622 0.200502 0.017593
v 0.024129 0.200336 0.018225
v 0.023707 0.199886 0.018764
v 0.023431 0.199202 0.019118
v 0.023328 0.198400 0.019249
v 0.023431 0.197598 0.019118
v 0.023707 0.196914 0.018764
v 0.024129 0.196464 0.018225
v 0.023583 0.198400 0.020512
v 0.023702 0.199736 0.020310
v 0.023755 0.200684 0.019814
v 0.024547 0.201108 0.019229
v 0.025394 0.201340 0.018195
v 0.026192 0.201108 0.017124
v 0.026568 0.200684 0.016214
v 0.027037 0.199736 0.016042
v 0.027204 0.198400 0.015878
v 0.027037 0.197064 0.016042
v 0.026568 0.196116 0.016214
v 0.026192 0.195692 0.017124
v 0.025394 0.195460 0.018195
v 0.024547 0.195692 0.019229
v 0.023755 0.196116 0.019814
v 0.023702 0.197064 0.020310
v 0.024848 0.199861 0.019623
v 0.025844 0.199986 0.018547
v 0.024867 0.198400 0.019797
v 0.025989 0.198400 0.018660
v 0.026647 0.199861 0.017320
v 0.026820 0.198400 0.017297
v 0.026647 0.196939 0.017320
v 0.025844 0.196814 0.018547
v 0.024848 0.196939 0.019623
v 0.051798 0.052101 0.000802
v 0.051552 0.052245 0.000721
v 0.051642 0.052125 0.000777
v 0.051585 0.052099 0.000000
v 0.051835 0.051939 0.000000
v 0.051678 0.051968 0.000000
v 0.051461 0.052638 0.001336
v 0.051697 0.052539 0.001486
v 0.051544 0.052550 0.001441
v 0.051543 0.053206 0.001936
v 0.051322 0.053238 0.001740
v 0.051394 0.053196 0.001877
v 0.051363 0.053987 0.002102
v 0.051160 0.053940 0.001889
v 0.051220 0.053954 0.002038
v 0.050998 0.054642 0.001740
v 0.051182 0.054768 0.001936
v 0.051045 0.054711 0.001877
v 0.051028 0.055435 0.001486
v 0.050860 0.055242 0.001336
v 0.050895 0.055358 0.001441
v 0.050927 0.055873 0.000802
v 0.050769 0.055636 0.000721
v 0.050797 0.055783 0.000777
v 0.050890 0.056035 0.000000
v 0.050735 0.055781 0.000000
v 0.050761 0.055939 0.000000
v 0.050769 0.055636 -0.000721
v 0.050927 0.055873 -0.000802
v 0.050797 0.055783 -0.000777
v 0.051028 0.055435 -0.001486
v 0.050860 0.055242 -0.001336
v 0.050895 0.055358 -0.001441
v 0.051182 0.054768 -0.001936
v 0.050998 0.054642 -0.001740
v 0.051045 0.054711 -0.001877
v 0.051363 0.053987 -0.002102
v 0.051160 0.053940 -0.001889
v 0.051220 0.053954 -0.002038
v 0.051322 0.053238 -0.001740
v 0.051543 0.053206 -0.001936
v 0.051394 0.053196 -0.001877
v 0.051697 0.052539 -0.001486
v 0.051461 0.052638 -0.001336
v 0.051544 0.052550 -0.001441
v 0.051798 0.052101 -0.000802
v 0.051552 0.052245 -0.000721
v 0.051642 0.052125 -0.000777
vt 0.881577 0.542088
vt 0.863348 0.548834
vt 0.861744 0.545245
vt 0.874888 0.532092
vt 0.858155 0.543643
vt 0.864887 0.525414
vt 0.853103 0.542766
vt 0.853093 0.523080
vt 0.848052 0.543647
vt 0.841306 0.525431
vt 0.844466 0.545251
vt 0.831321 0.532115
vt 0.842864 0.548837
vt 0.824648 0.542105
vt 0.841986 0.553887
vt 0.822308 0.553888
vt 0.842864 0.558937
vt 0.824649 0.565671
vt 0.844466 0.562524
vt 0.831322 0.575661
vt 0.848053 0.564128
vt 0.841308 0.582343
vt 0.853103 0.565008
vt 0.853094 0.584694
vt 0.858156 0.564131
vt 0.864888 0.582359
vt 0.861745 0.562528
vt 0.874889 0.575681
vt 0.863349 0.558940
vt 0.881577 0.565685
vt 0.864228 0.553887
vt 0.883922 0.553886
vt 0.858631 0.559414
vt 0.859105 0.553887
vt 0.853105 0.559887
vt 0.853105 0.553887
vt 0.847580 0.559412
vt 0.847106 0.553887
vt 0.847579 0.548362
vt 0.853104 0.547887
vt 0.858631 0.548360
vt 0.553656 0.465876
vt 0.506572 0.465876
vt 0.506572 0.465138
vt 0.553656 0.465138
vt 0.506572 0.402847
vt 0.506572 0.340261
vt 0.553656 0.340261
vt 0.553656 0.402847
vt 0.643839 0.402847
vt 0.643839 0.464434
vt 0.599553 0.464434
vt 0.599553 0.402847
vt 0.599553 0.340261
vt 0.643839 0.465876
vt 0.599553 0.465876
vt 0.599553 0.465138
vt 0.643839 0.465138
vt 0.643839 0.340261
vt 0.725170 0.465876
vt 0.686077 0.465876
vt 0.686077 0.465138
vt 0.725170 0.465138
vt 0.686077 0.340261
vt 0.686077 0.402847
vt 0.315418 0.465876
vt 0.311715 0.465876
vt 0.311676 0.465138
vt 0.315418 0.465138
vt 0.725170 0.340261
vt 0.725170 0.402847
vt 0.000135 0.402847
vt 0.000135 0.340261
vt 0.039240 0.340261
vt 0.039240 0.402847
vt 0.335175 0.870884
vt 0.335175 0.928606
vt 0.287326 0.928606
vt 0.287326 0.870884
vt 0.081353 0.340261
vt 0.081353 0.402847
vt 0.039240 0.465876
vt 0.000135 0.465876
vt 0.000135 0.465138
vt 0.039240 0.465138
vt 0.125354 0.340261
vt 0.125354 0.402847
vt 0.125354 0.465876
vt 0.081353 0.465876
vt 0.081353 0.465138
vt 0.125354 0.465138
vt 0.171751 0.340261
vt 0.171751 0.402847
vt 0.125354 0.464434
vt 0.081353 0.464434
vt 0.219329 0.340261
vt 0.219329 0.402847
vt 0.171751 0.465876
vt 0.171751 0.465138
vt 0.256791 0.340261
vt 0.259275 0.402847
vt 0.219329 0.465876
vt 0.219329 0.465138
vt 0.267566 0.465876
vt 0.261777 0.465876
vt 0.261748 0.465138
vt 0.267566 0.465138
vt 0.267566 0.332756
vt 0.267566 0.402847
vt 0.267566 0.464434
vt 0.261720 0.464434
vt 0.304738 0.332756
vt 0.308411 0.402847
vt 0.315418 0.324525
vt 0.315418 0.402847
vt 0.363184 0.465876
vt 0.363184 0.465138
vt 0.363184 0.324525
vt 0.363184 0.402847
vt 0.466985 0.402847
vt 0.464540 0.464434
vt 0.458681 0.464434
vt 0.458681 0.402847
vt 0.411026 0.324525
vt 0.411026 0.402847
vt 0.411026 0.465876
vt 0.411026 0.465138
vt 0.421815 0.332756
vt 0.418142 0.402847
vt 0.458681 0.332756
vt 0.464483 0.465876
vt 0.464512 0.465138
vt 0.553656 0.464434
vt 0.506572 0.464434
vt 0.469469 0.340261
vt 0.458681 0.465876
vt 0.414838 0.465876
vt 0.414877 0.465138
vt 0.458681 0.465138
vt 0.599553 0.265251
vt 0.599553 0.291768
vt 0.553656 0.291768
vt 0.553656 0.265251
vt 0.643839 0.265251
vt 0.643839 0.291768
vt 0.686077 0.265251
vt 0.686077 0.291768
vt 0.725170 0.265251
vt 0.725170 0.291768
vt 0.411026 0.265251
vt 0.411026 0.291768
vt 0.363184 0.291768
vt 0.363184 0.265251
vt 0.458681 0.265251
vt 0.458681 0.291768
vt 0.506572 0.265251
vt 0.506572 0.291768
vt 0.599553 0.319548
vt 0.553656 0.319548
vt 0.643839 0.319548
vt 0.686077 0.319548
vt 0.725170 0.319548
vt 0.411026 0.319548
vt 0.363184 0.319548
vt 0.458681 0.319548
vt 0.506572 0.319548
vt 0.599553 0.322052
vt 0.553656 0.322052
vt 0.643839 0.322052
vt 0.686077 0.322052
vt 0.725170 0.322052
vt 0.411026 0.322052
vt 0.363184 0.322052
vt 0.458681 0.322052
vt 0.506572 0.322052
vt 0.686077 0.324525
vt 0.725170 0.324525
vt 0.643839 0.324525
vt 0.599553 0.324525
vt 0.553656 0.324525
vt 0.506572 0.324525
vt 0.458681 0.324525
vt 0.599553 0.243572
vt 0.553656 0.243572
vt 0.599553 0.225278
vt 0.553656 0.225278
vt 0.553656 0.129600
vt 0.599553 0.129600
vt 0.599553 0.171463
vt 0.553656 0.171463
vt 0.599553 0.085139
vt 0.553656 0.085139
vt 0.599553 0.041003
vt 0.553656 0.041003
vt 0.853021 0.640564
vt 0.886247 0.634059
vt 0.896000 0.657681
vt 0.852958 0.666102
vt 0.853066 0.613609
vt 0.875944 0.609108
vt 0.643839 0.243572
vt 0.643839 0.225278
vt 0.643839 0.129600
vt 0.643839 0.171463
vt 0.643839 0.085139
vt 0.643839 0.041003
vt 0.914401 0.615248
vt 0.932459 0.633341
vt 0.895337 0.596152
vt 0.686077 0.243572
vt 0.686077 0.225278
vt 0.686077 0.129600
vt 0.686077 0.171463
vt 0.686077 0.085139
vt 0.686077 0.041003
vt 0.933273 0.587136
vt 0.956889 0.596966
vt 0.908326 0.576777
vt 0.725170 0.243572
vt 0.725170 0.225278
vt 0.725170 0.129600
vt 0.725170 0.171463
vt 0.725170 0.085139
vt 0.725170 0.041003
vt 0.939858 0.553885
vt 0.965447 0.553884
vt 0.912863 0.553885
vt 0.411026 0.243572
vt 0.363184 0.243572
vt 0.411026 0.225278
vt 0.363184 0.225278
vt 0.363184 0.129600
vt 0.411026 0.129600
vt 0.411026 0.171463
vt 0.363184 0.171463
vt 0.411026 0.085139
vt 0.363184 0.085139
vt 0.411026 0.041003
vt 0.363184 0.041003
vt 0.766502 0.553889
vt 0.773048 0.587025
vt 0.749500 0.596769
vt 0.741016 0.553890
vt 0.793419 0.553889
vt 0.797939 0.576726
vt 0.458681 0.243572
vt 0.458681 0.225278
vt 0.458681 0.129600
vt 0.458681 0.171463
vt 0.458681 0.085139
vt 0.458681 0.041003
vt 0.791824 0.615104
vt 0.773785 0.633108
vt 0.810878 0.596082
vt 0.506572 0.243572
vt 0.506572 0.225278
vt 0.506572 0.129600
vt 0.506572 0.171463
vt 0.506572 0.085139
vt 0.506572 0.041003
vt 0.819860 0.633940
vt 0.810042 0.657481
vt 0.830216 0.609053
vt 0.599553 0.210689
vt 0.553656 0.210689
vt 0.599553 0.206673
vt 0.553656 0.206673
vt 0.599553 0.002022
vt 0.553656 0.002022
vt 0.852892 0.687310
vt 0.904130 0.677369
vt 0.643839 0.210689
vt 0.643839 0.206673
vt 0.643839 0.002022
vt 0.947448 0.648361
vt 0.686077 0.210689
vt 0.686077 0.206673
vt 0.686077 0.002022
vt 0.976563 0.605178
vt 0.725170 0.210689
vt 0.725170 0.206673
vt 0.725170 0.002022
vt 0.986713 0.553884
vt 0.411026 0.210689
vt 0.363184 0.210689
vt 0.411026 0.206673
vt 0.363184 0.206673
vt 0.411026 0.002022
vt 0.363184 0.002022
vt 0.719860 0.553891
vt 0.729889 0.604884
vt 0.458681 0.210689
vt 0.458681 0.206673
vt 0.458681 0.002022
vt 0.758819 0.648044
vt 0.506572 0.210689
vt 0.506572 0.206673
vt 0.506572 0.002022
vt 0.801846 0.677079
vt 0.553656 0.208684
vt 0.599553 0.208684
vt 0.553656 0.000123
vt 0.599553 0.000123
vt 0.904928 0.679308
vt 0.852881 0.689389
vt 0.643839 0.208684
vt 0.643839 0.000123
vt 0.948905 0.649822
vt 0.686077 0.208684
vt 0.686077 0.000123
vt 0.978485 0.605981
vt 0.725170 0.208684
vt 0.725170 0.000123
vt 0.988814 0.553884
vt 0.363184 0.208684
vt 0.411026 0.208684
vt 0.363184 0.000123
vt 0.411026 0.000123
vt 0.727959 0.605683
vt 0.717803 0.553891
vt 0.458681 0.208684
vt 0.458681 0.000123
vt 0.757363 0.649496
vt 0.506572 0.208684
vt 0.506572 0.000123
vt 0.801043 0.678992
vt 0.506572 0.332756
vt 0.553656 0.332756
vt 0.599553 0.332756
vt 0.643839 0.332756
vt 0.686077 0.332756
vt 0.725170 0.332756
vt 0.171751 0.291768
vt 0.125354 0.291768
vt 0.125354 0.265251
vt 0.171751 0.265251
vt 0.081353 0.291768
vt 0.081353 0.265251
vt 0.039240 0.291768
vt 0.039240 0.265251
vt 0.000135 0.291768
vt 0.000135 0.265251
vt 0.315418 0.291768
vt 0.315418 0.265251
vt 0.267566 0.291768
vt 0.267566 0.265251
vt 0.219329 0.291768
vt 0.219329 0.265251
vt 0.171751 0.319548
vt 0.125354 0.319548
vt 0.081353 0.319548
vt 0.039240 0.319548
vt 0.000135 0.319548
vt 0.315418 0.319548
vt 0.267566 0.319548
vt 0.219329 0.319548
vt 0.171751 0.322052
vt 0.125354 0.322052
vt 0.081353 0.322052
vt 0.039240 0.322052
vt 0.000135 0.322052
vt 0.315418 0.322052
vt 0.267566 0.322052
vt 0.219329 0.322052
vt 0.039240 0.324525
vt 0.000135 0.324525
vt 0.081353 0.324525
vt 0.125354 0.324525
vt 0.171751 0.324525
vt 0.219329 0.324525
vt 0.267566 0.324525
vt 0.125354 0.243572
vt 0.171751 0.243572
vt 0.125354 0.225278
vt 0.171751 0.225278
vt 0.125354 0.171463
vt 0.125354 0.129600
vt 0.171751 0.129600
vt 0.171751 0.171463
vt 0.125354 0.085139
vt 0.171751 0.085139
vt 0.125354 0.041003
vt 0.171751 0.041003
vt 0.895994 0.450091
vt 0.886243 0.473714
vt 0.853016 0.467210
vt 0.852952 0.441673
vt 0.875941 0.498665
vt 0.853063 0.494165
vt 0.081353 0.243572
vt 0.081353 0.225278
vt 0.081353 0.171463
vt 0.081353 0.129600
vt 0.081353 0.085139
vt 0.081353 0.041003
vt 0.914398 0.492523
vt 0.932455 0.474429
vt 0.895335 0.511620
vt 0.039240 0.243572
vt 0.039240 0.225278
vt 0.039240 0.171463
vt 0.039240 0.129600
vt 0.039240 0.085139
vt 0.039240 0.041003
vt 0.956887 0.510803
vt 0.933272 0.520634
vt 0.908325 0.530995
vt 0.000135 0.243572
vt 0.000135 0.225278
vt 0.000135 0.171463
vt 0.000135 0.129600
vt 0.000135 0.085139
vt 0.000135 0.041003
vt 0.315418 0.243572
vt 0.315418 0.225278
vt 0.315418 0.171463
vt 0.315418 0.129600
vt 0.315418 0.085139
vt 0.315418 0.041003
vt 0.749498 0.511011
vt 0.773046 0.520753
vt 0.797938 0.531051
vt 0.267566 0.243572
vt 0.267566 0.225278
vt 0.267566 0.171463
vt 0.267566 0.129600
vt 0.267566 0.085139
vt 0.267566 0.041003
vt 0.791821 0.492674
vt 0.773781 0.474670
vt 0.810875 0.511694
vt 0.219329 0.243572
vt 0.219329 0.225278
vt 0.219329 0.171463
vt 0.219329 0.129600
vt 0.219329 0.085139
vt 0.219329 0.041003
vt 0.810036 0.450295
vt 0.819856 0.473836
vt 0.830213 0.498723
vt 0.125354 0.210689
vt 0.171751 0.210689
vt 0.125354 0.206673
vt 0.171751 0.206673
vt 0.125354 0.002022
vt 0.171751 0.002022
vt 0.852885 0.420464
vt 0.904123 0.430404
vt 0.081353 0.210689
vt 0.081353 0.206673
vt 0.081353 0.002022
vt 0.947442 0.459408
vt 0.039240 0.210689
vt 0.039240 0.206673
vt 0.039240 0.002022
vt 0.976561 0.502590
vt 0.000135 0.210689
vt 0.000135 0.206673
vt 0.000135 0.002022
vt 0.315418 0.210689
vt 0.315418 0.206673
vt 0.315418 0.002022
vt 0.729886 0.502897
vt 0.267566 0.210689
vt 0.267566 0.206673
vt 0.267566 0.002022
vt 0.758815 0.459734
vt 0.219329 0.210689
vt 0.219329 0.206673
vt 0.219329 0.002022
vt 0.801840 0.430698
vt 0.125354 0.208684
vt 0.171751 0.208684
vt 0.125354 0.000123
vt 0.171751 0.000123
vt 0.852875 0.418385
vt 0.904922 0.428464
vt 0.081353 0.208684
vt 0.081353 0.000123
vt 0.948899 0.457947
vt 0.039240 0.208684
vt 0.039240 0.000123
vt 0.978482 0.501786
vt 0.000135 0.208684
vt 0.000135 0.000123
vt 0.315418 0.208684
vt 0.315418 0.000123
vt 0.727956 0.502099
vt 0.267566 0.208684
vt 0.267566 0.000123
vt 0.757359 0.458283
vt 0.219329 0.208684
vt 0.219329 0.000123
vt 0.801037 0.428785
vt 0.219329 0.332756
vt 0.171751 0.332756
vt 0.125354 0.332756
vt 0.081353 0.332756
vt 0.039240 0.332756
vt 0.000135 0.332756
vt 0.823017 0.835828
vt 0.840082 0.842891
vt 0.839973 0.846803
vt 0.820686 0.847554
vt 0.829654 0.825885
vt 0.842769 0.840047
vt 0.839593 0.819240
vt 0.847083 0.837311
vt 0.851317 0.816906
vt 0.852068 0.836192
vt 0.863041 0.819237
vt 0.855979 0.836301
vt 0.872983 0.825873
vt 0.858823 0.838988
vt 0.879628 0.835810
vt 0.861560 0.843301
vt 0.881964 0.847534
vt 0.862678 0.848286
vt 0.879635 0.859258
vt 0.862570 0.852197
vt 0.872999 0.869201
vt 0.859883 0.855041
vt 0.863063 0.875847
vt 0.855569 0.857778
vt 0.851338 0.878184
vt 0.850584 0.858897
vt 0.839612 0.875855
vt 0.846673 0.858789
vt 0.829668 0.869218
vt 0.843829 0.856102
vt 0.823021 0.859280
vt 0.841092 0.851788
vt 0.845800 0.849835
vt 0.848347 0.854744
vt 0.853617 0.853070
vt 0.851326 0.847544
vt 0.858525 0.850524
vt 0.856852 0.845253
vt 0.854305 0.840345
vt 0.849035 0.842018
vt 0.844127 0.844565
vt 0.151079 0.870884
vt 0.151079 0.928606
vt 0.108767 0.928606
vt 0.108767 0.870884
vt 0.151079 0.814214
vt 0.195353 0.814214
vt 0.195353 0.870884
vt 0.069316 0.928606
vt 0.069316 0.870884
vt 0.108767 0.814214
vt 0.033067 0.928606
vt 0.033067 0.870884
vt 0.069316 0.814214
vt 0.686077 0.464434
vt 0.000137 0.928606
vt 0.000137 0.870884
vt 0.033067 0.814214
vt 0.725170 0.464434
vt 0.382654 0.870884
vt 0.382654 0.928606
vt 0.000137 0.814214
vt 0.637600 0.870884
vt 0.637600 0.814214
vt 0.671098 0.814214
vt 0.671098 0.870884
vt 0.039240 0.464434
vt 0.000135 0.464434
vt 0.600905 0.870884
vt 0.600905 0.814214
vt 0.671098 0.928606
vt 0.637600 0.928606
vt 0.561187 0.870884
vt 0.561187 0.814214
vt 0.600905 0.928606
vt 0.518741 0.870884
vt 0.518741 0.814214
vt 0.171751 0.464434
vt 0.561187 0.928606
vt 0.474410 0.870884
vt 0.474410 0.814214
vt 0.219329 0.464434
vt 0.518741 0.928606
vt 0.437280 0.870884
vt 0.439626 0.814214
vt 0.474410 0.928606
vt 0.429142 0.870884
vt 0.429142 0.928606
vt 0.386460 0.928606
vt 0.390303 0.870884
vt 0.429142 0.806686
vt 0.311639 0.464434
vt 0.434891 0.928606
vt 0.394578 0.806686
vt 0.382654 0.798990
vt 0.315418 0.464434
vt 0.335175 0.798990
vt 0.363184 0.464434
vt 0.411026 0.464434
vt 0.282451 0.928606
vt 0.278608 0.870884
vt 0.287326 0.798990
vt 0.414914 0.464434
vt 0.240681 0.928606
vt 0.240681 0.870884
vt 0.274333 0.806686
vt 0.240681 0.806686
vt 0.232278 0.928606
vt 0.229888 0.870884
vt 0.195353 0.928606
vt 0.227542 0.814214
vt 0.151079 0.734411
vt 0.151079 0.762435
vt 0.108767 0.762435
vt 0.108767 0.734411
vt 0.069316 0.762435
vt 0.069316 0.734411
vt 0.033067 0.762435
vt 0.033067 0.734411
vt 0.000137 0.762435
vt 0.000137 0.734411
vt 0.335175 0.734411
vt 0.335175 0.762435
vt 0.287326 0.762435
vt 0.287326 0.734411
vt 0.240681 0.762435
vt 0.240681 0.734411
vt 0.195353 0.762435
vt 0.195353 0.734411
vt 0.151079 0.793001
vt 0.108767 0.793001
vt 0.069316 0.793001
vt 0.033067 0.793001
vt 0.000137 0.793001
vt 0.335175 0.793001
vt 0.287326 0.793001
vt 0.240681 0.793001
vt 0.195353 0.793001
vt 0.151079 0.795986
vt 0.108767 0.795986
vt 0.069316 0.795986
vt 0.033067 0.795986
vt 0.000137 0.795986
vt 0.335175 0.795986
vt 0.287326 0.795986
vt 0.240681 0.795986
vt 0.195353 0.795986
vt 0.000137 0.798990
vt 0.033067 0.798990
vt 0.069316 0.798990
vt 0.108767 0.798990
vt 0.151079 0.798990
vt 0.195353 0.798990
vt 0.240681 0.798990
vt 0.151079 0.710877
vt 0.108767 0.710877
vt 0.151079 0.692008
vt 0.108767 0.692008
vt 0.151079 0.639621
vt 0.108767 0.639621
vt 0.108767 0.596925
vt 0.151079 0.596925
vt 0.151079 0.553537
vt 0.108767 0.553537
vt 0.151079 0.509515
vt 0.108767 0.509515
vt 0.893974 0.950329
vt 0.851363 0.958897
vt 0.851368 0.933605
vt 0.884283 0.926994
vt 0.851358 0.906877
vt 0.874050 0.902333
vt 0.069316 0.710877
vt 0.069316 0.692008
vt 0.069316 0.639621
vt 0.069316 0.596925
vt 0.069316 0.553537
vt 0.069316 0.509515
vt 0.808756 0.950420
vt 0.818416 0.927085
vt 0.828637 0.902381
vt 0.033067 0.710877
vt 0.033067 0.692008
vt 0.033067 0.639621
vt 0.033067 0.596925
vt 0.033067 0.553537
vt 0.033067 0.509515
vt 0.772653 0.926316
vt 0.790498 0.908420
vt 0.809382 0.889511
vt 0.000137 0.710877
vt 0.000137 0.692008
vt 0.000137 0.639621
vt 0.000137 0.596925
vt 0.000137 0.553537
vt 0.000137 0.509515
vt 0.748489 0.890182
vt 0.771855 0.880494
vt 0.796529 0.870264
vt 0.335175 0.710877
vt 0.287326 0.710877
vt 0.335175 0.692008
vt 0.287326 0.692008
vt 0.335175 0.639621
vt 0.287326 0.639621
vt 0.287326 0.596925
vt 0.335175 0.596925
vt 0.335175 0.553537
vt 0.287326 0.553537
vt 0.335175 0.509515
vt 0.287326 0.509515
vt 0.954088 0.804938
vt 0.962655 0.847514
vt 0.937372 0.847510
vt 0.930769 0.814606
vt 0.910652 0.847516
vt 0.906113 0.824829
vt 0.240681 0.710877
vt 0.240681 0.692008
vt 0.240681 0.639621
vt 0.240681 0.596925
vt 0.240681 0.553537
vt 0.240681 0.509515
vt 0.954184 0.890111
vt 0.930854 0.880451
vt 0.906156 0.870231
vt 0.195353 0.710877
vt 0.195353 0.692008
vt 0.195353 0.639621
vt 0.195353 0.596925
vt 0.195353 0.553537
vt 0.195353 0.509515
vt 0.930076 0.926199
vt 0.912192 0.908359
vt 0.893289 0.889481
vt 0.151079 0.677542
vt 0.108767 0.677542
vt 0.151079 0.675232
vt 0.108767 0.675232
vt 0.151079 0.469148
vt 0.108767 0.469148
vt 0.851346 0.979454
vt 0.901863 0.969305
vt 0.069316 0.677542
vt 0.069316 0.675232
vt 0.069316 0.469148
vt 0.800929 0.969306
vt 0.033067 0.677542
vt 0.033067 0.675232
vt 0.033067 0.469148
vt 0.758192 0.940855
vt 0.000137 0.677542
vt 0.000137 0.675232
vt 0.000137 0.469148
vt 0.729463 0.898071
vt 0.335175 0.677542
vt 0.287326 0.677542
vt 0.335175 0.675232
vt 0.287326 0.675232
vt 0.335175 0.469148
vt 0.287326 0.469148
vt 0.983217 0.847525
vt 0.973034 0.797083
vt 0.240681 0.677542
vt 0.240681 0.675232
vt 0.240681 0.469148
vt 0.973070 0.897938
vt 0.195353 0.677542
vt 0.195353 0.675232
vt 0.195353 0.469148
vt 0.944609 0.940669
vt 0.108767 0.676391
vt 0.151079 0.676391
vt 0.108767 0.468303
vt 0.151079 0.468303
vt 0.902212 0.970155
vt 0.851346 0.980373
vt 0.069316 0.676391
vt 0.069316 0.468303
vt 0.800578 0.970153
vt 0.033067 0.676391
vt 0.033067 0.468303
vt 0.757541 0.941503
vt 0.000137 0.676391
vt 0.000137 0.468303
vt 0.728612 0.898423
vt 0.287326 0.676391
vt 0.335175 0.676391
vt 0.287326 0.468303
vt 0.335175 0.468303
vt 0.973882 0.796731
vt 0.984136 0.847525
vt 0.240681 0.676391
vt 0.240681 0.468303
vt 0.973918 0.898290
vt 0.195353 0.676391
vt 0.195353 0.468303
vt 0.945256 0.941321
vt 0.195353 0.806686
vt 0.151079 0.806686
vt 0.108767 0.806686
vt 0.069316 0.806686
vt 0.033067 0.806686
vt 0.000137 0.806686
vt 0.518741 0.734411
vt 0.561187 0.734411
vt 0.561187 0.762435
vt 0.518741 0.762435
vt 0.600905 0.734411
vt 0.600905 0.762435
vt 0.637600 0.734411
vt 0.637600 0.762435
vt 0.671098 0.734411
vt 0.671098 0.762435
vt 0.382654 0.734411
vt 0.382654 0.762435
vt 0.429142 0.734411
vt 0.429142 0.762435
vt 0.474410 0.734411
vt 0.474410 0.762435
vt 0.561187 0.793001
vt 0.518741 0.793001
vt 0.600905 0.793001
vt 0.637600 0.793001
vt 0.671098 0.793001
vt 0.382654 0.793001
vt 0.429142 0.793001
vt 0.474410 0.793001
vt 0.561187 0.795986
vt 0.518741 0.795986
vt 0.600905 0.795986
vt 0.637600 0.795986
vt 0.671098 0.795986
vt 0.382654 0.795986
vt 0.429142 0.795986
vt 0.474410 0.795986
vt 0.671098 0.798990
vt 0.637600 0.798990
vt 0.600905 0.798990
vt 0.561187 0.798990
vt 0.518741 0.798990
vt 0.474410 0.798990
vt 0.429142 0.798990
vt 0.518741 0.710877
vt 0.561187 0.710877
vt 0.518741 0.692008
vt 0.561187 0.692008
vt 0.518741 0.639621
vt 0.518741 0.596925
vt 0.561187 0.596925
vt 0.561187 0.639621
vt 0.518741 0.553537
vt 0.561187 0.553537
vt 0.518741 0.509515
vt 0.561187 0.509515
vt 0.808733 0.744737
vt 0.818397 0.768083
vt 0.790460 0.786703
vt 0.772561 0.768834
vt 0.828615 0.792750
vt 0.809366 0.805596
vt 0.600905 0.710877
vt 0.600905 0.692008
vt 0.600905 0.596925
vt 0.600905 0.639621
vt 0.600905 0.553537
vt 0.600905 0.509515
vt 0.748452 0.804972
vt 0.771790 0.814626
vt 0.796492 0.824850
vt 0.637600 0.710877
vt 0.637600 0.692008
vt 0.637600 0.596925
vt 0.637600 0.639621
vt 0.637600 0.553537
vt 0.637600 0.509515
vt 0.765268 0.847570
vt 0.739996 0.847551
vt 0.791992 0.847569
vt 0.671098 0.710877
vt 0.671098 0.692008
vt 0.671098 0.596925
vt 0.671098 0.639621
vt 0.671098 0.553537
vt 0.671098 0.509515
vt 0.382654 0.710877
vt 0.382654 0.692008
vt 0.382654 0.596925
vt 0.382654 0.639621
vt 0.382654 0.553537
vt 0.382654 0.509515
vt 0.912152 0.786684
vt 0.930016 0.768790
vt 0.893267 0.805586
vt 0.429142 0.710877
vt 0.429142 0.692008
vt 0.429142 0.596925
vt 0.429142 0.639621
vt 0.429142 0.553537
vt 0.429142 0.509515
vt 0.893889 0.744685
vt 0.884238 0.768019
vt 0.874018 0.792716
vt 0.474410 0.710877
vt 0.474410 0.692008
vt 0.474410 0.596925
vt 0.474410 0.639621
vt 0.474410 0.553537
vt 0.474410 0.509515
vt 0.851304 0.761504
vt 0.851318 0.736243
vt 0.851304 0.788218
vt 0.518741 0.677542
vt 0.561187 0.677542
vt 0.518741 0.675232
vt 0.561187 0.675232
vt 0.518741 0.469148
vt 0.561187 0.469148
vt 0.758003 0.754320
vt 0.800881 0.725746
vt 0.600905 0.677542
vt 0.600905 0.675232
vt 0.600905 0.469148
vt 0.729558 0.797165
vt 0.637600 0.677542
vt 0.637600 0.675232
vt 0.637600 0.469148
vt 0.719490 0.847509
vt 0.671098 0.677542
vt 0.671098 0.675232
vt 0.671098 0.469148
vt 0.382654 0.677542
vt 0.382654 0.675232
vt 0.382654 0.469148
vt 0.944537 0.754233
vt 0.429142 0.677542
vt 0.429142 0.675232
vt 0.429142 0.469148
vt 0.901695 0.725790
vt 0.474410 0.677542
vt 0.474410 0.675232
vt 0.474410 0.469148
vt 0.851348 0.715734
vt 0.518741 0.676391
vt 0.561187 0.676391
vt 0.518741 0.468303
vt 0.561187 0.468303
vt 0.757352 0.753670
vt 0.800525 0.724899
vt 0.600905 0.676391
vt 0.600905 0.468303
vt 0.728710 0.796815
vt 0.637600 0.676391
vt 0.637600 0.468303
vt 0.718571 0.847513
vt 0.671098 0.676391
vt 0.671098 0.468303
vt 0.382654 0.676391
vt 0.382654 0.468303
vt 0.945186 0.753583
vt 0.429142 0.676391
vt 0.429142 0.468303
vt 0.902046 0.724942
vt 0.474410 0.676391
vt 0.474410 0.468303
vt 0.851344 0.714816
vt 0.474410 0.806686
vt 0.518741 0.806686
vt 0.561187 0.806686
vt 0.600905 0.806686
vt 0.637600 0.806686
vt 0.671098 0.806686
vt 0.785980 0.314213
vt 0.785979 0.318061
vt 0.783549 0.318150
vt 0.783185 0.314346
vt 0.779423 0.312067
vt 0.775301 0.311389
vt 0.774823 0.305240
vt 0.781782 0.309879
vt 0.779659 0.297383
vt 0.780908 0.303078
vt 0.524532 0.949619
vt 0.524532 0.952823
vt 0.520898 0.952823
vt 0.520898 0.949619
vt 0.782804 0.318103
vt 0.781218 0.317886
vt 0.781405 0.314770
vt 0.782375 0.314490
vt 0.782744 0.327108
vt 0.783578 0.322966
vt 0.785967 0.323016
vt 0.785953 0.327424
vt 0.785958 0.295869
vt 0.785980 0.302613
vt 0.782075 0.302892
vt 0.780916 0.296040
vt 0.772229 0.318750
vt 0.775245 0.321286
vt 0.773156 0.327526
vt 0.768661 0.320633
vt 0.524532 0.956317
vt 0.520898 0.956317
vt 0.520898 0.959856
vt 0.524532 0.959856
vt 0.524532 0.963265
vt 0.520898 0.963265
vt 0.520898 0.938088
vt 0.524532 0.938088
vt 0.524532 0.941245
vt 0.520898 0.941245
vt 0.643014 0.952263
vt 0.641274 0.958875
vt 0.633868 0.961523
vt 0.633026 0.952597
vt 0.924769 0.415077
vt 0.913989 0.412162
vt 0.915490 0.408507
vt 0.925065 0.410714
vt 0.905244 0.395579
vt 0.910918 0.390002
vt 0.913183 0.393556
vt 0.908278 0.397148
vt 0.907658 0.408040
vt 0.910035 0.405798
vt 0.607645 0.960792
vt 0.607512 0.953078
vt 0.621936 0.952921
vt 0.622434 0.962270
vt 0.853105 0.334817
vt 0.866707 0.329548
vt 0.869655 0.337336
vt 0.855950 0.343396
vt 0.940001 0.409540
vt 0.939467 0.415765
vt 0.832066 0.342902
vt 0.832493 0.335554
vt 0.838696 0.330616
vt 0.841532 0.339245
vt 0.904346 0.402152
vt 0.907731 0.401504
vt 0.844240 0.347887
vt 0.836294 0.348400
vt 0.937940 0.382250
vt 0.944632 0.383357
vt 0.944789 0.388299
vt 0.939319 0.388496
vt 0.607347 0.945365
vt 0.621529 0.943603
vt 0.632440 0.943643
vt 0.639893 0.945805
vt 0.923236 0.389428
vt 0.922274 0.384961
vt 0.603108 0.953096
vt 0.603018 0.945436
vt 0.871197 0.327218
vt 0.867951 0.328966
vt 0.865117 0.321043
vt 0.869780 0.317838
vt 0.945100 0.409342
vt 0.945088 0.413976
vt 0.785987 0.309152
vt 0.782707 0.309298
vt 0.850000 0.326294
vt 0.863841 0.321667
vt 0.789893 0.302875
vt 0.791007 0.295997
vt 0.779180 0.320427
vt 0.782811 0.322670
vt 0.781767 0.326678
vt 0.954223 0.388316
vt 0.949506 0.388235
vt 0.949512 0.383409
vt 0.954409 0.383383
vt 0.524532 0.945333
vt 0.520898 0.945333
vt 0.938700 0.380797
vt 0.939572 0.375608
vt 0.943992 0.375770
vt 0.943798 0.381626
vt 0.940986 0.361063
vt 0.944066 0.361007
vt 0.944109 0.368739
vt 0.940338 0.368704
vt 0.772078 0.314242
vt 0.768300 0.312077
vt 0.941052 0.353112
vt 0.944222 0.353121
vt 0.895544 0.314273
vt 0.889581 0.319916
vt 0.884424 0.311342
vt 0.890738 0.308120
vt 0.942721 0.327754
vt 0.949605 0.327764
vt 0.949596 0.336031
vt 0.944990 0.336022
vt 0.875637 0.334628
vt 0.870938 0.336722
vt 0.524532 0.966630
vt 0.520898 0.966630
vt 0.970593 0.032130
vt 0.966549 0.032085
vt 0.966177 0.023241
vt 0.970709 0.023276
vt 0.944945 0.343549
vt 0.941895 0.343520
vt 0.975337 0.066367
vt 0.968511 0.066380
vt 0.968173 0.055153
vt 0.975337 0.055143
vt 0.949475 0.409301
vt 0.949469 0.413675
vt 0.779239 0.332710
vt 0.965421 0.015589
vt 0.970667 0.015529
vt 0.967162 0.040746
vt 0.970570 0.040747
vt 0.970554 0.047545
vt 0.887660 0.327397
vt 0.884311 0.326041
vt 0.884579 0.322010
vt 0.970572 0.039172
vt 0.967048 0.039162
vt 0.882286 0.331964
vt 0.881205 0.328807
vt 0.603155 0.960758
vt 0.874498 0.325465
vt 0.877287 0.328595
vt 0.881769 0.318806
vt 0.876158 0.313518
vt 0.877786 0.318531
vt 0.874783 0.321135
vt 0.965048 0.009551
vt 0.970626 0.009051
vt 0.841033 0.026511
vt 0.837844 0.054612
vt 0.832113 0.054683
vt 0.835167 0.026016
vt 0.949491 0.083350
vt 0.949510 0.122329
vt 0.936760 0.121998
vt 0.935450 0.083449
vt 0.949529 0.161228
vt 0.937749 0.160557
vt 0.963816 0.221933
vt 0.975344 0.221178
vt 0.975346 0.258923
vt 0.963319 0.259306
vt 0.975349 0.296649
vt 0.975350 0.333756
vt 0.962670 0.332991
vt 0.962168 0.296591
vt 0.936014 0.045752
vt 0.937088 0.016935
vt 0.949459 0.017008
vt 0.949472 0.045171
vt 0.975351 0.362591
vt 0.975338 0.374883
vt 0.967194 0.372810
vt 0.962766 0.362552
vt 0.883740 0.162797
vt 0.879047 0.167010
vt 0.869492 0.153736
vt 0.874166 0.151022
vt 0.983513 0.372853
vt 0.987932 0.362562
vt 0.949536 0.174578
vt 0.942752 0.174595
vt 0.968555 0.206318
vt 0.975344 0.206314
vt 0.975338 0.079549
vt 0.968924 0.079561
vt 0.975339 0.096469
vt 0.969474 0.096480
vt 0.923254 0.223521
vt 0.917112 0.225218
vt 0.908177 0.205949
vt 0.913649 0.203220
vt 0.949560 0.223860
vt 0.943816 0.223862
vt 0.943282 0.199932
vt 0.949548 0.199926
vt 0.927396 0.243942
vt 0.920913 0.244260
vt 0.943593 0.302948
vt 0.944154 0.285446
vt 0.949591 0.285439
vt 0.949599 0.302945
vt 0.969714 0.135847
vt 0.975340 0.135846
vt 0.975341 0.157620
vt 0.969346 0.157624
vt 0.949581 0.265950
vt 0.944538 0.265953
vt 0.944314 0.245751
vt 0.949571 0.245754
vt 0.975339 0.115662
vt 0.969778 0.115665
vt 0.894897 0.186555
vt 0.899835 0.183123
vt 0.943122 0.316458
vt 0.949605 0.316458
vt 0.975336 0.040752
vt 0.980102 0.040747
vt 0.980118 0.047544
vt 0.975336 0.047547
vt 0.925613 0.263889
vt 0.919616 0.262591
vt 0.914928 0.278136
vt 0.920250 0.280819
vt 0.913768 0.292707
vt 0.908857 0.289247
vt 0.968935 0.181397
vt 0.975342 0.181391
vt 0.906904 0.301598
vt 0.896601 0.313157
vt 0.891985 0.307245
vt 0.902226 0.297743
vt 0.954221 0.343593
vt 0.949567 0.343562
vt 0.954212 0.336034
vt 0.975336 0.023274
vt 0.975336 0.032155
vt 0.975336 0.015516
vt 0.599270 0.960750
vt 0.599272 0.953103
vt 0.599274 0.945455
vt 0.975335 0.009047
vt 0.785922 0.333951
vt 0.780683 0.333339
vt 0.975336 0.039177
vt 0.836368 0.015104
vt 0.842285 0.015682
vt 0.842419 0.088819
vt 0.855399 0.121435
vt 0.850701 0.123829
vt 0.837229 0.090177
vt 0.949463 0.005346
vt 0.957339 0.007060
vt 0.961832 0.016930
vt 0.792610 0.312140
vt 0.790578 0.314794
vt 0.789581 0.314498
vt 0.790196 0.309891
vt 0.788356 0.322978
vt 0.789169 0.327131
vt 0.791065 0.303056
vt 0.792276 0.297333
vt 0.797203 0.305178
vt 0.788412 0.318153
vt 0.788772 0.314354
vt 0.789270 0.309308
vt 0.955015 0.368783
vt 0.955070 0.361095
vt 0.958141 0.361172
vt 0.958764 0.368773
vt 0.513876 0.949309
vt 0.517514 0.949309
vt 0.517514 0.953112
vt 0.513876 0.953112
vt 0.954974 0.353301
vt 0.958144 0.353284
vt 0.517514 0.938088
vt 0.517514 0.941749
vt 0.513876 0.941749
vt 0.513876 0.938088
vt 0.985570 0.393697
vt 0.987851 0.390260
vt 0.993317 0.395935
vt 0.990299 0.397561
vt 0.983442 0.408589
vt 0.984930 0.412232
vt 0.974164 0.415134
vt 0.973874 0.410777
vt 0.577019 0.943593
vt 0.591201 0.945361
vt 0.591032 0.953074
vt 0.576608 0.952911
vt 0.988878 0.405909
vt 0.991228 0.408141
vt 0.564673 0.961509
vt 0.557268 0.958857
vt 0.555530 0.952244
vt 0.565518 0.952583
vt 0.975662 0.389524
vt 0.959679 0.388534
vt 0.961080 0.382314
vt 0.976661 0.385103
vt 0.794227 0.405415
vt 0.797177 0.397626
vt 0.810779 0.402899
vt 0.807933 0.411478
vt 0.959467 0.415791
vt 0.958948 0.409565
vt 0.800045 0.389745
vt 0.813887 0.394375
vt 0.994468 0.402354
vt 0.991201 0.401771
vt 0.822354 0.407331
vt 0.819643 0.415973
vt 0.831820 0.410990
vt 0.827591 0.416488
vt 0.825192 0.398700
vt 0.576106 0.962261
vt 0.558654 0.945788
vt 0.566108 0.943628
vt 0.985624 0.009551
vt 0.985250 0.015589
vt 0.980005 0.015528
vt 0.980045 0.009051
vt 0.779461 0.379414
vt 0.787728 0.381593
vt 0.786099 0.386606
vt 0.782115 0.386880
vt 0.792944 0.404801
vt 0.788245 0.402706
vt 0.792687 0.395295
vt 0.795933 0.397044
vt 0.796746 0.311420
vt 0.513876 0.956599
vt 0.517514 0.956599
vt 0.517514 0.961265
vt 0.513876 0.961265
vt 0.831395 0.403640
vt 0.956496 0.327754
vt 0.957313 0.343580
vt 0.790152 0.326708
vt 0.789126 0.322685
vt 0.792680 0.320518
vt 0.796460 0.321361
vt 0.517514 0.965714
vt 0.513876 0.965714
vt 0.789158 0.318107
vt 0.790797 0.317897
vt 0.590896 0.960788
vt 0.955073 0.375807
vt 0.959488 0.375671
vt 0.960329 0.380862
vt 0.955238 0.381670
vt 0.517514 0.969174
vt 0.513876 0.969174
vt 0.517514 0.945458
vt 0.513876 0.945458
vt 0.984495 0.023240
vt 0.979962 0.023275
vt 0.798813 0.327659
vt 0.799903 0.318789
vt 0.803512 0.320775
vt 0.983510 0.040746
vt 0.982501 0.055152
vt 0.955025 0.345149
vt 0.957416 0.345116
vt 0.595436 0.953095
vt 0.595386 0.960757
vt 0.774302 0.387988
vt 0.768340 0.382344
vt 0.773147 0.376191
vt 0.800084 0.314248
vt 0.803911 0.312026
vt 0.984123 0.032085
vt 0.983623 0.039162
vt 0.980100 0.039172
vt 0.980078 0.032130
vt 0.798769 0.389121
vt 0.794106 0.385914
vt 0.792627 0.332785
vt 0.982163 0.066380
vt 0.779572 0.394115
vt 0.776222 0.395471
vt 0.779305 0.390084
vt 0.782678 0.396883
vt 0.781596 0.400040
vt 0.953850 0.409354
vt 0.953850 0.413988
vt 0.786596 0.396672
vt 0.789386 0.393541
vt 0.789101 0.389211
vt 0.595529 0.945434
vt 0.988029 0.332990
vt 0.988529 0.296590
vt 0.987374 0.259305
vt 0.961309 0.160545
vt 0.962259 0.121985
vt 0.794393 0.221807
vt 0.784839 0.235080
vt 0.780145 0.230866
vt 0.789720 0.219093
vt 0.962931 0.045739
vt 0.963531 0.083435
vt 0.838059 0.005696
vt 0.844306 0.006332
vt 0.842503 0.014317
vt 0.836590 0.013757
vt 0.826656 0.158252
vt 0.821467 0.156894
vt 0.826043 0.122689
vt 0.831774 0.122760
vt 0.808486 0.189507
vt 0.813184 0.191902
vt 0.956320 0.174588
vt 0.982132 0.206317
vt 0.986873 0.221931
vt 0.821599 0.083803
vt 0.827512 0.083144
vt 0.828715 0.094094
vt 0.822851 0.094593
vt 0.955028 0.285441
vt 0.955606 0.302942
vt 0.981751 0.079560
vt 0.981203 0.096479
vt 0.755710 0.274015
vt 0.746774 0.293284
vt 0.740632 0.291586
vt 0.750238 0.271287
vt 0.954827 0.245746
vt 0.954624 0.265948
vt 0.742973 0.312325
vt 0.736490 0.312007
vt 0.750117 0.360776
vt 0.743634 0.348886
vt 0.748957 0.346204
vt 0.755028 0.357316
vt 0.980901 0.115665
vt 0.955815 0.199925
vt 0.955305 0.223857
vt 0.981336 0.157624
vt 0.981750 0.181396
vt 0.768988 0.254624
vt 0.764051 0.251191
vt 0.980966 0.135847
vt 0.738272 0.331955
vt 0.744269 0.330657
vt 0.956089 0.316453
vt 0.771901 0.375316
vt 0.767284 0.381228
vt 0.756980 0.369667
vt 0.761658 0.365813
vt 0.941789 0.345039
vt 0.944153 0.345075
vt 0.791173 0.333399
vt 0.941568 0.007033
vt 0.821363 0.082455
vt 0.819334 0.074566
vt 0.825555 0.073772
vt 0.827266 0.081787
vt 0.519241 0.981267
vt 0.519244 0.984050
vt 0.516461 0.984053
vt 0.516672 0.981483
vt 0.519239 0.978659
vt 0.516804 0.979108
vt 0.514938 0.979752
vt 0.514297 0.981619
vt 0.513853 0.984055
vt 0.522027 0.984047
vt 0.521811 0.981478
vt 0.524635 0.984045
vt 0.524187 0.981610
vt 0.521675 0.979103
vt 0.523542 0.979744
vt 0.519247 0.986833
vt 0.521817 0.986618
vt 0.519249 0.989441
vt 0.521684 0.988993
vt 0.524191 0.986481
vt 0.523550 0.988348
vt 0.516677 0.986622
vt 0.514301 0.986490
vt 0.514946 0.988356
vt 0.516814 0.988997
vt 0.510564 0.959843
vt 0.510564 0.961371
vt 0.505415 0.961371
vt 0.505415 0.959843
vt 0.602666 0.982289
vt 0.602077 0.980865
vt 0.603407 0.980589
vt 0.603406 0.982136
vt 0.604778 0.982705
vt 0.605872 0.981612
vt 0.606615 0.982749
vt 0.605192 0.983337
vt 0.606892 0.984079
vt 0.605345 0.984078
vt 0.510564 0.953627
vt 0.510564 0.955156
vt 0.505415 0.955156
vt 0.505415 0.953627
vt 0.605191 0.984818
vt 0.606614 0.985408
vt 0.605869 0.986544
vt 0.604776 0.985450
vt 0.604732 0.987287
vt 0.604144 0.985864
vt 0.603403 0.986017
vt 0.603402 0.987564
vt 0.602073 0.987286
vt 0.602663 0.985863
vt 0.600937 0.986541
vt 0.602032 0.985448
vt 0.510564 0.945883
vt 0.510564 0.947411
vt 0.505415 0.947411
vt 0.505415 0.945883
vt 0.600194 0.985404
vt 0.601617 0.984815
vt 0.510564 0.942724
vt 0.510564 0.944303
vt 0.505415 0.944303
vt 0.505415 0.942724
vt 0.601464 0.984075
vt 0.599918 0.984074
vt 0.600196 0.982745
vt 0.601618 0.983335
vt 0.602033 0.982703
vt 0.600941 0.981609
vt 0.510564 0.958314
vt 0.505415 0.958314
vt 0.512845 0.981265
vt 0.512236 0.984057
vt 0.514316 0.979132
vt 0.516447 0.977656
vt 0.519237 0.977042
vt 0.522029 0.977651
vt 0.524163 0.979122
vt 0.525638 0.981253
vt 0.526252 0.984043
vt 0.525643 0.986835
vt 0.524172 0.988969
vt 0.522042 0.990444
vt 0.519251 0.991058
vt 0.516459 0.990449
vt 0.514326 0.988978
vt 0.512850 0.986847
vt 0.505415 0.962951
vt 0.502811 0.962951
vt 0.502811 0.961371
vt 0.502811 0.959843
vt 0.502811 0.958314
vt 0.505415 0.956735
vt 0.502811 0.956735
vt 0.502811 0.955156
vt 0.502811 0.953627
vt 0.505415 0.952099
vt 0.502811 0.952099
vt 0.505415 0.950519
vt 0.502811 0.950519
vt 0.505415 0.948940
vt 0.502811 0.948940
vt 0.502811 0.947411
vt 0.502811 0.945883
vt 0.502811 0.944303
vt 0.502811 0.942724
vt 0.505415 0.941195
vt 0.502811 0.941195
vt 0.505415 0.939667
vt 0.502811 0.939667
vt 0.505415 0.938088
vt 0.502811 0.938088
vt 0.511755 0.984057
vt 0.512355 0.981164
vt 0.513960 0.978776
vt 0.516345 0.977167
vt 0.519237 0.976561
vt 0.522130 0.977161
vt 0.524518 0.978766
vt 0.526128 0.981151
vt 0.526734 0.984043
vt 0.526133 0.986936
vt 0.524528 0.989324
vt 0.522143 0.990934
vt 0.519251 0.991539
vt 0.516358 0.990939
vt 0.513970 0.989334
vt 0.512360 0.986949
vt 0.502402 0.962951
vt 0.502402 0.961371
vt 0.502402 0.959843
vt 0.502402 0.958314
vt 0.502402 0.956735
vt 0.502402 0.955156
vt 0.502402 0.953627
vt 0.502402 0.952099
vt 0.502402 0.950519
vt 0.502402 0.948940
vt 0.502402 0.947411
vt 0.502402 0.945883
vt 0.502402 0.944303
vt 0.502402 0.942724
vt 0.502402 0.941195
vt 0.502402 0.939667
vt 0.502402 0.938088
vt 0.401411 0.984398
vt 0.404016 0.984401
vt 0.404013 0.987005
vt 0.401595 0.986817
vt 0.404010 0.989686
vt 0.401632 0.989236
vt 0.399647 0.988760
vt 0.399176 0.986776
vt 0.398731 0.984395
vt 0.406621 0.984404
vt 0.406432 0.986822
vt 0.409302 0.984406
vt 0.408852 0.986786
vt 0.408376 0.988769
vt 0.406390 0.989242
vt 0.404019 0.981796
vt 0.406437 0.981985
vt 0.408385 0.980041
vt 0.408857 0.982026
vt 0.406401 0.979565
vt 0.401600 0.981980
vt 0.399180 0.982016
vt 0.399656 0.980032
vt 0.401642 0.979560
vt 0.409236 0.940995
vt 0.409236 0.951103
vt 0.407571 0.951103
vt 0.407571 0.940995
vt 0.406001 0.951103
vt 0.406001 0.940995
vt 0.404431 0.951103
vt 0.404431 0.940995
vt 0.402766 0.951103
vt 0.402766 0.940995
vt 0.401101 0.951103
vt 0.401101 0.940995
vt 0.399531 0.951103
vt 0.399531 0.940995
vt 0.397961 0.951103
vt 0.397961 0.940995
vt 0.396296 0.951103
vt 0.396296 0.940995
vt 0.394632 0.951103
vt 0.394632 0.940995
vt 0.393061 0.951103
vt 0.393061 0.940995
vt 0.391491 0.951103
vt 0.391491 0.940995
vt 0.389826 0.951103
vt 0.389826 0.940995
vt 0.388161 0.951103
vt 0.388161 0.940995
vt 0.386591 0.951103
vt 0.386591 0.940995
vt 0.385021 0.951103
vt 0.385021 0.940995
vt 0.383356 0.951103
vt 0.383356 0.940995
vt 0.397295 0.987324
vt 0.396667 0.984393
vt 0.398835 0.989571
vt 0.401080 0.991115
vt 0.404008 0.991750
vt 0.406938 0.991122
vt 0.409186 0.989581
vt 0.410731 0.987338
vt 0.411365 0.984408
vt 0.410737 0.981478
vt 0.409197 0.979231
vt 0.406953 0.977686
vt 0.404022 0.979116
vt 0.404024 0.977052
vt 0.401093 0.977680
vt 0.398846 0.979220
vt 0.397301 0.981464
vt 0.409236 0.938517
vt 0.407571 0.938517
vt 0.406001 0.938517
vt 0.404431 0.938517
vt 0.402766 0.938517
vt 0.401101 0.938517
vt 0.399531 0.938517
vt 0.397961 0.938517
vt 0.396296 0.938517
vt 0.394632 0.938517
vt 0.393061 0.938517
vt 0.391491 0.938517
vt 0.389826 0.938517
vt 0.388161 0.938517
vt 0.386591 0.938517
vt 0.385021 0.938517
vt 0.383356 0.938517
vt 0.396570 0.987511
vt 0.395950 0.984392
vt 0.398296 0.990109
vt 0.400891 0.991840
vt 0.404008 0.992467
vt 0.407126 0.991847
vt 0.409724 0.990121
vt 0.411456 0.987527
vt 0.412082 0.984409
vt 0.411462 0.981290
vt 0.409736 0.978692
vt 0.407141 0.976961
vt 0.404024 0.976334
vt 0.400906 0.976954
vt 0.398308 0.978681
vt 0.396576 0.981275
vt 0.407571 0.938088
vt 0.409236 0.938088
vt 0.406001 0.938088
vt 0.404431 0.938088
vt 0.402766 0.938088
vt 0.401101 0.938088
vt 0.399531 0.938088
vt 0.397961 0.938088
vt 0.396296 0.938088
vt 0.394632 0.938088
vt 0.393061 0.938088
vt 0.391491 0.938088
vt 0.389826 0.938088
vt 0.388161 0.938088
vt 0.386591 0.938088
vt 0.385021 0.938088
vt 0.383356 0.938088
vt 0.461530 0.986679
vt 0.461529 0.984075
vt 0.464134 0.984074
vt 0.463948 0.986493
vt 0.461530 0.989359
vt 0.463909 0.988912
vt 0.465894 0.988438
vt 0.466367 0.986454
vt 0.466814 0.984074
vt 0.458924 0.984075
vt 0.459111 0.986494
vt 0.456244 0.984076
vt 0.456691 0.986455
vt 0.459150 0.988913
vt 0.457165 0.988439
vt 0.461529 0.981470
vt 0.459110 0.981657
vt 0.456691 0.981696
vt 0.457164 0.979712
vt 0.459149 0.979237
vt 0.463947 0.981656
vt 0.466367 0.981694
vt 0.465893 0.979710
vt 0.463908 0.979236
vt 0.409236 0.961211
vt 0.407571 0.961211
vt 0.406001 0.961211
vt 0.404431 0.961211
vt 0.402766 0.961211
vt 0.401101 0.961211
vt 0.399531 0.961211
vt 0.397961 0.961211
vt 0.396296 0.961211
vt 0.394632 0.961211
vt 0.393061 0.961211
vt 0.391491 0.961211
vt 0.389826 0.961211
vt 0.388161 0.961211
vt 0.386591 0.961211
vt 0.385021 0.961211
vt 0.383356 0.961211
vt 0.468247 0.987004
vt 0.468878 0.984074
vt 0.466706 0.989249
vt 0.464460 0.990792
vt 0.461530 0.991423
vt 0.458600 0.990793
vt 0.456354 0.989251
vt 0.454812 0.987006
vt 0.454180 0.984076
vt 0.454811 0.981146
vt 0.456352 0.978900
vt 0.458598 0.977357
vt 0.461528 0.978790
vt 0.461528 0.976726
vt 0.464458 0.977356
vt 0.466704 0.978899
vt 0.468246 0.981144
vt 0.409236 0.963689
vt 0.407571 0.963689
vt 0.406001 0.963689
vt 0.404431 0.963689
vt 0.402766 0.963689
vt 0.401101 0.963689
vt 0.399531 0.963689
vt 0.397961 0.963689
vt 0.396296 0.963689
vt 0.394632 0.963689
vt 0.393061 0.963689
vt 0.391491 0.963689
vt 0.389826 0.963689
vt 0.388161 0.963689
vt 0.386591 0.963689
vt 0.385021 0.963689
vt 0.383356 0.963689
vt 0.469595 0.984074
vt 0.468973 0.987192
vt 0.467244 0.989788
vt 0.464648 0.991517
vt 0.461530 0.992141
vt 0.458413 0.991518
vt 0.455816 0.989790
vt 0.454086 0.987194
vt 0.453463 0.984076
vt 0.454086 0.980958
vt 0.455814 0.978361
vt 0.458411 0.976632
vt 0.461528 0.976008
vt 0.464646 0.976632
vt 0.467242 0.978359
vt 0.468972 0.980956
vt 0.409236 0.964119
vt 0.407571 0.964119
vt 0.406001 0.964119
vt 0.404431 0.964119
vt 0.402766 0.964119
vt 0.401101 0.964119
vt 0.399531 0.964119
vt 0.397961 0.964119
vt 0.396296 0.964119
vt 0.394632 0.964119
vt 0.393061 0.964119
vt 0.391491 0.964119
vt 0.389826 0.964119
vt 0.388161 0.964119
vt 0.386591 0.964119
vt 0.385021 0.964119
vt 0.383356 0.964119
vt 0.510564 0.950519
vt 0.510564 0.952099
vt 0.510564 0.948940
vt 0.510564 0.941195
vt 0.510564 0.939667
vt 0.510564 0.938088
vt 0.510564 0.962951
vt 0.604736 0.980868
vt 0.604146 0.982290
vt 0.510564 0.956735
vt 0.602664 0.984816
vt 0.603404 0.984817
vt 0.602664 0.984076
vt 0.603405 0.984076
vt 0.602665 0.983335
vt 0.603405 0.983336
vt 0.604146 0.983336
vt 0.604145 0.984077
vt 0.604145 0.984817
vt 0.414895 0.464787
vt 0.411026 0.464787
vt 0.311658 0.464787
vt 0.315418 0.464787
vt 0.363184 0.464787
vt 0.553656 0.466223
vt 0.506572 0.466223
vt 0.195353 0.929001
vt 0.151079 0.929001
vt 0.518741 0.929001
vt 0.474410 0.929001
vt 0.219329 0.466223
vt 0.171751 0.466223
vt 0.267566 0.464787
vt 0.599553 0.466223
vt 0.108767 0.929001
vt 0.464526 0.464787
vt 0.458681 0.464787
vt 0.261734 0.464787
vt 0.561187 0.929001
vt 0.125354 0.466223
vt 0.600905 0.929001
vt 0.081353 0.466223
vt 0.506572 0.464787
vt 0.219329 0.464787
vt 0.643839 0.466223
vt 0.069316 0.929001
vt 0.637600 0.929001
vt 0.039240 0.466223
vt 0.686077 0.466223
vt 0.033067 0.929001
vt 0.553656 0.464787
vt 0.171751 0.464787
vt 0.725170 0.466223
vt 0.000137 0.929001
vt 0.599553 0.464787
vt 0.125354 0.464787
vt 0.671098 0.929001
vt 0.000135 0.466223
vt 0.335175 0.929001
vt 0.287326 0.929001
vt 0.411026 0.466223
vt 0.363184 0.466223
vt 0.643839 0.464787
vt 0.081353 0.464787
vt 0.315418 0.466223
vt 0.382654 0.929001
vt 0.414820 0.466223
vt 0.282477 0.929001
vt 0.386434 0.929001
vt 0.311733 0.466223
vt 0.240681 0.929001
vt 0.458681 0.466223
vt 0.434874 0.929001
vt 0.429142 0.929001
vt 0.267566 0.466223
vt 0.261791 0.466223
vt 0.686077 0.464787
vt 0.039240 0.464787
vt 0.464469 0.466223
vt 0.232294 0.929001
vt 0.000135 0.464787
vt 0.725170 0.464787
vt 0.779296 0.296561
vt 0.779902 0.295565
vt 0.780265 0.296676
vt 0.944546 0.344311
vt 0.944951 0.344592
vt 0.944731 0.345502
vt 0.945333 0.344243
vt 0.780413 0.295176
vt 0.870305 0.337048
vt 0.870581 0.337575
vt 0.870139 0.337771
vt 0.871220 0.337241
vt 0.938116 0.381487
vt 0.937801 0.381345
vt 0.938128 0.380682
vt 0.937441 0.381718
vt 0.863897 0.321003
vt 0.864327 0.320790
vt 0.864470 0.321334
vt 0.939932 0.416362
vt 0.939491 0.416601
vt 0.939064 0.416339
vt 0.964431 0.009512
vt 0.964245 0.008851
vt 0.964782 0.008800
vt 0.864895 0.320494
vt 0.780186 0.334051
vt 0.779607 0.333837
vt 0.779966 0.333115
vt 0.944346 0.382521
vt 0.944652 0.382391
vt 0.945044 0.382754
vt 0.944410 0.381598
vt 0.778803 0.333311
vt 0.941844 0.344281
vt 0.941242 0.344259
vt 0.941304 0.343432
vt 0.941205 0.344978
vt 0.896021 0.313789
vt 0.896464 0.314213
vt 0.895942 0.314706
vt 0.897008 0.313596
vt 0.967104 0.039954
vt 0.966478 0.039965
vt 0.966453 0.039231
vt 0.966561 0.040740
vt 0.891383 0.307720
vt 0.891042 0.307244
vt 0.891636 0.306779
vt 0.890439 0.307623
vt 0.940989 0.006936
vt 0.941182 0.006518
vt 0.941600 0.006426
vt 0.842401 0.015001
vt 0.842887 0.015064
vt 0.842902 0.015542
vt 0.843044 0.014648
vt 0.967364 0.373407
vt 0.966878 0.373270
vt 0.966635 0.372786
vt 0.836475 0.014422
vt 0.836024 0.014403
vt 0.835982 0.013873
vt 0.835837 0.014933
vt 0.791663 0.296629
vt 0.792018 0.295513
vt 0.792634 0.296505
vt 0.791502 0.295127
vt 0.954623 0.344369
vt 0.954209 0.344654
vt 0.953819 0.344293
vt 0.954438 0.345587
vt 0.793744 0.405850
vt 0.793301 0.405653
vt 0.793577 0.405127
vt 0.960908 0.381553
vt 0.961223 0.381414
vt 0.961580 0.381787
vt 0.960901 0.380750
vt 0.792662 0.405320
vt 0.799416 0.389412
vt 0.799559 0.388867
vt 0.799989 0.389081
vt 0.798990 0.388572
vt 0.985889 0.008800
vt 0.986426 0.008851
vt 0.986240 0.009512
vt 0.959869 0.416365
vt 0.959442 0.416626
vt 0.959001 0.416386
vt 0.791893 0.333183
vt 0.792244 0.333911
vt 0.791662 0.334118
vt 0.793057 0.333394
vt 0.954698 0.382553
vt 0.954397 0.382422
vt 0.954628 0.381644
vt 0.954003 0.382778
vt 0.957908 0.343492
vt 0.957970 0.344328
vt 0.957362 0.344349
vt 0.767864 0.381860
vt 0.767420 0.382284
vt 0.766877 0.381666
vt 0.767942 0.382777
vt 0.958007 0.345055
vt 0.984218 0.039230
vt 0.984194 0.039965
vt 0.983568 0.039953
vt 0.772501 0.375791
vt 0.772843 0.375315
vt 0.773447 0.375695
vt 0.772249 0.374850
vt 0.984111 0.040740
vt 0.821517 0.083117
vt 0.821037 0.083197
vt 0.820795 0.082705
vt 0.820984 0.083756
vt 0.957201 0.006458
vt 0.957708 0.006572
vt 0.957939 0.007053
vt 0.827399 0.082467
vt 0.827904 0.082419
vt 0.828031 0.082882
vt 0.827878 0.081950
vt 0.984051 0.372921
vt 0.983852 0.373345
vt 0.983414 0.373459
vt 0.781492 0.302979
vt 0.782230 0.309591
vt 0.520318 0.959856
vt 0.520318 0.956317
vt 0.779080 0.312514
vt 0.775481 0.311985
vt 0.953787 0.414709
vt 0.949469 0.414389
vt 0.975335 0.008275
vt 0.979998 0.008278
vt 0.831988 0.335299
vt 0.838482 0.330091
vt 0.913710 0.412617
vt 0.907282 0.408403
vt 0.949513 0.382783
vt 0.785918 0.334742
vt 0.525107 0.959856
vt 0.525107 0.963265
vt 0.883782 0.325790
vt 0.884025 0.322186
vt 0.967901 0.066373
vt 0.967563 0.055185
vt 0.901789 0.297345
vt 0.908376 0.288901
vt 0.970571 0.039960
vt 0.962062 0.332968
vt 0.961525 0.296585
vt 0.836615 0.090342
vt 0.831524 0.054671
vt 0.850148 0.124141
vt 0.962659 0.259319
vt 0.981817 0.096472
vt 0.981514 0.115661
vt 0.743559 0.312355
vt 0.744841 0.330530
vt 0.975336 0.039965
vt 0.599274 0.944888
vt 0.603023 0.944867
vt 0.945096 0.408701
vt 0.949476 0.408660
vt 0.513298 0.956599
vt 0.513298 0.953112
vt 0.791056 0.314943
vt 0.791247 0.317792
vt 0.792940 0.312580
vt 0.513298 0.949309
vt 0.954484 0.361161
vt 0.954376 0.353331
vt 0.797758 0.304689
vt 0.804593 0.311682
vt 0.988609 0.405622
vt 0.990838 0.401730
vt 0.554964 0.952213
vt 0.558291 0.945368
vt 0.814119 0.393839
vt 0.974213 0.415698
vt 0.793020 0.320152
vt 0.796356 0.320790
vt 0.513298 0.965714
vt 0.513298 0.961265
vt 0.785883 0.387178
vt 0.782300 0.387444
vt 0.518090 0.949309
vt 0.518090 0.953112
vt 0.518090 0.945458
vt 0.779858 0.390260
vt 0.779591 0.378833
vt 0.787904 0.381030
vt 0.985091 0.023208
vt 0.984737 0.032029
vt 0.985855 0.015418
vt 0.794254 0.385322
vt 0.982711 0.206316
vt 0.987475 0.221906
vt 0.794844 0.222182
vt 0.785244 0.235504
vt 0.982774 0.066372
vt 0.982364 0.079538
vt 0.749483 0.345939
vt 0.755509 0.356970
vt 0.747334 0.293453
vt 0.981571 0.135828
vt 0.772789 0.328261
vt 0.944601 0.375537
vt 0.520318 0.963265
vt 0.772656 0.314528
vt 0.923376 0.389996
vt 0.913378 0.393983
vt 0.633946 0.962074
vt 0.622441 0.962850
vt 0.641708 0.959255
vt 0.908606 0.397347
vt 0.831524 0.343098
vt 0.903809 0.402280
vt 0.943966 0.265950
vt 0.943747 0.245736
vt 0.923817 0.223360
vt 0.927981 0.243910
vt 0.945150 0.414697
vt 0.970673 0.008278
vt 0.962202 0.362594
vt 0.834619 0.025882
vt 0.513298 0.945458
vt 0.796574 0.312012
vt 0.799509 0.314539
vt 0.513298 0.941749
vt 0.995002 0.402469
vt 0.991599 0.408500
vt 0.831900 0.403386
vt 0.832362 0.411186
vt 0.595525 0.944865
vt 0.953856 0.408714
vt 0.788616 0.389517
vt 0.518090 0.956599
vt 0.756517 0.370031
vt 0.957083 0.327744
vt 0.779656 0.230540
vt 0.789170 0.218847
vt 0.961939 0.160529
vt 0.956891 0.174642
vt 0.956675 0.316429
vt 0.749625 0.361100
vt 0.827849 0.417026
vt 0.819490 0.416518
vt 0.988199 0.389821
vt 0.993831 0.395658
vt 0.590853 0.961360
vt 0.576099 0.962840
vt 0.975520 0.390087
vt 0.959563 0.389162
vt 0.976777 0.384520
vt 0.807770 0.412031
vt 0.788880 0.393315
vt 0.518090 0.961265
vt 0.773745 0.388257
vt 0.958771 0.353310
vt 0.832362 0.122748
vt 0.827271 0.158417
vt 0.989172 0.296584
vt 0.988638 0.332967
vt 0.988034 0.259318
vt 0.813737 0.192214
vt 0.749721 0.271024
vt 0.763573 0.250861
vt 0.956389 0.199919
vt 0.955875 0.223839
vt 0.822257 0.094569
vt 0.962419 0.016885
vt 0.975336 0.375475
vt 0.826159 0.073759
vt 0.782754 0.314419
vt 0.783155 0.318125
vt 0.783185 0.322825
vt 0.767631 0.311742
vt 0.774268 0.304762
vt 0.944821 0.353150
vt 0.944655 0.361077
vt 0.844394 0.348432
vt 0.836036 0.348938
vt 0.904715 0.395301
vt 0.910575 0.389551
vt 0.939433 0.389126
vt 0.607688 0.961364
vt 0.881585 0.319370
vt 0.878002 0.319103
vt 0.525107 0.952823
vt 0.525107 0.956317
vt 0.525107 0.949619
vt 0.875268 0.321442
vt 0.937119 0.160541
vt 0.936091 0.121990
vt 0.855962 0.121176
vt 0.874716 0.150776
vt 0.837454 0.005701
vt 0.894430 0.186899
vt 0.878641 0.167434
vt 0.967976 0.206317
vt 0.968348 0.181384
vt 0.920326 0.244290
vt 0.916552 0.225388
vt 0.969110 0.135828
vt 0.969165 0.115662
vt 0.789202 0.314427
vt 0.788806 0.318129
vt 0.788750 0.322839
vt 0.985363 0.394117
vt 0.564594 0.962059
vt 0.954198 0.388972
vt 0.949504 0.388897
vt 0.599270 0.961309
vt 0.595381 0.961319
vt 0.786409 0.396104
vt 0.518090 0.965714
vt 0.963559 0.045751
vt 0.964197 0.083441
vt 0.820878 0.156739
vt 0.825441 0.122655
vt 0.807923 0.189248
vt 0.962928 0.121977
vt 0.818755 0.074711
vt 0.949464 0.004778
vt 0.740069 0.291426
vt 0.955395 0.245730
vt 0.988496 0.362603
vt 0.829265 0.093960
vt 0.520318 0.952823
vt 0.520318 0.949619
vt 0.780745 0.317774
vt 0.780903 0.314923
vt 0.520318 0.966630
vt 0.772795 0.318482
vt 0.856112 0.343948
vt 0.922162 0.384374
vt 0.778873 0.320090
vt 0.520318 0.945333
vt 0.867329 0.329257
vt 0.875982 0.312956
vt 0.884295 0.310761
vt 0.965935 0.032029
vt 0.965580 0.023209
vt 0.875960 0.335133
vt 0.938985 0.375625
vt 0.869041 0.154112
vt 0.963214 0.221907
vt 0.844890 0.006460
vt 0.919044 0.262464
vt 0.968860 0.096472
vt 0.943588 0.285434
vt 0.926187 0.264001
vt 0.944811 0.388956
vt 0.603160 0.961321
vt 0.789748 0.309602
vt 0.804189 0.321104
vt 0.954448 0.368705
vt 0.954465 0.375570
vt 0.799170 0.328406
vt 0.989979 0.397761
vt 0.556834 0.959237
vt 0.525107 0.945333
vt 0.875004 0.325239
vt 0.520318 0.941245
vt 0.520318 0.938088
vt 0.775478 0.320797
vt 0.942135 0.327744
vt 0.907368 0.301961
vt 0.869633 0.317247
vt 0.964816 0.015419
vt 0.942181 0.174649
vt 0.884229 0.162471
vt 0.914259 0.293031
vt 0.942537 0.316436
vt 0.942708 0.199926
vt 0.900313 0.182792
vt 0.936501 0.016890
vt 0.841628 0.026487
vt 0.790478 0.302959
vt 0.513298 0.938088
vt 0.799351 0.318505
vt 0.513298 0.969174
vt 0.796555 0.397335
vt 0.782845 0.396306
vt 0.518090 0.969174
vt 0.781342 0.400554
vt 0.775671 0.395711
vt 0.958739 0.361235
vt 0.959332 0.368672
vt 0.980101 0.039960
vt 0.960075 0.375691
vt 0.787922 0.403211
vt 0.735904 0.311975
vt 0.955196 0.265944
vt 0.982336 0.181383
vt 0.769456 0.254968
vt 0.944679 0.368663
vt 0.767994 0.320948
vt 0.915586 0.408058
vt 0.925094 0.410158
vt 0.621489 0.943026
vt 0.632450 0.943089
vt 0.607370 0.944791
vt 0.940035 0.408918
vt 0.782275 0.326911
vt 0.525107 0.941245
vt 0.877474 0.328028
vt 0.914166 0.202957
vt 0.943246 0.223846
vt 0.566099 0.943075
vt 0.577060 0.943017
vt 0.973846 0.410220
vt 0.983347 0.408142
vt 0.780101 0.393865
vt 0.518090 0.938088
vt 0.518090 0.941749
vt 0.958915 0.408944
vt 0.591178 0.944788
vt 0.737697 0.332067
vt 0.955593 0.285428
vt 0.789640 0.326938
vt 0.956182 0.302910
vt 0.743099 0.349129
vt 0.756220 0.274291
vt 0.981931 0.157601
vt 0.968312 0.079538
vt 0.914402 0.277872
vt 0.785954 0.294970
vt 0.949563 0.344259
vt 0.910313 0.405510
vt 0.640257 0.945385
vt 0.525107 0.938088
vt 0.881037 0.328231
vt 0.939768 0.368600
vt 0.940383 0.361123
vt 0.888210 0.327638
vt 0.882539 0.332478
vt 0.890138 0.320184
vt 0.940425 0.353135
vt 0.934785 0.083456
vt 0.935386 0.045765
vt 0.838446 0.054578
vt 0.843008 0.088664
vt 0.907666 0.206225
vt 0.968752 0.157601
vt 0.825406 0.398175
vt 0.985207 0.412685
vt 0.983111 0.055184
vt 0.762095 0.365414
vt 0.908098 0.401450
vt 0.643580 0.952232
vt 0.849768 0.325758
vt 0.924720 0.415641
vt 0.525107 0.966630
vt 0.943017 0.302916
vt 0.920784 0.281061
vt 0.414291 0.954698
vt 0.414291 0.955167
vt 0.412530 0.955167
vt 0.412530 0.954698
vt 0.415926 0.954698
vt 0.415926 0.955167
vt 0.417560 0.954698
vt 0.417560 0.955167
vt 0.419322 0.954698
vt 0.419322 0.955167
vt 0.421083 0.954698
vt 0.421083 0.955167
vt 0.422717 0.954698
vt 0.422717 0.955167
vt 0.424352 0.954698
vt 0.424352 0.955167
vt 0.426113 0.954698
vt 0.426113 0.955167
vt 0.427874 0.954698
vt 0.427874 0.955167
vt 0.429508 0.954698
vt 0.429508 0.955167
vt 0.431143 0.954698
vt 0.431143 0.955167
vt 0.432904 0.954698
vt 0.432904 0.955167
vt 0.434666 0.954698
vt 0.434666 0.955167
vt 0.436300 0.954698
vt 0.436300 0.955167
vt 0.437934 0.954698
vt 0.437934 0.955167
vt 0.439695 0.954698
vt 0.439695 0.955167
vt 0.487569 0.981261
vt 0.488094 0.981146
vt 0.488702 0.984072
vt 0.488185 0.984072
vt 0.486080 0.979112
vt 0.486464 0.978727
vt 0.483929 0.977626
vt 0.484043 0.977100
vt 0.481117 0.977013
vt 0.481117 0.976495
vt 0.478307 0.977629
vt 0.478192 0.977103
vt 0.476156 0.979118
vt 0.475773 0.978734
vt 0.474671 0.981269
vt 0.474145 0.981154
vt 0.474057 0.984080
vt 0.473540 0.984081
vt 0.474674 0.986892
vt 0.474148 0.987007
vt 0.476162 0.989041
vt 0.475779 0.989425
vt 0.478314 0.990527
vt 0.478200 0.991053
vt 0.481125 0.991140
vt 0.481126 0.991658
vt 0.483936 0.990524
vt 0.484051 0.991049
vt 0.486086 0.989035
vt 0.486470 0.989419
vt 0.487572 0.986884
vt 0.488098 0.986999
vt 0.412530 0.951758
vt 0.414291 0.951758
vt 0.415926 0.951758
vt 0.417560 0.951758
vt 0.419322 0.951758
vt 0.421083 0.951758
vt 0.422717 0.951758
vt 0.424352 0.951758
vt 0.426113 0.951758
vt 0.427874 0.951758
vt 0.429508 0.951758
vt 0.431143 0.951758
vt 0.432904 0.951758
vt 0.434666 0.951758
vt 0.436300 0.951758
vt 0.437934 0.951758
vt 0.439695 0.951758
vt 0.486502 0.984073
vt 0.486055 0.981644
vt 0.485429 0.979764
vt 0.483547 0.979140
vt 0.481118 0.978696
vt 0.478690 0.979142
vt 0.476808 0.979768
vt 0.476184 0.981650
vt 0.475740 0.984079
vt 0.476187 0.986508
vt 0.476813 0.988389
vt 0.478695 0.989013
vt 0.481124 0.989457
vt 0.483553 0.989010
vt 0.485434 0.988384
vt 0.486058 0.986503
vt 0.412530 0.948255
vt 0.414291 0.948255
vt 0.415926 0.948255
vt 0.417560 0.948255
vt 0.419322 0.948255
vt 0.421083 0.948255
vt 0.422717 0.948255
vt 0.424352 0.948255
vt 0.426113 0.948255
vt 0.427874 0.948255
vt 0.429508 0.948255
vt 0.431143 0.948255
vt 0.432904 0.948255
vt 0.434666 0.948255
vt 0.436300 0.948255
vt 0.437934 0.948255
vt 0.439695 0.948255
vt 0.483669 0.981525
vt 0.481120 0.981318
vt 0.483880 0.984075
vt 0.481121 0.984076
vt 0.478570 0.981528
vt 0.478362 0.984078
vt 0.478573 0.986628
vt 0.481123 0.986835
vt 0.483672 0.986625
vt 0.412530 0.938088
vt 0.414291 0.938088
vt 0.414291 0.938556
vt 0.412530 0.938556
vt 0.415926 0.938088
vt 0.415926 0.938556
vt 0.417560 0.938088
vt 0.417560 0.938556
vt 0.419322 0.938088
vt 0.419322 0.938556
vt 0.421083 0.938088
vt 0.421083 0.938556
vt 0.422717 0.938088
vt 0.422717 0.938556
vt 0.424352 0.938088
vt 0.424352 0.938556
vt 0.426113 0.938088
vt 0.426113 0.938556
vt 0.427874 0.938088
vt 0.427874 0.938556
vt 0.429508 0.938088
vt 0.429508 0.938556
vt 0.431143 0.938088
vt 0.431143 0.938556
vt 0.432904 0.938088
vt 0.432904 0.938556
vt 0.434666 0.938088
vt 0.434666 0.938556
vt 0.436300 0.938088
vt 0.436300 0.938556
vt 0.437934 0.938088
vt 0.437934 0.938556
vt 0.439695 0.938088
vt 0.439695 0.938556
vt 0.492647 0.984080
vt 0.493252 0.981154
vt 0.493778 0.981268
vt 0.493164 0.984080
vt 0.494880 0.978733
vt 0.495264 0.979117
vt 0.497299 0.977103
vt 0.497414 0.977629
vt 0.500225 0.976495
vt 0.500225 0.977012
vt 0.503151 0.977100
vt 0.503036 0.977626
vt 0.505571 0.978728
vt 0.505188 0.979112
vt 0.507202 0.981147
vt 0.506676 0.981262
vt 0.507810 0.984073
vt 0.507292 0.984073
vt 0.507205 0.986999
vt 0.506679 0.986885
vt 0.505577 0.989420
vt 0.505193 0.989035
vt 0.503157 0.991050
vt 0.503043 0.990524
vt 0.500232 0.991658
vt 0.500232 0.991140
vt 0.497306 0.991052
vt 0.497421 0.990527
vt 0.494886 0.989425
vt 0.495269 0.989041
vt 0.493255 0.987006
vt 0.493781 0.986891
vt 0.414291 0.941497
vt 0.412530 0.941497
vt 0.415926 0.941497
vt 0.417560 0.941497
vt 0.419322 0.941497
vt 0.421083 0.941497
vt 0.422717 0.941497
vt 0.424352 0.941497
vt 0.426113 0.941497
vt 0.427874 0.941497
vt 0.429508 0.941497
vt 0.431143 0.941497
vt 0.432904 0.941497
vt 0.434666 0.941497
vt 0.436300 0.941497
vt 0.437934 0.941497
vt 0.439695 0.941497
vt 0.495292 0.981649
vt 0.494847 0.984079
vt 0.495916 0.979768
vt 0.497797 0.979142
vt 0.500225 0.978696
vt 0.502655 0.979140
vt 0.504537 0.979764
vt 0.505163 0.981645
vt 0.505610 0.984074
vt 0.505165 0.986503
vt 0.504541 0.988385
vt 0.502660 0.989011
vt 0.500231 0.989457
vt 0.497802 0.989013
vt 0.495920 0.988389
vt 0.495294 0.986508
vt 0.500227 0.981318
vt 0.497677 0.981528
vt 0.497469 0.984078
vt 0.500228 0.984076
vt 0.502987 0.984075
vt 0.502777 0.981526
vt 0.500230 0.986835
vt 0.502779 0.986625
vt 0.497680 0.986627
vt 0.499398 0.955147
vt 0.497631 0.955147
vt 0.497631 0.954679
vt 0.499398 0.954679
vt 0.495991 0.955147
vt 0.495991 0.954679
vt 0.494351 0.955147
vt 0.494351 0.954679
vt 0.492583 0.955147
vt 0.492583 0.954679
vt 0.490816 0.955147
vt 0.490816 0.954679
vt 0.489176 0.955147
vt 0.489176 0.954679
vt 0.487536 0.955147
vt 0.487536 0.954679
vt 0.485768 0.955147
vt 0.485768 0.954679
vt 0.484001 0.955147
vt 0.484001 0.954679
vt 0.482361 0.955147
vt 0.482361 0.954679
vt 0.480721 0.955147
vt 0.480721 0.954679
vt 0.478953 0.955147
vt 0.478953 0.954679
vt 0.477185 0.955147
vt 0.477185 0.954679
vt 0.475546 0.955147
vt 0.475546 0.954679
vt 0.473906 0.955147
vt 0.473906 0.954679
vt 0.472138 0.955147
vt 0.472138 0.954679
vt 0.430410 0.984046
vt 0.429805 0.986973
vt 0.429279 0.986858
vt 0.429892 0.984046
vt 0.428177 0.989393
vt 0.427793 0.989009
vt 0.425758 0.991023
vt 0.425643 0.990497
vt 0.422832 0.991631
vt 0.422832 0.991114
vt 0.419906 0.991026
vt 0.420021 0.990500
vt 0.417486 0.989398
vt 0.417869 0.989014
vt 0.415855 0.986980
vt 0.416381 0.986865
vt 0.415248 0.984054
vt 0.415764 0.984053
vt 0.415852 0.981127
vt 0.416378 0.981242
vt 0.417480 0.978707
vt 0.417864 0.979091
vt 0.419899 0.977077
vt 0.420014 0.977602
vt 0.422825 0.976469
vt 0.422825 0.976986
vt 0.425751 0.977074
vt 0.425636 0.977599
vt 0.428172 0.978701
vt 0.427788 0.979086
vt 0.429802 0.981120
vt 0.429276 0.981235
vt 0.497631 0.951742
vt 0.499398 0.951742
vt 0.495991 0.951742
vt 0.494351 0.951742
vt 0.492583 0.951742
vt 0.490816 0.951742
vt 0.489176 0.951742
vt 0.487536 0.951742
vt 0.485768 0.951742
vt 0.484001 0.951742
vt 0.482361 0.951742
vt 0.480721 0.951742
vt 0.478953 0.951742
vt 0.477185 0.951742
vt 0.475546 0.951742
vt 0.473906 0.951742
vt 0.472138 0.951742
vt 0.427765 0.986477
vt 0.428209 0.984047
vt 0.427141 0.988358
vt 0.425260 0.988984
vt 0.422831 0.989431
vt 0.420402 0.988986
vt 0.418520 0.988362
vt 0.417894 0.986482
vt 0.417448 0.984053
vt 0.417892 0.981623
vt 0.418516 0.979742
vt 0.420397 0.979116
vt 0.422826 0.978669
vt 0.425255 0.979113
vt 0.427137 0.979737
vt 0.427763 0.981618
vt 0.497631 0.948243
vt 0.499398 0.948243
vt 0.495991 0.948243
vt 0.494351 0.948243
vt 0.492583 0.948243
vt 0.490816 0.948243
vt 0.489176 0.948243
vt 0.487536 0.948243
vt 0.485768 0.948243
vt 0.484001 0.948243
vt 0.482361 0.948243
vt 0.480721 0.948243
vt 0.478953 0.948243
vt 0.477185 0.948243
vt 0.475546 0.948243
vt 0.473906 0.948243
vt 0.472138 0.948243
vt 0.422830 0.986809
vt 0.425379 0.986598
vt 0.425588 0.984048
vt 0.422828 0.984050
vt 0.420070 0.984051
vt 0.420280 0.986601
vt 0.422827 0.981291
vt 0.420277 0.981501
vt 0.425377 0.981499
vt 0.497631 0.938556
vt 0.497631 0.938088
vt 0.499398 0.938088
vt 0.499398 0.938556
vt 0.495991 0.938556
vt 0.495991 0.938088
vt 0.494351 0.938556
vt 0.494351 0.938088
vt 0.492583 0.938556
vt 0.492583 0.938088
vt 0.490816 0.938556
vt 0.490816 0.938088
vt 0.489176 0.938556
vt 0.489176 0.938088
vt 0.487536 0.938556
vt 0.487536 0.938088
vt 0.485768 0.938556
vt 0.485768 0.938088
vt 0.484001 0.938556
vt 0.484001 0.938088
vt 0.482361 0.938556
vt 0.482361 0.938088
vt 0.480721 0.938556
vt 0.480721 0.938088
vt 0.478953 0.938556
vt 0.478953 0.938088
vt 0.477185 0.938556
vt 0.477185 0.938088
vt 0.475546 0.938556
vt 0.475546 0.938088
vt 0.473906 0.938556
vt 0.473906 0.938088
vt 0.472138 0.938556
vt 0.472138 0.938088
vt 0.439122 0.977602
vt 0.439008 0.977076
vt 0.441934 0.976469
vt 0.441934 0.976986
vt 0.436973 0.979089
vt 0.436589 0.978706
vt 0.435486 0.981241
vt 0.434961 0.981127
vt 0.434872 0.984052
vt 0.434355 0.984052
vt 0.435488 0.986863
vt 0.434963 0.986978
vt 0.436976 0.989014
vt 0.436592 0.989397
vt 0.439127 0.990500
vt 0.439012 0.991026
vt 0.441938 0.991114
vt 0.441938 0.991631
vt 0.444750 0.990498
vt 0.444865 0.991024
vt 0.446899 0.989010
vt 0.447284 0.989394
vt 0.448386 0.986859
vt 0.448912 0.986973
vt 0.449000 0.984048
vt 0.449518 0.984048
vt 0.448384 0.981237
vt 0.448910 0.981122
vt 0.446896 0.979087
vt 0.447280 0.978703
vt 0.444746 0.977600
vt 0.444860 0.977074
vt 0.499398 0.941493
vt 0.497631 0.941493
vt 0.495991 0.941493
vt 0.494351 0.941493
vt 0.492583 0.941493
vt 0.490816 0.941493
vt 0.489176 0.941493
vt 0.487536 0.941493
vt 0.485768 0.941493
vt 0.484001 0.941493
vt 0.482361 0.941493
vt 0.480721 0.941493
vt 0.478953 0.941493
vt 0.477185 0.941493
vt 0.475546 0.941493
vt 0.473906 0.941493
vt 0.472138 0.941493
vt 0.441934 0.978669
vt 0.439505 0.979115
vt 0.437625 0.979741
vt 0.437000 0.981623
vt 0.436556 0.984052
vt 0.437001 0.986480
vt 0.437627 0.988362
vt 0.439508 0.988986
vt 0.441938 0.989431
vt 0.444367 0.988985
vt 0.446248 0.988359
vt 0.446872 0.986477
vt 0.447317 0.984048
vt 0.446871 0.981619
vt 0.446245 0.979738
vt 0.444364 0.979114
vt 0.439386 0.981501
vt 0.439178 0.984051
vt 0.441935 0.981291
vt 0.441936 0.984050
vt 0.439387 0.986600
vt 0.441937 0.986809
vt 0.444487 0.986599
vt 0.444695 0.984049
vt 0.444485 0.981499
vt 0.510876 0.953627
vt 0.510876 0.955156
vt 0.606890 0.985523
vt 0.606079 0.986754
vt 0.510876 0.947411
vt 0.510876 0.948940
vt 0.601959 0.987561
vt 0.600727 0.986750
vt 0.510876 0.941195
vt 0.510876 0.942724
vt 0.599920 0.982630
vt 0.600731 0.981398
vt 0.510876 0.945883
vt 0.599918 0.985518
vt 0.510876 0.952099
vt 0.604846 0.987563
vt 0.510876 0.939667
vt 0.601963 0.980590
vt 0.510876 0.958314
vt 0.510876 0.959843
vt 0.606082 0.981402
vt 0.606892 0.982635
vt 0.510876 0.956735
vt 0.607189 0.984079
vt 0.510876 0.950519
vt 0.603402 0.987861
vt 0.510876 0.944303
vt 0.599620 0.984074
vt 0.603407 0.980292
vt 0.604851 0.980592
vt 0.510876 0.961371
vt 0.510876 0.962951
vt 0.510876 0.938088
vn 0.0366 -0.9992 -0.0151
vn 0.0044 -1.0000 -0.0017
vn 0.0038 -1.0000 -0.0038
vn 0.0280 -0.9992 -0.0280
vn 0.0017 -1.0000 -0.0044
vn 0.0151 -0.9992 -0.0366
vn 0.0000 -1.0000 -0.0047
vn 0.0000 -0.9992 -0.0395
vn -0.0017 -1.0000 -0.0044
vn -0.0151 -0.9992 -0.0366
vn -0.0038 -1.0000 -0.0038
vn -0.0280 -0.9992 -0.0280
vn -0.0044 -1.0000 -0.0017
vn -0.0366 -0.9992 -0.0151
vn -0.0047 -1.0000 -0.0000
vn -0.0395 -0.9992 -0.0000
vn -0.0044 -1.0000 0.0017
vn -0.0366 -0.9992 0.0151
vn -0.0038 -1.0000 0.0038
vn -0.0280 -0.9992 0.0280
vn -0.0017 -1.0000 0.0044
vn -0.0151 -0.9992 0.0366
vn 0.0000 -1.0000 0.0047
vn 0.0000 -0.9992 0.0395
vn 0.0017 -1.0000 0.0044
vn 0.0151 -0.9992 0.0366
vn 0.0038 -1.0000 0.0038
vn 0.0280 -0.9992 0.0280
vn 0.0044 -1.0000 0.0017
vn 0.0366 -0.9992 0.0151
vn 0.0047 -1.0000 -0.0000
vn 0.0395 -0.9992 -0.0000
vn 0.0000 -1.0000 -0.0000
vn 0.0279 0.9936 -0.1097
vn 0.0769 0.9933 -0.0862
vn -0.1756 0.9640 0.1995
vn -0.0673 0.9648 0.2542
vn -0.5571 -0.0928 0.8253
vn -0.4059 -0.0257 0.9135
vn -0.0679 0.0233 0.9974
vn -0.1782 -0.0449 0.9830
vn 0.6506 -0.0209 0.7591
vn 0.6158 0.1695 0.7695
vn 0.2225 0.1650 0.9609
vn 0.3028 -0.0342 0.9525
vn 0.3362 0.0068 0.9418
vn -0.0740 0.9927 -0.0955
vn -0.0240 0.9929 -0.1165
vn 0.0503 0.9672 0.2491
vn 0.1526 0.9682 0.1982
vn 0.6837 -0.0088 0.7297
vn -0.1224 0.9925 0.0000
vn -0.1095 0.9925 -0.0537
vn 0.2222 0.9688 0.1095
vn 0.2469 0.9690 -0.0000
vn 0.9174 -0.0230 0.3972
vn 0.9051 -0.0377 0.4235
vn -0.1725 0.9849 -0.0106
vn -0.0382 0.9921 0.1195
vn -0.1012 0.9537 -0.2831
vn -0.4346 0.8593 -0.2698
vn 0.9995 -0.0311 0.0036
vn 0.9993 -0.0364 0.0040
vn 0.9174 -0.0233 -0.3972
vn 0.9118 -0.0366 -0.4090
vn 0.9067 0.4218 -0.0000
vn 0.7971 0.6039 0.0000
vn 0.5637 0.5142 -0.6464
vn 0.7534 0.3335 -0.5667
vn 0.6838 -0.0097 -0.7296
vn 0.6647 -0.0371 -0.7462
vn -0.1095 0.9925 0.0537
vn 0.2222 0.9688 -0.1095
vn 0.3364 0.0048 -0.9417
vn 0.3012 -0.0380 -0.9528
vn -0.0240 0.9929 0.1165
vn -0.0740 0.9927 0.0955
vn 0.1526 0.9682 -0.1982
vn 0.0503 0.9672 -0.2491
vn -0.0674 0.0200 -0.9975
vn -0.1151 -0.0393 -0.9926
vn 0.2225 0.1650 -0.9609
vn 0.6158 0.1695 -0.7695
vn -0.4737 0.0345 -0.8800
vn -0.5361 -0.0519 -0.8426
vn 0.0279 0.9936 0.1097
vn -0.0673 0.9648 -0.2542
vn -0.6307 0.0440 -0.7748
vn -0.6304 -0.0069 -0.7763
vn 0.0769 0.9933 0.0862
vn -0.1756 0.9640 -0.1995
vn 0.0378 0.9684 0.2466
vn 0.1115 0.9748 0.1933
vn -0.1122 0.9869 -0.1158
vn -0.0336 0.9887 -0.1461
vn -0.6407 0.0508 -0.7661
vn -0.3682 0.0584 -0.9279
vn -0.2340 0.2788 -0.9314
vn -0.6243 0.2194 -0.7498
vn -0.7389 0.0292 -0.6732
vn -0.2817 -0.0944 -0.9549
vn -0.9116 -0.0440 -0.4087
vn -0.7643 -0.3070 -0.5672
vn -0.2242 0.9745 0.0000
vn -0.6106 0.7920 -0.0000
vn -0.9855 -0.1696 0.0000
vn -0.9099 -0.4148 -0.0102
vn -0.6574 0.0204 0.7533
vn -0.6243 0.2194 0.7498
vn -0.2340 0.2788 0.9314
vn -0.3931 0.1020 0.9138
vn -0.9113 -0.0471 0.4091
vn -0.7994 -0.3682 0.4748
vn -0.1725 0.9849 0.0106
vn -0.4346 0.8593 0.2698
vn -0.8296 -0.0840 0.5520
vn -0.4712 -0.1744 0.8646
vn -0.6418 0.0588 0.7646
vn 0.1115 0.9748 -0.1933
vn -0.1122 0.9869 0.1158
vn -0.2152 0.1584 0.9636
vn -0.6281 0.1451 0.7644
vn -0.5760 -0.0047 0.8174
vn 0.0378 0.9684 -0.2466
vn -0.0382 0.9921 -0.1195
vn -0.1012 0.9537 0.2831
vn -0.0336 0.9887 0.1461
vn 0.3278 0.5161 0.7914
vn 0.3545 0.3769 0.8557
vn -0.0000 0.3769 0.9263
vn 0.0000 0.5161 0.8566
vn 0.6057 0.5161 0.6057
vn 0.6550 0.3769 0.6550
vn 0.7914 0.5161 0.3278
vn 0.8557 0.3769 0.3545
vn 0.8566 0.5161 -0.0000
vn 0.9263 0.3769 0.0000
vn -0.7914 0.5161 0.3278
vn -0.8557 0.3769 0.3545
vn -0.9263 0.3769 0.0000
vn -0.8566 0.5161 0.0000
vn -0.6057 0.5161 0.6057
vn -0.6550 0.3769 0.6550
vn -0.3278 0.5161 0.7914
vn -0.3545 0.3769 0.8557
vn 0.3692 0.2635 0.8912
vn -0.0000 0.2635 0.9647
vn 0.6821 0.2635 0.6821
vn 0.8912 0.2635 0.3692
vn 0.9647 0.2635 0.0000
vn -0.8912 0.2635 0.3692
vn -0.9647 0.2635 -0.0000
vn -0.6821 0.2635 0.6821
vn -0.3692 0.2635 0.8912
vn 0.3790 0.1393 0.9149
vn 0.0000 0.1393 0.9902
vn 0.7002 0.1393 0.7002
vn 0.9149 0.1393 0.3790
vn 0.9902 0.1393 0.0000
vn -0.9149 0.1393 0.3790
vn -0.9902 0.1393 -0.0000
vn -0.7002 0.1393 0.7002
vn -0.3790 0.1393 0.9149
vn 0.9242 0.0104 0.3818
vn 0.9999 0.0119 0.0000
vn 0.7085 0.0078 0.7057
vn 0.3854 0.0062 0.9227
vn 0.0039 0.0056 1.0000
vn -0.3782 0.0059 0.9257
vn -0.6893 -0.0797 0.7201
vn 0.2886 0.6567 0.6968
vn 0.0000 0.6567 0.7542
vn 0.2413 0.7762 0.5825
vn 0.0000 0.7762 0.6305
vn 0.0000 0.0137 0.9999
vn 0.3826 0.0137 0.9238
vn 0.3738 -0.2140 0.9025
vn -0.0000 -0.2140 0.9768
vn 0.3682 0.2721 0.8890
vn 0.0000 0.2721 0.9623
vn 0.3350 0.4836 0.8086
vn 0.0000 0.4836 0.8753
vn -0.0000 -0.9836 0.1802
vn 0.0690 -0.9836 0.1665
vn 0.1007 -0.9648 0.2431
vn -0.0000 -0.9648 0.2631
vn -0.0000 -0.9943 0.1063
vn 0.0407 -0.9943 0.0982
vn 0.5333 0.6567 0.5333
vn 0.4458 0.7762 0.4458
vn 0.7070 0.0137 0.7070
vn 0.6907 -0.2140 0.6907
vn 0.6804 0.2721 0.6804
vn 0.6189 0.4836 0.6189
vn 0.1274 -0.9836 0.1274
vn 0.1861 -0.9648 0.1861
vn 0.0752 -0.9943 0.0752
vn 0.6968 0.6567 0.2886
vn 0.5825 0.7762 0.2413
vn 0.9238 0.0137 0.3826
vn 0.9025 -0.2140 0.3738
vn 0.8890 0.2721 0.3682
vn 0.8086 0.4836 0.3350
vn 0.1665 -0.9836 0.0690
vn 0.2431 -0.9648 0.1007
vn 0.0982 -0.9943 0.0407
vn 0.7542 0.6567 -0.0000
vn 0.6305 0.7762 -0.0000
vn 0.9999 0.0137 -0.0000
vn 0.9768 -0.2140 -0.0000
vn 0.9623 0.2721 0.0000
vn 0.8753 0.4836 0.0000
vn 0.1802 -0.9836 -0.0000
vn 0.2631 -0.9648 -0.0000
vn 0.1063 -0.9943 -0.0000
vn -0.6968 0.6567 0.2886
vn -0.7542 0.6567 0.0000
vn -0.5825 0.7762 0.2413
vn -0.6305 0.7762 0.0000
vn -0.9999 0.0137 -0.0000
vn -0.9238 0.0137 0.3826
vn -0.9025 -0.2140 0.3738
vn -0.9768 -0.2140 -0.0000
vn -0.8890 0.2721 0.3682
vn -0.9623 0.2721 0.0000
vn -0.8086 0.4836 0.3350
vn -0.8753 0.4836 0.0000
vn -0.1802 -0.9836 -0.0000
vn -0.1665 -0.9836 0.0690
vn -0.2431 -0.9648 0.1007
vn -0.2631 -0.9648 -0.0000
vn -0.1063 -0.9943 -0.0000
vn -0.0982 -0.9943 0.0407
vn -0.5333 0.6567 0.5333
vn -0.4458 0.7762 0.4458
vn -0.7070 0.0137 0.7070
vn -0.6907 -0.2140 0.6907
vn -0.6804 0.2721 0.6804
vn -0.6189 0.4836 0.6189
vn -0.1274 -0.9836 0.1274
vn -0.1861 -0.9648 0.1861
vn -0.0752 -0.9943 0.0752
vn -0.2886 0.6567 0.6968
vn -0.2413 0.7762 0.5825
vn -0.3826 0.0137 0.9238
vn -0.3738 -0.2140 0.9025
vn -0.3682 0.2721 0.8890
vn -0.3350 0.4836 0.8086
vn -0.0690 -0.9836 0.1665
vn -0.1007 -0.9648 0.2431
vn -0.0407 -0.9943 0.0982
vn 0.2719 0.7038 0.6563
vn 0.0000 0.7038 0.7104
vn 0.3791 -0.1374 0.9151
vn 0.0000 -0.1374 0.9905
vn 0.3559 0.3678 0.8591
vn -0.0000 0.3678 0.9299
vn -0.0000 -0.8569 0.5155
vn 0.1973 -0.8569 0.4763
vn 0.5023 0.7038 0.5023
vn 0.7004 -0.1374 0.7004
vn 0.6575 0.3678 0.6575
vn 0.3645 -0.8569 0.3645
vn 0.6563 0.7038 0.2719
vn 0.9151 -0.1374 0.3791
vn 0.8591 0.3678 0.3559
vn 0.4763 -0.8569 0.1973
vn 0.7104 0.7038 0.0000
vn 0.9905 -0.1374 -0.0000
vn 0.9299 0.3678 0.0000
vn 0.5155 -0.8569 -0.0000
vn -0.6563 0.7038 0.2719
vn -0.7104 0.7038 0.0000
vn -0.9151 -0.1374 0.3791
vn -0.9905 -0.1374 0.0000
vn -0.8591 0.3678 0.3559
vn -0.9299 0.3678 0.0000
vn -0.5155 -0.8569 -0.0000
vn -0.4763 -0.8569 0.1973
vn -0.5023 0.7038 0.5023
vn -0.7004 -0.1374 0.7004
vn -0.6575 0.3678 0.6575
vn -0.3645 -0.8569 0.3645
vn -0.2719 0.7038 0.6563
vn -0.3791 -0.1374 0.9151
vn -0.3559 0.3678 0.8591
vn -0.1973 -0.8569 0.4763
vn 0.0000 0.3110 0.9504
vn 0.3637 0.3110 0.8781
vn -0.0000 -0.3094 0.9509
vn 0.3639 -0.3094 0.8786
vn 0.6720 0.3110 0.6720
vn 0.6724 -0.3094 0.6724
vn 0.8781 0.3110 0.3637
vn 0.8786 -0.3094 0.3639
vn 0.9504 0.3110 0.0000
vn 0.9509 -0.3094 0.0000
vn -0.9504 0.3110 0.0000
vn -0.8781 0.3110 0.3637
vn -0.9509 -0.3094 -0.0000
vn -0.8786 -0.3094 0.3639
vn -0.6720 0.3110 0.6720
vn -0.6724 -0.3094 0.6724
vn -0.3637 0.3110 0.8781
vn -0.3639 -0.3094 0.8786
vn -0.4425 -0.0125 0.8967
vn -0.0517 -0.0218 0.9984
vn 0.3462 -0.0279 0.9377
vn 0.6880 -0.0324 0.7250
vn 0.9182 -0.0351 0.3946
vn 0.9993 -0.0361 0.0043
vn 0.0000 0.3769 -0.9263
vn 0.3545 0.3769 -0.8557
vn 0.3278 0.5161 -0.7914
vn 0.0000 0.5161 -0.8566
vn 0.6550 0.3769 -0.6550
vn 0.6057 0.5161 -0.6057
vn 0.8557 0.3769 -0.3545
vn 0.7914 0.5161 -0.3278
vn -0.8557 0.3769 -0.3545
vn -0.7914 0.5161 -0.3278
vn -0.6550 0.3769 -0.6550
vn -0.6057 0.5161 -0.6057
vn -0.3545 0.3769 -0.8557
vn -0.3278 0.5161 -0.7914
vn 0.0000 0.2635 -0.9647
vn 0.3692 0.2635 -0.8912
vn 0.6821 0.2635 -0.6821
vn 0.8912 0.2635 -0.3692
vn -0.8912 0.2635 -0.3692
vn -0.6821 0.2635 -0.6821
vn -0.3692 0.2635 -0.8912
vn 0.0000 0.1393 -0.9902
vn 0.3790 0.1393 -0.9149
vn 0.7002 0.1393 -0.7002
vn 0.9149 0.1393 -0.3789
vn -0.9149 0.1393 -0.3789
vn -0.7002 0.1393 -0.7002
vn -0.3790 0.1393 -0.9149
vn 0.9248 0.0106 -0.3804
vn 0.7103 0.0082 -0.7038
vn 0.3886 0.0067 -0.9214
vn 0.0079 0.0061 -1.0000
vn -0.3596 0.0259 -0.9327
vn -0.6428 -0.0147 -0.7659
vn 0.2886 0.6567 -0.6968
vn -0.0000 0.6567 -0.7542
vn 0.2413 0.7762 -0.5825
vn 0.0000 0.7762 -0.6305
vn 0.3738 -0.2140 -0.9025
vn 0.3826 0.0137 -0.9238
vn 0.0000 0.0137 -0.9999
vn 0.0000 -0.2140 -0.9768
vn 0.3682 0.2721 -0.8890
vn 0.0000 0.2721 -0.9623
vn 0.3350 0.4836 -0.8086
vn -0.0000 0.4836 -0.8753
vn 0.1007 -0.9648 -0.2431
vn 0.0690 -0.9836 -0.1665
vn -0.0000 -0.9836 -0.1802
vn -0.0000 -0.9648 -0.2631
vn 0.0407 -0.9943 -0.0982
vn -0.0000 -0.9943 -0.1063
vn 0.5333 0.6567 -0.5333
vn 0.4458 0.7762 -0.4458
vn 0.6907 -0.2140 -0.6907
vn 0.7070 0.0137 -0.7070
vn 0.6804 0.2721 -0.6804
vn 0.6189 0.4836 -0.6189
vn 0.1274 -0.9836 -0.1274
vn 0.1861 -0.9648 -0.1861
vn 0.0752 -0.9943 -0.0752
vn 0.6968 0.6567 -0.2886
vn 0.5825 0.7762 -0.2413
vn 0.9025 -0.2140 -0.3738
vn 0.9238 0.0137 -0.3826
vn 0.8890 0.2721 -0.3682
vn 0.8086 0.4836 -0.3350
vn 0.2431 -0.9648 -0.1007
vn 0.1665 -0.9836 -0.0690
vn 0.0982 -0.9943 -0.0407
vn -0.6968 0.6567 -0.2886
vn -0.5825 0.7762 -0.2413
vn -0.9025 -0.2140 -0.3738
vn -0.9238 0.0137 -0.3826
vn -0.8890 0.2721 -0.3682
vn -0.8086 0.4836 -0.3350
vn -0.2431 -0.9648 -0.1007
vn -0.1665 -0.9836 -0.0690
vn -0.0982 -0.9943 -0.0407
vn -0.5333 0.6567 -0.5333
vn -0.4458 0.7762 -0.4458
vn -0.6907 -0.2140 -0.6907
vn -0.7070 0.0137 -0.7070
vn -0.6804 0.2721 -0.6804
vn -0.6189 0.4836 -0.6189
vn -0.1274 -0.9836 -0.1274
vn -0.1861 -0.9648 -0.1861
vn -0.0752 -0.9943 -0.0752
vn -0.2886 0.6567 -0.6968
vn -0.2413 0.7762 -0.5825
vn -0.3738 -0.2140 -0.9025
vn -0.3826 0.0137 -0.9238
vn -0.3682 0.2721 -0.8890
vn -0.3350 0.4836 -0.8086
vn -0.1007 -0.9648 -0.2431
vn -0.0690 -0.9836 -0.1665
vn -0.0407 -0.9943 -0.0982
vn 0.2719 0.7038 -0.6563
vn 0.0000 0.7038 -0.7104
vn 0.3791 -0.1374 -0.9151
vn 0.0000 -0.1374 -0.9905
vn 0.3559 0.3678 -0.8591
vn 0.0000 0.3678 -0.9299
vn -0.0000 -0.8569 -0.5155
vn 0.1973 -0.8569 -0.4763
vn 0.5023 0.7038 -0.5023
vn 0.7004 -0.1374 -0.7004
vn 0.6575 0.3678 -0.6575
vn 0.3645 -0.8569 -0.3645
vn 0.6563 0.7038 -0.2719
vn 0.9151 -0.1374 -0.3791
vn 0.8591 0.3678 -0.3559
vn 0.4763 -0.8569 -0.1973
vn -0.6563 0.7038 -0.2719
vn -0.9151 -0.1374 -0.3791
vn -0.8591 0.3678 -0.3559
vn -0.4763 -0.8569 -0.1973
vn -0.5023 0.7038 -0.5023
vn -0.7004 -0.1374 -0.7004
vn -0.6575 0.3678 -0.6575
vn -0.3645 -0.8569 -0.3645
vn -0.2719 0.7038 -0.6563
vn -0.3791 -0.1374 -0.9151
vn -0.3559 0.3678 -0.8591
vn -0.1973 -0.8569 -0.4763
vn 0.3637 0.3110 -0.8781
vn 0.0000 0.3110 -0.9504
vn 0.3639 -0.3094 -0.8786
vn 0.0000 -0.3094 -0.9509
vn 0.6720 0.3110 -0.6720
vn 0.6724 -0.3094 -0.6724
vn 0.8781 0.3110 -0.3637
vn 0.8786 -0.3094 -0.3639
vn -0.8781 0.3110 -0.3637
vn -0.8786 -0.3094 -0.3639
vn -0.6720 0.3110 -0.6720
vn -0.6724 -0.3094 -0.6724
vn -0.3637 0.3110 -0.8781
vn -0.3639 -0.3094 -0.8786
vn -0.3967 -0.0544 -0.9163
vn -0.0137 -0.0548 -0.9984
vn 0.3718 -0.0529 -0.9268
vn 0.7005 -0.0492 -0.7119
vn 0.9213 -0.0435 -0.3863
vn -0.0282 0.9992 0.0282
vn -0.0036 1.0000 0.0042
vn -0.0044 1.0000 0.0017
vn -0.0366 0.9992 0.0151
vn -0.0149 0.9992 0.0368
vn -0.0015 1.0000 0.0045
vn 0.0000 0.9992 0.0395
vn -0.0000 1.0000 0.0047
vn 0.0151 0.9992 0.0366
vn 0.0017 1.0000 0.0044
vn 0.0282 0.9992 0.0282
vn 0.0042 1.0000 0.0036
vn 0.0368 0.9992 0.0149
vn 0.0045 1.0000 0.0015
vn 0.0395 0.9992 0.0000
vn 0.0047 1.0000 0.0000
vn 0.0366 0.9992 -0.0151
vn 0.0044 1.0000 -0.0017
vn 0.0282 0.9992 -0.0282
vn 0.0036 1.0000 -0.0042
vn 0.0149 0.9992 -0.0368
vn 0.0015 1.0000 -0.0045
vn -0.0000 0.9992 -0.0395
vn 0.0000 1.0000 -0.0047
vn -0.0151 0.9992 -0.0366
vn -0.0017 1.0000 -0.0044
vn -0.0282 0.9992 -0.0282
vn -0.0042 1.0000 -0.0036
vn -0.0368 0.9992 -0.0148
vn -0.0045 1.0000 -0.0014
vn -0.0395 0.9992 0.0000
vn -0.0047 1.0000 0.0000
vn 0.0000 1.0000 0.0000
vn 0.1418 0.0660 -0.9877
vn 0.2158 0.2654 -0.9397
vn -0.2132 0.2618 -0.9413
vn -0.2985 0.0385 -0.9536
vn 0.0202 0.0279 -0.9994
vn 0.4562 0.0770 -0.8865
vn 0.5950 0.0512 -0.8021
vn -0.6010 0.2594 -0.7559
vn -0.6632 0.0377 -0.7475
vn -0.3686 0.0313 -0.9291
vn -0.8701 0.2580 -0.4201
vn -0.9114 0.0371 -0.4099
vn -0.6997 0.0340 -0.7136
vn 0.8878 0.1721 0.4269
vn -0.9663 0.2575 0.0000
vn -0.9993 0.0365 0.0035
vn -0.9214 0.0358 -0.3870
vn 0.9849 0.1729 -0.0000
vn 0.7618 0.3932 0.5148
vn 0.5637 0.5142 0.6464
vn -0.9993 0.0364 0.0052
vn -0.9086 0.0294 0.4165
vn -0.9132 0.0358 0.4060
vn 0.8878 0.1721 -0.4269
vn -0.6524 0.0225 0.7575
vn -0.6696 0.0340 0.7419
vn -0.8701 0.2580 0.4201
vn -0.2770 0.0159 0.9607
vn -0.3107 0.0313 0.9500
vn -0.6011 0.2594 0.7559
vn 0.1490 0.0097 0.9888
vn 0.1015 0.0278 0.9944
vn -0.2152 0.1584 -0.9636
vn -0.2132 0.2618 0.9413
vn 0.5741 0.0159 0.8186
vn 0.5083 0.0307 0.8606
vn -0.6281 0.1451 -0.7644
vn 0.2158 0.2654 0.9397
vn 0.6589 -0.0203 0.7519
vn 0.5815 0.0130 0.8134
vn 0.6138 0.2787 0.7387
vn 0.4065 0.0448 0.9125
vn 0.2554 0.1221 0.9591
vn 0.1695 0.2198 0.9607
vn 0.4934 0.0830 0.8659
vn 0.6951 0.1298 0.7071
vn -0.2037 0.1758 -0.9631
vn 0.6265 0.2038 0.7523
vn 0.7890 0.2900 0.5416
vn 0.9102 0.2128 0.3554
vn -0.7240 -0.0725 -0.6859
vn 0.9810 0.1935 -0.0131
vn -0.9772 -0.2122 0.0000
vn -0.7240 -0.0725 0.6859
vn 0.1695 0.2198 -0.9607
vn 0.3099 0.0040 -0.9507
vn 0.8664 0.1430 -0.4784
vn -0.2037 0.1758 0.9631
vn 0.2554 0.1221 -0.9591
vn 0.3683 -0.0267 -0.9293
vn 0.6120 0.0315 -0.7902
vn 0.5417 0.0669 -0.8379
vn 0.6265 0.2038 -0.7523
vn 0.6337 -0.0042 -0.7736
vn 0.6138 0.2787 -0.7387
vn 0.6059 0.0569 -0.7935
vn 0.0000 -0.5161 -0.8565
vn -0.0000 -0.3770 -0.9262
vn -0.3544 -0.3770 -0.8557
vn -0.3278 -0.5161 -0.7913
vn -0.6549 -0.3770 -0.6549
vn -0.6056 -0.5161 -0.6056
vn -0.8557 -0.3770 -0.3544
vn -0.7913 -0.5161 -0.3278
vn -0.9262 -0.3770 0.0000
vn -0.8565 -0.5161 0.0000
vn 0.8565 -0.5161 -0.0000
vn 0.9262 -0.3770 0.0000
vn 0.8557 -0.3770 -0.3544
vn 0.7913 -0.5161 -0.3278
vn 0.6549 -0.3770 -0.6549
vn 0.6056 -0.5161 -0.6056
vn 0.3544 -0.3770 -0.8557
vn 0.3278 -0.5161 -0.7913
vn -0.0000 -0.2629 -0.9648
vn -0.3692 -0.2629 -0.8914
vn -0.6822 -0.2628 -0.6822
vn -0.8914 -0.2629 -0.3692
vn -0.9648 -0.2629 -0.0000
vn 0.9648 -0.2629 -0.0000
vn 0.8914 -0.2629 -0.3692
vn 0.6822 -0.2628 -0.6822
vn 0.3692 -0.2629 -0.8914
vn 0.0003 -0.1398 -0.9902
vn -0.3791 -0.1395 -0.9148
vn -0.7002 -0.1394 -0.7002
vn -0.9148 -0.1393 -0.3790
vn -0.9903 -0.1393 -0.0000
vn 0.9923 -0.1235 0.0037
vn 0.9140 -0.1323 -0.3834
vn 0.6995 -0.1378 -0.7012
vn 0.3792 -0.1397 -0.9147
vn -0.9999 -0.0168 -0.0000
vn -0.9227 -0.0154 -0.3852
vn -0.7030 -0.0170 -0.7110
vn -0.3745 -0.0194 -0.9270
vn 0.0117 -0.0226 -0.9997
vn 0.3966 -0.0275 -0.9176
vn 0.7212 0.0131 -0.6926
vn 0.0000 -0.6567 -0.7542
vn -0.2886 -0.6567 -0.6968
vn -0.0000 -0.7767 -0.6299
vn -0.2410 -0.7767 -0.5819
vn 0.0000 0.2142 -0.9768
vn -0.3738 0.2142 -0.9024
vn -0.3826 -0.0138 -0.9238
vn -0.0000 -0.0138 -0.9999
vn -0.0000 -0.2720 -0.9623
vn -0.3683 -0.2720 -0.8890
vn 0.0000 -0.4840 -0.8751
vn -0.3349 -0.4840 -0.8085
vn 0.0000 0.9651 -0.2619
vn -0.1002 0.9651 -0.2419
vn -0.0689 0.9836 -0.1664
vn 0.0000 0.9836 -0.1802
vn -0.0407 0.9943 -0.0982
vn -0.0000 0.9943 -0.1063
vn -0.5333 -0.6567 -0.5333
vn -0.4454 -0.7767 -0.4454
vn -0.6907 0.2142 -0.6907
vn -0.7070 -0.0138 -0.7070
vn -0.6804 -0.2720 -0.6804
vn -0.6188 -0.4840 -0.6188
vn -0.1852 0.9651 -0.1852
vn -0.1274 0.9836 -0.1274
vn -0.0752 0.9943 -0.0752
vn -0.6968 -0.6567 -0.2886
vn -0.5819 -0.7767 -0.2410
vn -0.9024 0.2142 -0.3738
vn -0.9238 -0.0138 -0.3826
vn -0.8890 -0.2720 -0.3683
vn -0.8085 -0.4840 -0.3349
vn -0.2419 0.9651 -0.1002
vn -0.1664 0.9836 -0.0689
vn -0.0982 0.9943 -0.0407
vn -0.7542 -0.6567 0.0000
vn -0.6299 -0.7767 0.0000
vn -0.9768 0.2142 0.0000
vn -0.9999 -0.0138 0.0000
vn -0.9623 -0.2720 -0.0000
vn -0.8751 -0.4840 -0.0000
vn -0.2619 0.9651 0.0000
vn -0.1802 0.9836 0.0000
vn -0.1063 0.9943 0.0000
vn 0.7542 -0.6567 -0.0000
vn 0.6968 -0.6567 -0.2886
vn 0.6299 -0.7767 0.0000
vn 0.5819 -0.7767 -0.2410
vn 0.9768 0.2142 0.0000
vn 0.9024 0.2142 -0.3738
vn 0.9238 -0.0138 -0.3826
vn 0.9999 -0.0138 0.0000
vn 0.9623 -0.2720 -0.0000
vn 0.8890 -0.2720 -0.3683
vn 0.8751 -0.4840 -0.0000
vn 0.8085 -0.4840 -0.3349
vn 0.2619 0.9651 0.0000
vn 0.2419 0.9651 -0.1002
vn 0.1664 0.9836 -0.0689
vn 0.1802 0.9836 0.0000
vn 0.0982 0.9943 -0.0407
vn 0.1063 0.9943 0.0000
vn 0.5333 -0.6567 -0.5333
vn 0.4454 -0.7767 -0.4454
vn 0.6907 0.2142 -0.6907
vn 0.7070 -0.0138 -0.7070
vn 0.6804 -0.2720 -0.6804
vn 0.6188 -0.4840 -0.6188
vn 0.1852 0.9651 -0.1852
vn 0.1274 0.9836 -0.1274
vn 0.0752 0.9943 -0.0752
vn 0.2886 -0.6567 -0.6968
vn 0.2410 -0.7767 -0.5819
vn 0.3738 0.2142 -0.9024
vn 0.3826 -0.0138 -0.9238
vn 0.3683 -0.2720 -0.8890
vn 0.3349 -0.4840 -0.8085
vn 0.1002 0.9651 -0.2419
vn 0.0689 0.9836 -0.1664
vn 0.0407 0.9943 -0.0982
vn 0.0000 -0.7208 -0.6931
vn -0.2653 -0.7207 -0.6405
vn -0.0000 0.1601 -0.9871
vn -0.3777 0.1601 -0.9120
vn 0.0000 -0.4248 -0.9053
vn -0.3464 -0.4248 -0.8364
vn -0.1416 0.9290 -0.3418
vn -0.0000 0.9291 -0.3699
vn -0.4902 -0.7207 -0.4903
vn -0.6980 0.1601 -0.6980
vn -0.6401 -0.4248 -0.6401
vn -0.2616 0.9291 -0.2616
vn -0.6404 -0.7208 -0.2652
vn -0.9120 0.1601 -0.3777
vn -0.8364 -0.4248 -0.3464
vn -0.3418 0.9291 -0.1416
vn -0.6931 -0.7208 0.0000
vn -0.9871 0.1601 0.0000
vn -0.9053 -0.4248 -0.0000
vn -0.3699 0.9291 -0.0000
vn 0.6931 -0.7208 -0.0000
vn 0.6404 -0.7208 -0.2653
vn 0.9871 0.1601 -0.0000
vn 0.9120 0.1601 -0.3777
vn 0.9053 -0.4248 -0.0000
vn 0.8364 -0.4248 -0.3464
vn 0.3418 0.9290 -0.1416
vn 0.3699 0.9291 -0.0000
vn 0.4903 -0.7207 -0.4902
vn 0.6980 0.1601 -0.6980
vn 0.6401 -0.4248 -0.6401
vn 0.2615 0.9291 -0.2617
vn 0.2652 -0.7208 -0.6404
vn 0.3777 0.1601 -0.9120
vn 0.3464 -0.4248 -0.8364
vn 0.1416 0.9291 -0.3418
vn -0.3641 -0.3088 -0.8787
vn -0.0000 -0.3088 -0.9511
vn -0.3540 0.3798 -0.8546
vn 0.0000 0.3798 -0.9251
vn -0.6727 -0.3088 -0.6724
vn -0.6542 0.3798 -0.6541
vn -0.8787 -0.3088 -0.3639
vn -0.8546 0.3798 -0.3540
vn -0.9511 -0.3088 0.0000
vn -0.9251 0.3798 -0.0000
vn 0.8787 -0.3088 -0.3640
vn 0.9511 -0.3088 -0.0000
vn 0.8546 0.3798 -0.3540
vn 0.9251 0.3798 -0.0000
vn 0.6725 -0.3088 -0.6726
vn 0.6541 0.3798 -0.6542
vn 0.3640 -0.3088 -0.8787
vn 0.3540 0.3798 -0.8547
vn 0.4111 -0.0286 -0.9111
vn 0.0219 -0.0051 -0.9997
vn -0.3679 0.0073 -0.9298
vn -0.6997 0.0185 -0.7142
vn -0.9216 0.0282 -0.3871
vn -0.9995 0.0326 -0.0000
vn 0.0000 -0.5161 0.8565
vn -0.3278 -0.5161 0.7913
vn -0.3544 -0.3770 0.8557
vn -0.0000 -0.3770 0.9262
vn -0.6056 -0.5161 0.6056
vn -0.6549 -0.3770 0.6549
vn -0.7913 -0.5161 0.3278
vn -0.8557 -0.3770 0.3544
vn 0.7913 -0.5161 0.3278
vn 0.8557 -0.3770 0.3544
vn 0.6056 -0.5161 0.6056
vn 0.6549 -0.3770 0.6549
vn 0.3278 -0.5161 0.7913
vn 0.3544 -0.3770 0.8557
vn -0.3692 -0.2629 0.8914
vn -0.0000 -0.2629 0.9648
vn -0.6822 -0.2628 0.6822
vn -0.8914 -0.2629 0.3692
vn 0.8914 -0.2629 0.3692
vn 0.6822 -0.2628 0.6822
vn 0.3692 -0.2629 0.8914
vn -0.3789 -0.1394 0.9149
vn 0.0003 -0.1398 0.9902
vn -0.7002 -0.1394 0.7003
vn -0.9148 -0.1393 0.3790
vn 0.9134 -0.1299 0.3858
vn 0.6994 -0.1377 0.7013
vn 0.3788 -0.1396 0.9149
vn -0.9228 -0.0170 0.3848
vn -0.7083 -0.0244 0.7055
vn -0.3852 -0.0307 0.9223
vn -0.0039 -0.0380 0.9993
vn 0.3804 -0.0476 0.9236
vn 0.6907 -0.0482 0.7215
vn 0.0000 -0.6567 0.7542
vn -0.2886 -0.6567 0.6968
vn 0.0000 -0.7767 0.6299
vn -0.2410 -0.7767 0.5819
vn 0.0000 0.2142 0.9768
vn -0.0000 -0.0138 0.9999
vn -0.3826 -0.0138 0.9238
vn -0.3738 0.2142 0.9024
vn 0.0000 -0.2720 0.9623
vn -0.3683 -0.2720 0.8890
vn 0.0000 -0.4840 0.8751
vn -0.3349 -0.4840 0.8085
vn 0.0000 0.9651 0.2619
vn 0.0000 0.9836 0.1802
vn -0.0689 0.9836 0.1665
vn -0.1002 0.9651 0.2419
vn 0.0000 0.9943 0.1063
vn -0.0407 0.9943 0.0982
vn -0.5333 -0.6567 0.5333
vn -0.4454 -0.7767 0.4454
vn -0.7070 -0.0138 0.7070
vn -0.6907 0.2142 0.6907
vn -0.6804 -0.2720 0.6804
vn -0.6188 -0.4840 0.6188
vn -0.1852 0.9651 0.1852
vn -0.1274 0.9836 0.1274
vn -0.0752 0.9943 0.0752
vn -0.6968 -0.6567 0.2886
vn -0.5819 -0.7767 0.2410
vn -0.9238 -0.0138 0.3826
vn -0.9024 0.2142 0.3738
vn -0.8890 -0.2720 0.3683
vn -0.8085 -0.4840 0.3349
vn -0.1664 0.9836 0.0689
vn -0.2419 0.9651 0.1002
vn -0.0982 0.9943 0.0407
vn 0.6968 -0.6567 0.2886
vn 0.5819 -0.7767 0.2410
vn 0.9238 -0.0138 0.3826
vn 0.9024 0.2142 0.3738
vn 0.8890 -0.2720 0.3683
vn 0.8085 -0.4840 0.3349
vn 0.1664 0.9836 0.0689
vn 0.2419 0.9651 0.1002
vn 0.0982 0.9943 0.0407
vn 0.5333 -0.6567 0.5333
vn 0.4454 -0.7767 0.4454
vn 0.7070 -0.0138 0.7070
vn 0.6907 0.2142 0.6907
vn 0.6804 -0.2720 0.6804
vn 0.6188 -0.4840 0.6188
vn 0.1852 0.9651 0.1852
vn 0.1274 0.9836 0.1274
vn 0.0752 0.9943 0.0752
vn 0.2886 -0.6567 0.6968
vn 0.2410 -0.7767 0.5819
vn 0.3826 -0.0138 0.9238
vn 0.3738 0.2142 0.9024
vn 0.3683 -0.2720 0.8890
vn 0.3349 -0.4840 0.8085
vn 0.0689 0.9836 0.1665
vn 0.1002 0.9651 0.2419
vn 0.0407 0.9943 0.0982
vn 0.0000 -0.7208 0.6931
vn -0.2653 -0.7207 0.6405
vn 0.0000 0.1601 0.9871
vn -0.3777 0.1601 0.9120
vn 0.0000 -0.4248 0.9053
vn -0.3464 -0.4248 0.8364
vn -0.1416 0.9290 0.3419
vn 0.0000 0.9291 0.3699
vn -0.4902 -0.7208 0.4900
vn -0.6980 0.1601 0.6980
vn -0.6401 -0.4248 0.6401
vn -0.2617 0.9290 0.2617
vn -0.6404 -0.7208 0.2652
vn -0.9120 0.1601 0.3777
vn -0.8364 -0.4248 0.3464
vn -0.3418 0.9291 0.1415
vn 0.6404 -0.7208 0.2653
vn 0.9120 0.1601 0.3777
vn 0.8364 -0.4248 0.3464
vn 0.3418 0.9291 0.1416
vn 0.4902 -0.7207 0.4902
vn 0.6980 0.1601 0.6980
vn 0.6401 -0.4248 0.6401
vn 0.2616 0.9290 0.2616
vn 0.2652 -0.7208 0.6404
vn 0.3777 0.1601 0.9120
vn 0.3464 -0.4248 0.8364
vn 0.1415 0.9290 0.3418
vn 0.0000 -0.3088 0.9511
vn -0.3640 -0.3087 0.8788
vn 0.0000 0.3798 0.9251
vn -0.3540 0.3798 0.8546
vn -0.6726 -0.3086 0.6726
vn -0.6541 0.3799 0.6541
vn -0.8787 -0.3088 0.3640
vn -0.8546 0.3798 0.3540
vn 0.8787 -0.3088 0.3640
vn 0.8546 0.3798 0.3540
vn 0.6726 -0.3088 0.6726
vn 0.6541 0.3798 0.6541
vn 0.3640 -0.3088 0.8787
vn 0.3540 0.3798 0.8546
vn 0.3744 0.0109 0.9272
vn -0.0089 0.0219 0.9997
vn -0.3888 0.0278 0.9209
vn -0.7099 0.0323 0.7035
vn -0.9242 0.0351 0.3804
vn 0.1038 0.9946 0.0000
vn 0.3910 0.9204 0.0000
vn 0.3912 0.9038 -0.1738
vn 0.1006 0.9807 -0.1679
vn -0.0940 0.0981 -0.9907
vn -0.1443 -0.0003 -0.9895
vn 0.1030 0.1144 -0.9881
vn -0.0108 0.2212 -0.9752
vn -0.0003 0.3496 -0.9369
vn -0.0646 0.2021 -0.9772
vn 0.7122 0.6683 0.2149
vn 0.0217 0.9677 0.2514
vn -0.0002 0.9626 -0.2709
vn 0.6947 0.6727 -0.2547
vn 0.0912 0.2270 -0.9696
vn 0.0947 0.0992 -0.9906
vn -0.0001 0.1287 -0.9917
vn 0.0253 0.2327 -0.9722
vn 0.9611 0.1605 -0.2248
vn 0.7820 0.5878 -0.2073
vn 0.7874 0.6165 0.0000
vn 0.9853 0.1707 0.0000
vn -0.3156 0.9489 0.0000
vn -0.3056 0.9522 0.0000
vn -0.2995 0.9335 -0.1971
vn -0.2725 0.9517 -0.1412
vn -0.0008 -0.1484 -0.9889
vn 0.1081 -0.1168 -0.9873
vn 0.0072 0.1947 -0.9808
vn 0.0495 0.2148 -0.9754
vn -0.6862 0.6855 0.2432
vn -0.6959 0.6734 -0.2495
vn -0.9715 0.0028 -0.2371
vn -0.9705 0.0039 0.2409
vn -0.6715 -0.6995 0.2445
vn -0.6827 -0.6916 -0.2359
vn -0.0029 -0.9712 -0.2384
vn 0.0168 -0.9694 0.2449
vn 0.7115 -0.6645 0.2285
vn 0.7104 -0.6725 -0.2079
vn -0.9097 0.0096 -0.4152
vn -0.8593 0.1972 -0.4720
vn -0.7790 0.2479 -0.5759
vn -0.7871 0.0372 -0.6157
vn 0.1696 -0.9848 0.0380
vn 0.0438 -0.9774 0.2067
vn -0.2692 -0.9625 -0.0333
vn -0.1648 -0.9754 -0.1464
vn -0.2344 0.6832 0.6916
vn 0.1014 0.9621 0.2531
vn -0.2126 0.9771 0.0054
vn -0.5833 0.6971 0.4170
vn -0.2523 -0.7407 0.6227
vn -0.5791 -0.7271 0.3687
vn -0.9497 0.2288 -0.2139
vn -0.9766 0.0352 -0.2121
vn -0.8853 0.0396 -0.4634
vn -0.8489 0.2511 -0.4652
vn 0.8658 -0.0402 0.4988
vn 0.8549 -0.0386 0.5174
vn 0.8553 0.1867 0.4834
vn 0.8589 0.1667 0.4843
vn -0.1967 -0.9756 -0.0971
vn 0.0385 -0.9979 0.0516
vn 0.6193 -0.0467 0.7838
vn 0.6661 -0.2100 0.7157
vn 0.7475 -0.2512 0.6149
vn 0.7906 -0.0371 0.6112
vn -0.4322 -0.0652 0.8994
vn -0.7730 -0.0535 0.6322
vn 0.7542 0.1789 0.6318
vn 0.6626 0.1401 0.7357
vn 0.1294 0.9902 0.0517
vn 0.1370 0.9885 -0.0639
vn -0.1549 0.9878 -0.0143
vn -0.1281 0.9884 -0.0820
vn -0.9632 -0.1570 -0.2182
vn -0.8681 -0.1712 -0.4659
vn -0.7999 -0.1789 -0.5729
vn -0.8686 -0.1518 -0.4717
vn -0.0985 0.9891 -0.1090
vn 0.2292 0.9702 0.0783
vn -0.9960 0.0332 -0.0828
vn -0.9836 -0.1604 -0.0826
vn 0.0750 -0.0064 0.9972
vn 0.2238 -0.0208 0.9744
vn 0.1322 -0.2234 0.9657
vn -0.0030 -0.1974 0.9803
vn -0.2281 -0.9735 -0.0178
vn -0.0787 -0.9969 0.0022
vn -0.0767 0.9971 0.0000
vn -0.0864 0.9782 -0.1889
vn 0.8483 -0.2419 0.4710
vn 0.8330 -0.2573 0.4899
vn -0.2995 0.9335 0.1971
vn -0.2725 0.9517 0.1412
vn 0.1597 0.0058 -0.9872
vn 0.1709 0.1543 -0.9731
vn 0.1913 0.0377 -0.9808
vn -0.1549 0.9878 0.0143
vn -0.1542 0.9880 -0.0000
vn 0.2382 0.9712 0.0000
vn 0.1370 0.9885 0.0639
vn 0.9802 0.0112 0.1977
vn 0.9785 -0.0251 -0.2046
vn 0.0944 0.9812 0.1686
vn 0.0554 0.9791 0.1956
vn 0.0367 0.9794 -0.1985
vn 0.0804 0.9818 -0.1718
vn 0.6427 0.7404 0.1971
vn 0.6356 0.7445 -0.2045
vn 0.1956 0.9616 -0.1926
vn 0.2080 0.9594 0.1905
vn -0.1053 -0.1024 -0.9891
vn 0.1419 0.1803 -0.9733
vn 0.6531 0.7245 0.2206
vn 0.6417 0.7332 -0.2250
vn 0.1482 0.1728 0.9738
vn 0.1771 0.1116 0.9778
vn 0.0698 -0.1788 0.9814
vn 0.0345 -0.1786 0.9833
vn 0.5298 0.8253 0.1952
vn 0.5340 0.8455 0.0000
vn 0.5012 0.8654 0.0000
vn 0.5012 0.8654 0.0001
vn 0.0957 0.1880 0.9775
vn 0.2537 0.1754 0.9513
vn -0.0427 -0.9991 0.0000
vn -0.0286 -0.9787 0.2031
vn -0.0933 -0.9754 0.1995
vn -0.1123 -0.9937 0.0000
vn 0.4283 0.9029 -0.0370
vn 0.4955 0.8487 0.1850
vn -0.6307 -0.7760 0.0000
vn -0.6128 -0.7639 0.2025
vn -0.4716 -0.8591 0.1989
vn -0.4913 -0.8710 0.0000
vn -0.2312 -0.9729 -0.0000
vn -0.0804 -0.9968 -0.0000
vn 0.1748 0.1969 -0.9647
vn -0.2877 -0.9362 0.2018
vn -0.3009 -0.9536 0.0033
vn -0.3560 -0.9141 0.1944
vn -0.3797 -0.9251 0.0001
vn -0.4167 -0.9090 0.0001
vn 0.2121 0.1785 0.9608
vn -0.0286 -0.1023 0.9943
vn -0.0737 0.0012 0.9973
vn -0.1919 -0.9814 0.0000
vn -0.1769 -0.9650 0.1938
vn 0.1228 0.2137 0.9691
vn 0.0761 -0.1423 0.9869
vn -0.9705 0.2276 -0.0794
vn 0.2338 -0.0048 0.9723
vn 0.1754 -0.1067 0.9787
vn -0.0227 0.1071 0.9940
vn 0.0477 -0.2115 0.9762
vn 0.0789 0.1407 0.9869
vn 0.1820 0.1072 0.9774
vn -0.2535 -0.9483 0.1910
vn -0.2768 -0.9609 0.0087
vn 0.2515 -0.1172 0.9607
vn 0.1788 0.0225 0.9836
vn -0.2085 -0.0837 0.9744
vn -0.1104 -0.2667 0.9574
vn 0.9999 0.0133 0.0000
vn 0.9770 -0.2133 0.0000
vn 0.9437 -0.1970 0.2658
vn 0.9628 0.0124 0.2698
vn 0.9443 -0.3291 -0.0000
vn 0.9224 -0.2801 0.2659
vn -0.9163 0.3697 0.1539
vn -0.9441 0.3297 0.0000
vn -0.9771 0.2126 0.0000
vn -0.9694 0.2131 0.1222
vn -0.9999 -0.0136 0.0000
vn -0.9628 -0.2703 -0.0000
vn -0.9552 -0.2683 0.1247
vn -0.9920 -0.0134 0.1253
vn 0.9308 0.2516 0.2653
vn 0.9056 0.3136 0.2854
vn 0.9235 0.3835 0.0000
vn 0.9625 0.2712 0.0000
vn -0.9241 -0.3821 -0.0000
vn -0.8214 -0.5704 0.0012
vn -0.8183 -0.5664 0.0975
vn -0.8957 -0.4217 0.1414
vn 0.2513 0.0949 0.9633
vn -0.1184 0.2475 0.9616
vn -0.1301 0.2306 0.9643
vn 0.2374 0.1055 0.9657
vn -0.8394 -0.5387 -0.0719
vn -0.8964 -0.4209 -0.1393
vn 0.9229 -0.3851 -0.0000
vn 0.9151 -0.3529 0.1951
vn -0.8979 0.4133 0.1515
vn -0.9220 0.3871 0.0000
vn -0.7682 -0.6402 0.0000
vn -0.7488 -0.6313 0.2018
vn -0.8914 -0.4532 0.0000
vn -0.8712 -0.4483 0.2003
vn 0.2106 0.0007 0.9776
vn -0.1798 0.0240 0.9834
vn -0.1757 0.0691 0.9820
vn 0.2034 -0.0363 0.9784
vn 0.9637 -0.2670 0.0000
vn 0.9469 -0.2575 0.1925
vn 0.9079 -0.3723 0.1928
vn 0.9237 -0.3830 0.0000
vn 0.2092 0.0424 0.9770
vn -0.1714 -0.0417 0.9843
vn 0.7515 0.6301 0.1955
vn 0.8691 0.4549 0.1941
vn 0.8842 0.4671 0.0000
vn 0.7635 0.6458 0.0000
vn -0.9781 0.0579 0.1999
vn -0.9985 0.0546 0.0000
vn -0.9646 0.2638 0.0000
vn -0.9444 0.2638 0.1964
vn 0.9759 0.2180 0.0000
vn 0.9575 0.2134 0.1941
vn 0.9795 -0.0540 0.1939
vn 0.9983 -0.0588 0.0000
vn -0.9775 -0.2107 0.0000
vn -0.9574 -0.2071 0.2013
vn -0.1725 0.0930 0.9806
vn 0.1960 -0.0607 0.9787
vn 0.6238 0.7564 0.1969
vn 0.6324 0.7747 0.0000
vn -0.3797 -0.9251 0.0000
vn -0.3797 -0.9251 -0.0001
vn -0.4167 -0.9090 -0.0001
vn -0.4167 -0.9090 0.0000
vn 0.1957 0.0776 0.9776
vn -0.1488 -0.1032 0.9835
vn -0.1167 -0.1393 0.9834
vn 0.1775 0.1103 0.9779
vn 0.1512 0.1385 0.9788
vn -0.0907 -0.1606 0.9828
vn -0.9041 0.3808 0.1938
vn -0.9232 0.3842 0.0000
vn 0.1437 0.1527 0.9778
vn 0.1565 0.1538 0.9756
vn 0.0035 -0.1781 0.9840
vn -0.0469 -0.1758 0.9833
vn 0.4283 0.9029 0.0370
vn 0.3786 0.9256 0.0000
vn 0.5012 0.8654 -0.0001
vn -0.2994 -0.9541 0.0000
vn -0.9740 0.2266 -0.0000
vn -0.9995 0.0324 -0.0000
vn -0.9871 -0.1604 0.0000
vn -0.2728 -0.9621 0.0000
vn 0.9858 0.1680 -0.0000
vn 0.9562 0.2042 -0.2099
vn 0.0154 -0.5208 0.8535
vn 0.3223 -0.3865 0.8641
vn 0.1792 0.0018 0.9838
vn 0.1831 -0.0111 0.9830
vn -0.2093 0.0727 0.9751
vn -0.2168 -0.0034 0.9762
vn 0.9875 0.1575 -0.0007
vn 0.9518 0.1388 -0.2735
vn 0.9055 0.3127 -0.2869
vn -0.0973 0.1019 0.9900
vn 0.0003 0.1349 0.9909
vn 0.0253 0.2327 0.9722
vn -0.0108 0.2212 0.9752
vn 0.7820 0.5878 0.2073
vn 0.9611 0.1605 0.2248
vn -0.0646 0.2021 0.9772
vn -0.0003 0.3496 0.9369
vn 0.1030 0.1144 0.9881
vn 0.3912 0.9038 0.1738
vn 0.1006 0.9807 0.1679
vn -0.0864 0.9782 0.1889
vn 0.1956 0.9616 0.1926
vn 0.6356 0.7445 0.2045
vn 0.6427 0.7404 -0.1971
vn 0.2080 0.9594 -0.1905
vn -0.6968 0.6752 0.2420
vn -0.6862 0.6855 -0.2432
vn 0.0217 0.9677 -0.2514
vn 0.0002 0.9654 0.2607
vn 0.6417 0.7332 0.2250
vn 0.6531 0.7245 -0.2206
vn 0.0168 -0.9694 -0.2449
vn -0.6715 -0.6995 -0.2445
vn -0.6834 -0.6927 0.2305
vn -0.0001 -0.9747 0.2236
vn -0.2126 0.9771 -0.0054
vn 0.1014 0.9621 -0.2531
vn -0.2344 0.6832 -0.6916
vn -0.5833 0.6971 -0.4170
vn -0.2692 -0.9625 0.0333
vn 0.0438 -0.9774 -0.2067
vn 0.1696 -0.9848 -0.0380
vn -0.1648 -0.9754 0.1464
vn -0.8681 -0.1712 0.4659
vn -0.9632 -0.1570 0.2182
vn -0.9766 0.0352 0.2121
vn -0.8853 0.0396 0.4634
vn -0.5791 -0.7271 -0.3687
vn -0.2523 -0.7407 -0.6227
vn -0.7790 0.2479 0.5759
vn -0.8593 0.1972 0.4720
vn -0.9097 0.0096 0.4152
vn -0.7871 0.0372 0.6157
vn -0.0985 0.9891 0.1090
vn -0.1281 0.9884 0.0820
vn 0.1294 0.9902 -0.0517
vn 0.2292 0.9702 -0.0783
vn 0.8553 0.1867 -0.4834
vn 0.8549 -0.0386 -0.5174
vn 0.8658 -0.0402 -0.4988
vn 0.8589 0.1667 -0.4843
vn 0.0385 -0.9979 -0.0516
vn -0.1967 -0.9756 0.0971
vn 0.8330 -0.2573 -0.4899
vn 0.8483 -0.2419 -0.4710
vn -0.4322 -0.0652 -0.8994
vn -0.7730 -0.0535 -0.6322
vn 0.7906 -0.0371 -0.6112
vn 0.7542 0.1789 -0.6318
vn 0.6193 -0.0467 -0.7838
vn 0.6626 0.1401 -0.7357
vn 0.7475 -0.2512 -0.6149
vn -0.8489 0.2511 0.4652
vn -0.8686 -0.1518 0.4717
vn -0.7999 -0.1789 0.5729
vn -0.2535 -0.9483 -0.1910
vn -0.2877 -0.9362 -0.2018
vn -0.3031 -0.9529 -0.0033
vn -0.2768 -0.9609 -0.0087
vn 0.0698 -0.1788 -0.9814
vn 0.0477 -0.2115 -0.9762
vn 0.0789 0.1407 -0.9869
vn -0.0227 0.1071 -0.9940
vn 0.2537 0.1754 -0.9513
vn 0.0957 0.1880 -0.9775
vn 0.0750 -0.0064 -0.9972
vn 0.2238 -0.0208 -0.9744
vn -0.1482 -0.0000 0.9890
vn 0.6928 0.6755 0.2523
vn 0.7122 0.6683 -0.2149
vn 0.9802 0.0112 -0.1977
vn 0.9724 -0.0201 0.2326
vn 0.6661 -0.2100 -0.7157
vn 0.5298 0.8253 -0.1952
vn 0.4955 0.8487 -0.1851
vn 0.1913 0.0377 0.9808
vn 0.1709 0.1543 0.9731
vn 0.1460 0.0110 0.9892
vn 0.1087 -0.1030 0.9887
vn 0.7115 -0.6645 -0.2285
vn 0.6862 -0.6924 0.2231
vn 0.0912 0.2270 0.9696
vn 0.0962 0.1046 0.9899
vn -0.9497 0.2288 0.2139
vn 0.0367 0.9794 0.1985
vn 0.0554 0.9791 -0.1956
vn 0.0944 0.9812 -0.1686
vn 0.0804 0.9819 0.1718
vn -0.9705 0.0039 -0.2409
vn -0.9728 0.0030 0.2316
vn -0.0933 -0.9754 -0.1995
vn 0.0072 0.1947 0.9808
vn -0.0002 -0.1530 0.9882
vn 0.0495 0.2148 0.9754
vn -0.3560 -0.9141 -0.1944
vn -0.4716 -0.8591 -0.1989
vn 0.3922 0.9082 0.1459
vn 0.4294 0.8838 -0.1857
vn -0.9960 0.0332 0.0828
vn -0.9705 0.2276 0.0794
vn 0.1771 0.1116 -0.9778
vn 0.1486 0.1723 -0.9738
vn 0.0348 -0.1787 -0.9833
vn -0.1075 -0.1051 0.9886
vn 0.1419 0.1803 0.9733
vn -0.0286 -0.9787 -0.2031
vn -0.1769 -0.9650 -0.1938
vn 0.1322 -0.2234 -0.9657
vn -0.0030 -0.1974 -0.9803
vn 0.1748 0.1969 0.9647
vn -0.6128 -0.7639 -0.2025
vn -0.0286 -0.1023 -0.9943
vn 0.2121 0.1785 -0.9608
vn -0.0737 0.0012 -0.9973
vn 0.0761 -0.1423 -0.9869
vn 0.1228 0.2137 -0.9691
vn -0.2281 -0.9735 0.0178
vn -0.0787 -0.9969 -0.0022
vn 0.1753 -0.1067 -0.9787
vn 0.2338 -0.0048 -0.9723
vn 0.1820 0.1072 -0.9774
vn -0.9836 -0.1604 0.0826
vn -0.9552 -0.2683 -0.1247
vn -0.9920 -0.0134 -0.1253
vn -0.9694 0.2131 -0.1222
vn 0.9224 -0.2801 -0.2659
vn 0.9437 -0.1970 -0.2658
vn -0.1301 0.2306 -0.9643
vn -0.1184 0.2475 -0.9616
vn 0.2513 0.0949 -0.9633
vn 0.2374 0.1055 -0.9657
vn 0.9308 0.2516 -0.2653
vn 0.9628 0.0124 -0.2698
vn 0.2095 -0.9778 -0.0007
vn 0.5792 -0.8152 -0.0005
vn 0.5110 -0.7956 0.3256
vn 0.1811 -0.9375 0.2970
vn -0.2168 -0.0034 -0.9762
vn 0.1792 0.0018 -0.9838
vn 0.1788 0.0225 -0.9836
vn -0.2085 -0.0837 -0.9744
vn 0.1831 -0.0111 -0.9830
vn -0.2093 0.0727 -0.9751
vn 0.9151 -0.3529 -0.1951
vn -0.8979 0.4133 -0.1515
vn -0.9163 0.3697 -0.1539
vn 0.3467 -0.3811 -0.8571
vn 0.0383 -0.5054 -0.8621
vn -0.1069 -0.2655 -0.9582
vn 0.2544 -0.1157 -0.9602
vn 0.8691 0.4549 -0.1941
vn 0.7515 0.6301 -0.1955
vn -0.7488 -0.6313 -0.2018
vn -0.8712 -0.4483 -0.2003
vn -0.1757 0.0691 -0.9820
vn -0.1798 0.0240 -0.9834
vn 0.2106 0.0007 -0.9776
vn 0.2034 -0.0363 -0.9784
vn 0.9795 -0.0540 -0.1939
vn 0.9575 0.2134 -0.1941
vn -0.1714 -0.0417 -0.9843
vn 0.2092 0.0424 -0.9770
vn 0.1512 0.1385 -0.9788
vn 0.1775 0.1103 -0.9779
vn -0.1167 -0.1393 -0.9834
vn -0.0907 -0.1606 -0.9828
vn -0.9574 -0.2071 -0.2013
vn 0.9079 -0.3723 -0.1928
vn 0.9469 -0.2575 -0.1925
vn -0.9444 0.2638 -0.1964
vn -0.9041 0.3808 -0.1938
vn -0.1725 0.0930 -0.9806
vn 0.1960 -0.0607 -0.9787
vn -0.9781 0.0579 -0.1999
vn 0.1957 0.0776 -0.9776
vn -0.1488 -0.1032 -0.9835
vn 0.6238 0.7564 -0.1969
vn 0.0033 -0.1780 -0.9840
vn 0.1559 0.1538 -0.9757
vn 0.1437 0.1527 -0.9778
vn -0.0469 -0.1758 -0.9833
vn 0.4294 0.8838 0.1857
vn 0.3922 0.9082 -0.1459
vn 0.9562 0.2042 0.2099
vn 0.9523 0.1709 0.2529
vn 0.5350 -0.7768 -0.3321
vn 0.2103 -0.9316 -0.2965
vn 0.9999 0.0103 0.0000
vn 0.9742 0.2249 0.0179
vn 0.9518 0.2005 0.2320
vn 0.9781 -0.0106 0.2081
vn 0.9361 -0.3517 0.0000
vn 0.9123 -0.3382 0.2307
vn 0.8403 -0.3013 0.4506
vn 0.8524 -0.0735 0.5177
vn 0.8082 0.1731 0.5630
vn 0.9516 0.2197 -0.2149
vn 0.9730 0.0111 -0.2304
vn 0.8115 0.1874 -0.5534
vn 0.8443 -0.0455 -0.5339
vn 0.9050 -0.3278 -0.2712
vn 0.8331 -0.2702 -0.4826
vn 0.9032 0.4291 0.0000
vn 0.8744 0.4383 -0.2081
vn 0.6869 0.7268 -0.0000
vn 0.6715 0.7030 -0.2343
vn 0.7263 0.4460 -0.5229
vn 0.6232 0.6391 -0.4506
vn 0.8794 0.4166 0.2304
vn 0.7401 0.4077 0.5348
vn 0.6304 0.6080 0.4826
vn 0.6767 0.6875 0.2634
vn -0.0374 -0.7199 0.6930
vn 0.0105 -0.9269 0.3751
vn -0.5955 -0.7627 0.2523
vn -0.6322 -0.6212 0.4631
vn -0.9744 -0.2250 -0.0001
vn -0.9064 -0.4142 -0.0827
vn -0.9022 -0.4313 0.0000
vn -0.9744 -0.2250 0.0000
vn -0.9165 -0.3694 0.1537
vn -0.9327 -0.3002 0.1997
vn -0.9511 -0.2195 0.2174
vn -0.9744 -0.2249 0.0000
vn -0.3492 0.6307 0.6931
vn -0.2776 0.3209 0.9055
vn -0.7893 0.0767 0.6092
vn -0.8405 0.2812 0.4631
vn -0.9699 -0.1390 0.1997
vn -0.9856 -0.0698 0.1537
vn -0.9963 -0.0251 0.0827
vn -1.0000 -0.0078 0.0000
vn -0.9963 -0.0251 -0.0827
vn -0.9856 -0.0698 -0.1537
vn -0.2776 0.3209 -0.9055
vn -0.3492 0.6307 -0.6931
vn -0.8405 0.2812 -0.4631
vn -0.7893 0.0767 -0.6092
vn -0.9699 -0.1390 -0.1997
vn -0.1088 -0.4101 -0.9055
vn -0.1933 -0.0446 -0.9801
vn -0.7364 -0.1700 -0.6549
vn -0.6758 -0.4150 -0.6092
vn -0.9511 -0.2195 -0.2174
vn -0.9327 -0.3002 -0.1997
vn -0.9165 -0.3694 -0.1537
vn -0.1088 -0.4101 0.9055
vn -0.6758 -0.4150 0.6092
vn 0.6074 -0.2027 0.7681
vn 0.5379 0.1190 0.8345
vn 0.6601 -0.4584 0.5951
vn 0.7079 -0.6223 0.3340
vn 0.7278 -0.6858 -0.0000
vn 0.7076 -0.6227 -0.3340
vn 0.6601 -0.4584 -0.5951
vn 0.6078 -0.2026 -0.7678
vn 0.5404 0.1248 -0.8321
vn 0.4602 0.4490 -0.7659
vn 0.3923 0.7014 -0.5951
vn 0.3601 0.8710 -0.3341
vn 0.3512 0.9363 -0.0041
vn 0.3595 0.8712 0.3342
vn 0.3924 0.7014 0.5951
vn 0.4607 0.4491 0.7656
vn -0.5891 -0.8081 0.0000
vn -0.8871 -0.4615 0.0020
vn -0.8926 -0.4418 0.0896
vn -0.9060 -0.3867 0.1720
vn -0.9242 -0.3072 0.2270
vn -0.7364 -0.1700 0.6549
vn -0.9438 -0.2179 0.2485
vn -0.9645 -0.1307 0.2296
vn -0.9836 -0.0505 0.1731
vn -0.8696 0.4244 0.2523
vn -0.9958 0.0032 0.0915
vn -0.8837 0.4681 0.0000
vn -0.9997 0.0242 0.0000
vn -0.8696 0.4244 -0.2523
vn -0.9960 0.0057 -0.0896
vn -0.9839 -0.0495 -0.1720
vn -0.9653 -0.1291 -0.2270
vn -0.9438 -0.2179 -0.2483
vn -0.9242 -0.3052 -0.2296
vn -0.6322 -0.6212 -0.4631
vn -0.9062 -0.3858 -0.1731
vn -0.5955 -0.7627 -0.2523
vn -0.8937 -0.4392 -0.0914
vn -0.3084 -0.0761 0.9482
vn -0.2251 -0.4198 0.8793
vn -0.1591 -0.7247 0.6704
vn -0.1071 -0.9273 0.3587
vn -0.0910 -0.9959 -0.0000
vn -0.1077 -0.9273 -0.3585
vn -0.1591 -0.7247 -0.6704
vn -0.2243 -0.4199 -0.8794
vn -0.3048 -0.0704 -0.9498
vn -0.3862 0.2787 -0.8793
vn -0.4606 0.5817 -0.6704
vn -0.5027 0.7865 -0.3587
vn -0.5185 0.8551 0.0000
vn -0.5034 0.7862 0.3585
vn -0.4606 0.5817 0.6704
vn -0.3856 0.2792 0.8794
vn 0.3005 -0.0000 0.9538
vn 0.0000 -0.0267 0.9996
vn 0.0265 -0.3245 0.9455
vn 0.3128 -0.2821 0.9070
vn 0.0167 -0.6916 0.7221
vn 0.3095 -0.6259 0.7159
vn 0.5741 -0.5413 0.6144
vn 0.6283 -0.3092 0.7139
vn 0.6809 -0.0000 0.7324
vn -0.3245 -0.0265 0.9455
vn -0.2820 -0.3128 0.9070
vn -0.6916 -0.0165 0.7221
vn -0.6310 -0.2995 0.7157
vn -0.5412 -0.5742 0.6144
vn -0.3095 -0.6258 0.7159
vn -0.0265 0.3245 0.9455
vn -0.3128 0.2820 0.9070
vn -0.5741 0.5413 0.6144
vn -0.6258 0.3097 0.7159
vn -0.3229 0.6326 0.7040
vn 0.2820 0.3128 0.9070
vn 0.6257 0.3097 0.7159
vn 0.5411 0.5742 0.6144
vn 0.3091 0.6283 0.7139
vn -0.0000 -0.6549 -0.7557
vn 0.3829 -0.9238 0.0001
vn 0.2524 -0.6091 -0.7519
vn 0.7072 -0.7070 0.0000
vn 0.4632 -0.4631 -0.7556
vn 0.9238 -0.3828 0.0000
vn 0.6091 -0.2524 -0.7519
vn 1.0000 0.0000 0.0000
vn 0.6549 0.0000 -0.7557
vn 0.9238 0.3828 0.0000
vn 0.6091 0.2524 -0.7519
vn 0.7072 0.7070 0.0000
vn 0.4632 0.4631 -0.7556
vn 0.3829 0.9238 0.0001
vn 0.2524 0.6091 -0.7519
vn -0.0000 0.6549 -0.7557
vn -0.3829 0.9238 0.0002
vn -0.2524 0.6091 -0.7519
vn -0.7072 0.7070 0.0000
vn -0.4632 0.4631 -0.7556
vn -0.9238 0.3828 0.0000
vn -0.6091 0.2524 -0.7518
vn -1.0000 0.0000 0.0000
vn -0.6549 0.0000 -0.7557
vn -0.9238 -0.3828 0.0000
vn -0.6091 -0.2524 -0.7518
vn -0.7072 -0.7070 0.0000
vn -0.4632 -0.4631 -0.7556
vn -0.3829 -0.9238 0.0002
vn -0.2524 -0.6091 -0.7519
vn 0.8471 -0.3468 0.4026
vn 0.9072 0.0000 0.4208
vn 0.6705 -0.6339 0.3855
vn 0.3746 -0.8351 0.4029
vn 0.0048 -0.9088 0.4171
vn -0.3435 -0.8484 0.4028
vn -0.6337 -0.6707 0.3855
vn -0.8363 -0.3720 0.4027
vn -0.9089 -0.0045 0.4170
vn -0.8483 0.3438 0.4028
vn -0.6705 0.6339 0.3855
vn -0.3718 0.8365 0.4027
vn -0.0000 0.7047 0.7095
vn -0.0045 0.9088 0.4171
vn 0.3465 0.8473 0.4026
vn 0.6338 0.6706 0.3855
vn 0.8350 0.3748 0.4029
vn 0.0015 -0.3376 -0.9413
vn 0.1221 -0.3125 -0.9420
vn 0.2340 -0.2407 -0.9420
vn 0.3099 -0.1290 -0.9420
vn 0.3382 -0.0018 -0.9411
vn 0.3126 0.1223 -0.9420
vn 0.2406 0.2341 -0.9420
vn 0.1289 0.3098 -0.9420
vn 0.0018 0.3378 -0.9412
vn -0.1222 0.3125 -0.9420
vn -0.2340 0.2407 -0.9420
vn -0.3098 0.1289 -0.9420
vn -0.3381 0.0018 -0.9411
vn -0.3125 -0.1222 -0.9420
vn -0.2407 -0.2340 -0.9420
vn -0.1289 -0.3098 -0.9420
vn 0.8840 -0.3489 -0.3111
vn 0.9546 0.0000 -0.2979
vn 0.6835 -0.6546 -0.3230
vn 0.3724 -0.8743 -0.3113
vn 0.0045 -0.9531 -0.3025
vn -0.3489 -0.8840 -0.3112
vn -0.6542 -0.6838 -0.3230
vn -0.8743 -0.3724 -0.3112
vn -0.9531 -0.0046 -0.3025
vn -0.8839 0.3490 -0.3111
vn -0.6834 0.6547 -0.3230
vn -0.3724 0.8743 -0.3113
vn -0.0047 0.9531 -0.3026
vn 0.3489 0.8840 -0.3112
vn 0.6543 0.6838 -0.3230
vn 0.8744 0.3723 -0.3112
vn -0.0000 -0.3005 -0.9538
vn 0.0267 0.0000 -0.9996
vn 0.3245 -0.0265 -0.9455
vn 0.2820 -0.3128 -0.9070
vn -0.0000 -0.6807 -0.7325
vn 0.2827 -0.6512 -0.7043
vn 0.5412 -0.5742 -0.6144
vn 0.6325 -0.3229 -0.7041
vn 0.6916 -0.0165 -0.7221
vn -0.3005 0.0000 -0.9538
vn -0.3128 -0.2821 -0.9070
vn -0.6809 0.0000 -0.7324
vn -0.6503 -0.2859 -0.7038
vn -0.3287 -0.6382 -0.6962
vn -0.5741 -0.5413 -0.6144
vn 0.0000 0.3005 -0.9538
vn -0.2820 0.3128 -0.9070
vn -0.6381 0.3289 -0.6962
vn -0.5411 0.5742 -0.6144
vn -0.3091 0.6283 -0.7139
vn 0.3128 0.2820 -0.9070
vn 0.6512 0.2828 -0.7043
vn 0.5741 0.5412 -0.6144
vn 0.3229 0.6326 -0.7040
vn -0.0000 -0.6549 0.7557
vn 0.2524 -0.6091 0.7519
vn 0.4632 -0.4631 0.7556
vn 0.6091 -0.2524 0.7519
vn 0.6549 -0.0000 0.7557
vn 0.6091 0.2524 0.7519
vn 0.4632 0.4631 0.7556
vn 0.2524 0.6091 0.7519
vn -0.0000 0.6549 0.7557
vn -0.2524 0.6091 0.7519
vn -0.4632 0.4631 0.7556
vn -0.6091 0.2524 0.7518
vn -0.6549 0.0000 0.7557
vn -0.6091 -0.2524 0.7518
vn -0.4632 -0.4631 0.7556
vn -0.2524 -0.6091 0.7519
vn 0.8366 -0.3589 -0.4140
vn 0.9089 -0.0045 -0.4170
vn 0.6456 -0.6457 -0.4077
vn 0.3586 -0.8351 -0.4172
vn -0.0000 -0.9070 -0.4211
vn -0.3587 -0.8352 -0.4170
vn -0.6456 -0.6457 -0.4079
vn -0.8364 -0.3589 -0.4144
vn -0.9072 0.0000 -0.4208
vn -0.8352 0.3588 -0.4169
vn -0.6456 0.6457 -0.4077
vn -0.3588 0.8364 -0.4143
vn -0.0164 0.6916 -0.7221
vn -0.0035 0.9079 -0.4192
vn 0.3588 0.8366 -0.4141
vn 0.6456 0.6457 -0.4078
vn 0.8350 0.3587 -0.4172
vn 0.0026 -0.3391 0.9407
vn 0.1221 -0.3118 0.9423
vn 0.2342 -0.2355 0.9432
vn 0.3087 -0.1247 0.9430
vn 0.3375 0.0000 0.9413
vn 0.3119 0.1223 0.9422
vn 0.2354 0.2343 0.9432
vn 0.1247 0.3086 0.9430
vn -0.0000 0.3371 0.9415
vn -0.1221 0.3118 0.9423
vn -0.2343 0.2356 0.9432
vn -0.3087 0.1247 0.9430
vn -0.3374 -0.0000 0.9414
vn -0.3118 -0.1222 0.9423
vn -0.2354 -0.2342 0.9433
vn -0.1247 -0.3086 0.9430
vn 0.9532 -0.0045 0.3024
vn 0.8822 -0.3638 0.2988
vn 0.6739 -0.6742 0.3022
vn 0.3640 -0.8824 0.2982
vn -0.0000 -0.9546 0.2979
vn -0.3637 -0.8822 0.2990
vn -0.6739 -0.6742 0.3020
vn -0.8824 -0.3640 0.2981
vn -0.9546 0.0000 0.2980
vn -0.8822 0.3638 0.2991
vn -0.6739 0.6742 0.3023
vn -0.3639 0.8824 0.2983
vn -0.0000 0.9546 0.2979
vn 0.3638 0.8822 0.2989
vn 0.6739 0.6742 0.3021
vn 0.8824 0.3640 0.2982
vn -0.4138 0.9104 0.0000
vn -0.3969 0.8377 0.3751
vn -0.3969 0.8377 -0.3751
vn -0.0374 -0.7199 -0.6931
vn 0.0105 -0.9269 -0.3751
vn 0.0271 -0.9996 0.0000
vn -0.9064 -0.4142 0.0827
vn -0.9744 -0.2250 0.0001
vn -0.1933 -0.0446 0.9801
vn -0.1316 0.6714 0.7293
vn -0.6623 0.4658 0.5869
vn -0.1316 0.6714 -0.7293
vn -0.6623 0.4658 -0.5869
vn -0.9446 0.3282 0.0000
vn 0.1519 0.7833 -0.6028
vn 0.4039 0.7865 -0.4673
vn 0.1519 0.7833 0.6028
vn 0.4039 0.7865 0.4673
vn -0.1269 0.7697 -0.6257
vn -0.1283 0.7813 -0.6109
vn -0.4126 0.7555 0.5088
vn -0.1269 0.7697 0.6257
vn -0.4126 0.7555 -0.5088
vn -0.1283 0.7813 0.6109
vn -0.3839 0.7805 0.4934
vn -0.4960 0.6543 0.5709
vn -0.4960 0.6543 -0.5709
vn -0.3839 0.7805 -0.4934
vn -0.5621 0.7800 0.2750
vn -0.5621 0.7800 -0.2750
vn -0.1850 0.6611 0.7271
vn -0.1850 0.6611 -0.7271
vn -0.6260 0.7798 0.0000
vn 0.1518 0.6683 0.7282
vn 0.1518 0.6683 -0.7282
vn 0.3108 0.9505 -0.0000
vn 0.1713 0.9253 -0.3384
vn 0.4539 0.6725 0.5845
vn 0.4539 0.6725 -0.5845
vn 0.1713 0.9253 0.3384
vn 0.0412 0.7356 -0.6762
vn 0.0412 0.7356 0.6762
vn 0.1454 0.6380 -0.7562
vn 0.4317 0.6899 0.5811
vn 0.1454 0.6380 0.7562
vn 0.6626 0.6750 0.3246
vn 0.6626 0.6750 -0.3246
vn 0.4316 0.6899 -0.5812
vn 0.7371 0.6758 0.0000
vn 0.2261 0.7421 -0.6310
vn 0.1421 0.9213 -0.3620
vn -0.1944 0.7483 -0.6342
vn 0.3875 0.9120 -0.1344
vn 0.1107 0.9846 -0.1352
vn 0.5778 0.2008 0.7911
vn 0.3763 0.7152 0.5890
vn 0.5408 0.7563 0.3681
vn 0.2348 0.6898 0.6848
vn 0.1480 0.9619 0.2298
vn 0.4569 -0.8144 0.3578
vn 0.1653 -0.7925 0.5870
vn 0.4923 -0.3049 0.8153
vn -0.1066 -0.9749 0.1957
vn -0.0762 -0.7207 0.6890
vn 0.6030 0.7554 -0.2564
vn 0.4100 0.7135 -0.5682
vn 0.6291 0.2311 -0.7422
vn 0.1660 0.9573 -0.2366
vn 0.1781 0.6987 -0.6929
vn 0.4636 0.8683 0.1764
vn 0.3693 0.6212 0.6912
vn 0.3945 0.5978 0.6978
vn 0.3400 0.6356 0.6932
vn 0.1509 0.1593 0.9756
vn -0.2683 -0.9442 0.1908
vn -0.1449 -0.6693 0.7288
vn -0.0916 -0.6894 0.7186
vn -0.2052 -0.6635 0.7195
vn 0.0232 -0.1668 0.9857
vn 0.7293 -0.1198 0.6736
vn 0.7222 -0.3906 0.5709
vn 0.8639 -0.3823 0.3279
vn 0.4017 -0.6566 0.6383
vn -0.3949 -0.9006 0.1813
vn -0.3157 -0.8169 0.4827
vn -0.5154 -0.6211 0.5905
vn 0.1313 -0.7781 0.6142
vn -0.1944 0.7483 0.6342
vn 0.1422 0.9213 0.3620
vn 0.2261 0.7421 0.6311
vn 0.1107 0.9846 0.1352
vn 0.3875 0.9120 0.1344
vn 0.5408 0.7563 -0.3681
vn 0.3763 0.7152 -0.5890
vn 0.5778 0.2008 -0.7911
vn 0.1480 0.9619 -0.2298
vn 0.2348 0.6898 -0.6848
vn 0.4923 -0.3049 -0.8153
vn 0.1653 -0.7925 -0.5870
vn 0.4569 -0.8144 -0.3578
vn -0.0762 -0.7207 -0.6890
vn -0.1066 -0.9749 -0.1957
vn 0.6291 0.2311 0.7422
vn 0.4101 0.7135 0.5681
vn 0.6030 0.7554 0.2564
vn 0.1781 0.6987 0.6929
vn 0.1660 0.9573 0.2366
vn 0.3941 0.5978 -0.6981
vn 0.3692 0.6209 -0.6915
vn 0.4636 0.8683 -0.1764
vn 0.1509 0.1588 -0.9757
vn 0.3402 0.6352 -0.6934
vn -0.0916 -0.6894 -0.7185
vn -0.1449 -0.6693 -0.7288
vn -0.2683 -0.9442 -0.1908
vn 0.0233 -0.1667 -0.9857
vn -0.2052 -0.6634 -0.7195
vn 0.4484 -0.6322 -0.6318
vn 0.7402 -0.3735 -0.5591
vn 0.8755 -0.3626 -0.3195
vn 0.7408 -0.1115 -0.6624
vn 0.1949 -0.7542 -0.6270
vn -0.2904 -0.8191 -0.4946
vn -0.4980 -0.6246 -0.6015
vn -0.3698 -0.9092 -0.1913
vn -0.2197 0.6856 -0.6941
vn -0.0470 0.7315 -0.6802
vn -0.6291 0.0010 -0.7773
vn -0.4310 0.4320 -0.7922
vn -0.1798 -0.9837 -0.0075
vn -0.1785 -0.9839 0.0000
vn 0.2288 -0.5716 0.7880
vn 0.4613 -0.7398 0.4898
vn 0.7362 0.6768 0.0000
vn -0.5973 0.0051 0.8020
vn -0.3978 -0.4524 0.7982
vn -0.4171 -0.5505 0.7232
vn -0.3088 -0.6199 0.7214
vn -0.2872 -0.9579 0.0000
vn -0.7202 -0.2168 0.6591
vn -0.7470 -0.0103 0.6647
vn -0.7291 0.1759 0.6614
vn -0.6065 -0.3297 -0.7235
vn -0.6705 -0.1483 -0.7270
vn -0.7318 -0.6815 0.0000
vn -0.7278 -0.6830 -0.0616
vn 0.4282 0.4428 0.7878
vn 0.0008 0.6030 0.7977
vn -0.4385 0.4406 0.7834
vn 0.4593 0.5651 0.6854
vn 0.4288 0.4838 0.7629
vn -0.8466 -0.5302 0.0464
vn -0.9900 -0.0330 -0.1371
vn 0.6105 -0.7300 -0.3072
vn 0.6339 0.0173 0.7732
vn 0.4622 -0.4511 0.7635
vn 0.0643 0.6159 -0.7852
vn -0.3907 0.4584 -0.7983
vn -0.5973 0.0051 -0.8020
vn 0.0289 -0.6868 -0.7263
vn -0.0333 -0.7172 -0.6960
vn -0.1811 -0.6823 -0.7082
vn -0.6295 0.4026 -0.6646
vn -0.6247 0.3707 -0.6873
vn -0.4171 -0.5505 -0.7232
vn -0.5128 -0.4600 -0.7249
vn -0.6891 0.0481 -0.7230
vn 0.0261 0.7034 -0.7103
vn -0.4490 -0.4463 -0.7741
vn -0.5496 0.7644 -0.3372
vn -0.5885 0.7362 -0.3343
vn -0.8453 0.5336 -0.0283
vn 0.0989 -0.0705 0.9926
vn 0.7059 0.1547 0.6912
vn 0.7200 -0.0340 0.6931
vn -0.1798 -0.9837 0.0075
vn -0.5992 -0.4234 0.6795
vn -0.6374 0.0019 0.7705
vn -0.4540 -0.4527 0.7674
vn 0.0989 -0.0705 -0.9926
vn 0.2288 -0.5716 -0.7880
vn -0.7278 -0.6830 0.0616
vn 0.5103 0.4456 -0.7355
vn 0.4029 0.5878 -0.7016
vn 0.7092 -0.1710 -0.6840
vn 0.6738 -0.0889 -0.7336
vn 0.4668 0.5388 -0.7013
vn 0.2442 0.4927 -0.8352
vn 0.5011 0.6869 -0.5264
vn -0.6474 0.7407 0.1796
vn -0.5496 0.7644 0.3372
vn 0.6513 0.6785 -0.3398
vn 0.7039 -0.0051 -0.7102
vn 0.4756 0.4709 -0.7430
vn -0.7202 -0.2168 -0.6591
vn -0.7470 -0.0103 -0.6647
vn -0.7291 0.1759 -0.6614
vn 0.6958 -0.1792 -0.6955
vn 0.6665 -0.2621 -0.6980
vn 0.6721 0.0991 -0.7338
vn -0.3459 -0.9383 0.0001
vn 0.0796 0.7491 -0.6577
vn 0.2899 0.6990 -0.6537
vn 0.5576 0.4664 -0.6867
vn 0.4593 0.5651 -0.6854
vn 0.4288 0.4838 -0.7629
vn 0.5011 0.6869 0.5264
vn 0.2442 0.4927 0.8352
vn -0.6474 0.7407 -0.1796
vn -0.3907 0.4584 0.7983
vn 0.0643 0.6159 0.7852
vn 0.5103 0.4456 0.7355
vn 0.6738 -0.0889 0.7336
vn 0.6609 -0.1215 0.7406
vn -0.6472 0.2848 0.7071
vn -0.6295 0.4026 0.6646
vn -0.6705 -0.1483 0.7270
vn -0.6891 0.0481 0.7230
vn 0.0796 0.7491 0.6577
vn 0.2899 0.6990 0.6537
vn 0.5576 0.4664 0.6867
vn -0.5885 0.7362 0.3343
vn -0.6765 0.7344 0.0555
vn -0.6790 0.7341 -0.0000
vn 0.4936 -0.4429 -0.7485
vn 0.6492 0.1599 -0.7437
vn 0.6644 0.0083 -0.7473
vn 0.6609 -0.1215 -0.7406
vn 0.9195 -0.3931 -0.0011
vn 0.7200 -0.0340 -0.6931
vn -0.5971 -0.4227 -0.6817
vn -0.0004 0.5882 -0.8087
vn 0.4299 0.4329 -0.7923
vn -0.0042 -0.6342 -0.7732
vn 0.6513 0.6785 0.3398
vn 0.6678 0.0001 -0.7443
vn 0.5853 -0.0348 0.8101
vn -0.0333 -0.7172 0.6960
vn 0.0289 -0.6868 0.7263
vn 0.0933 0.7022 0.7058
vn -0.6247 0.3707 0.6873
vn -0.6065 -0.3297 0.7235
vn 0.6435 0.3221 0.6944
vn -0.6765 0.7344 -0.0555
vn -0.0470 0.7315 0.6802
vn 0.1561 0.7119 0.6848
vn 0.0261 0.7034 0.7103
vn -0.8453 0.5336 0.0283
vn 0.7039 -0.0051 0.7102
vn 0.4708 -0.4700 -0.7467
vn 0.4029 0.5878 0.7016
vn -0.1811 -0.6823 0.7082
vn 0.7092 -0.1710 0.6840
vn 0.4668 0.5388 0.7013
vn 0.6665 -0.2621 0.6980
vn 0.6701 0.0980 0.7358
vn -0.2197 0.6856 0.6941
vn -0.0006 -0.6485 0.7613
vn 0.5853 -0.0348 -0.8101
vn 0.0548 -0.6216 -0.7814
vn 0.2051 0.7068 -0.6770
vn 0.4984 0.5560 -0.6652
vn 0.0933 0.7022 -0.7058
vn 0.7059 0.1547 -0.6912
vn -0.6472 0.2848 -0.7071
vn 0.1561 0.7119 -0.6848
vn -0.6357 -0.6882 -0.3498
vn -0.6067 -0.7086 -0.3603
vn -0.6998 -0.6877 -0.1931
vn 0.6771 0.1246 -0.7253
vn 0.4936 -0.4429 0.7485
vn 0.6958 -0.1792 0.6955
vn -0.6357 -0.6882 0.3498
vn -0.6067 -0.7086 0.3603
vn -0.3978 -0.4524 -0.7982
vn -0.6998 -0.6877 0.1931
vn 0.6435 0.3221 -0.6944
vn 0.6771 0.1246 0.7253
vn 0.5608 0.4461 -0.6975
vn -0.6699 0.1987 -0.7154
vn -0.5128 -0.4600 0.7249
vn 0.0336 0.9994 0.0000
vn -0.8466 -0.5302 -0.0464
vn 0.0548 -0.6216 0.7814
vn 0.2051 0.7068 0.6770
vn 0.4984 0.5560 0.6652
vn 0.4756 0.4709 0.7430
vn 0.6644 0.0083 0.7473
vn 0.6492 0.1598 0.7437
vn -0.6699 0.1987 0.7154
vn 0.4613 -0.7398 -0.4898
vn -0.3089 -0.6199 -0.7214
vn -0.9900 -0.0330 0.1371
vn 0.6105 -0.7300 0.3072
vn 0.5608 0.4461 0.6975
vn 0.8210 -0.2464 -0.5150
vn 0.4680 -0.8812 0.0669
vn 0.2534 -0.9469 -0.1979
vn 0.7610 -0.2656 -0.5919
vn 0.8753 -0.1895 -0.4448
vn 0.6678 -0.6820 0.2984
vn 0.9101 -0.1017 -0.4017
vn 0.7938 -0.3686 0.4838
vn 0.9244 0.0000 -0.3814
vn 0.8337 -0.0047 0.5521
vn 0.9115 0.0998 -0.3990
vn 0.8006 0.3410 0.4928
vn 0.8760 0.1884 -0.4440
vn 0.6894 0.6468 0.3262
vn 0.8227 0.2436 -0.5136
vn 0.4852 0.8699 0.0886
vn 0.7591 0.2682 -0.5931
vn 0.2530 0.9483 -0.1914
vn 0.6982 0.2465 -0.6721
vn 0.0483 0.8813 -0.4702
vn 0.6433 0.1896 -0.7417
vn -0.1280 0.6819 -0.7202
vn 0.6098 0.1016 -0.7860
vn -0.2775 0.3685 -0.8873
vn 0.5937 0.0000 -0.8047
vn -0.3340 0.0047 -0.9426
vn 0.6076 -0.0998 -0.7880
vn -0.2845 -0.3409 -0.8960
vn 0.6427 -0.1884 -0.7426
vn -0.1497 -0.6467 -0.7479
vn 0.6974 -0.2437 -0.6740
vn 0.0313 -0.8700 -0.4921
vn -0.8800 0.3407 -0.3308
vn -0.9375 0.0050 -0.3480
vn -0.7491 0.6279 -0.2114
vn -0.5985 0.8003 0.0354
vn -0.4136 0.8531 0.3180
vn -0.1788 0.8005 0.5720
vn 0.0237 0.6278 0.7780
vn 0.1073 0.3407 0.9340
vn 0.1164 0.0000 0.9932
vn 0.1043 -0.3407 0.9344
vn 0.0239 -0.6279 0.7780
vn -0.1766 -0.8023 0.5702
vn -0.4095 -0.8544 0.3199
vn -0.5958 -0.8024 0.0332
vn -0.7491 -0.6278 -0.2113
vn -0.8816 -0.3407 -0.3266
vn 0.5955 -0.6549 -0.4653
vn 0.7479 -0.6091 -0.2640
vn 0.8806 -0.4631 -0.1002
vn 0.9675 -0.2524 0.0171
vn 0.9987 0.0000 0.0508
vn 0.9675 0.2524 0.0172
vn 0.8806 0.4632 -0.1000
vn 0.7479 0.6091 -0.2639
vn 0.5955 0.6549 -0.4653
vn 0.4370 0.6091 -0.6618
vn 0.3103 0.4632 -0.8302
vn 0.2175 0.2524 -0.9429
vn 0.1923 0.0000 -0.9813
vn 0.2175 -0.2524 -0.9429
vn 0.3102 -0.4631 -0.8303
vn 0.4370 -0.6091 -0.6618
vn -0.9993 0.0138 0.0341
vn -0.9637 0.2654 0.0299
vn -0.8631 0.5038 0.0351
vn -0.7831 0.5624 0.2653
vn -0.6299 0.6009 0.4921
vn -0.4517 0.5669 0.6889
vn -0.2428 0.5038 0.8290
vn -0.2621 0.2654 0.9278
vn -0.2597 0.0000 0.9657
vn -0.2658 -0.2648 0.9269
vn -0.2429 -0.5038 0.8290
vn -0.4496 -0.5697 0.6879
vn -0.6297 -0.6012 0.4920
vn -0.7763 -0.5697 0.2698
vn -0.8631 -0.5038 0.0352
vn -0.9612 -0.2732 0.0375
vn 0.2356 -0.9238 0.3018
vn 0.4354 -0.7070 0.5573
vn 0.5688 -0.3828 0.7280
vn 0.6157 0.0000 0.7880
vn 0.5688 0.3828 0.7280
vn 0.4354 0.7070 0.5573
vn 0.2357 0.9238 0.3017
vn -0.2358 0.9238 -0.3016
vn -0.4353 0.7070 -0.5574
vn -0.5688 0.3828 -0.7280
vn -0.6157 0.0000 -0.7880
vn -0.5688 -0.3828 -0.7280
vn -0.4353 -0.7070 -0.5574
vn -0.2359 -0.9238 -0.3016
vn -0.8800 0.2451 0.4068
vn -0.7590 0.2687 0.5930
vn -0.9159 0.0201 0.4009
vn -0.7879 0.0193 0.6155
vn -0.5929 0.2213 0.7742
vn -0.5936 0.0000 0.8047
vn -0.6076 -0.2451 0.7555
vn -0.7590 -0.2687 0.5930
vn -0.8947 -0.2213 0.3880
vn -0.2470 -0.9483 0.1990
vn -0.0523 -0.8725 0.4858
vn -0.7015 -0.2447 0.6694
vn -0.7585 -0.2679 0.5941
vn 0.1182 -0.6586 0.7431
vn -0.6477 -0.1885 0.7382
vn 0.2683 -0.3504 0.8974
vn -0.6110 -0.1011 0.7852
vn 0.3298 0.0000 0.9440
vn -0.5948 -0.0021 0.8038
vn 0.2692 0.3507 0.8970
vn -0.6095 0.0955 0.7870
vn 0.1183 0.6587 0.7431
vn -0.6443 0.1830 0.7426
vn -0.0532 0.8723 0.4861
vn -0.6980 0.2423 0.6739
vn -0.2534 0.9469 0.1980
vn -0.7581 0.2669 0.5950
vn -0.4840 0.8725 -0.0668
vn -0.8192 0.2447 0.5187
vn -0.6925 0.6586 -0.2944
vn -0.8729 0.1886 0.4500
vn -0.8060 0.3503 -0.4772
vn -0.9096 0.1012 0.4030
vn -0.8362 0.0000 -0.5484
vn -0.9238 0.0020 0.3829
vn -0.8051 -0.3507 -0.4783
vn -0.9110 -0.0956 0.4011
vn -0.6923 -0.6587 -0.2947
vn -0.8764 -0.1830 0.4455
vn -0.4845 -0.8723 -0.0660
vn -0.8227 -0.2423 0.5143
vn -0.0910 0.3217 -0.9425
vn -0.1164 0.0000 -0.9932
vn -0.0070 0.5945 -0.8041
vn 0.1821 0.7849 -0.5923
vn 0.4104 0.8513 -0.3269
vn 0.6007 0.7975 -0.0566
vn 0.7518 0.6379 0.1671
vn 0.8828 0.3579 0.3042
vn 0.9375 0.0050 0.3480
vn 0.8914 -0.3252 0.3155
vn 0.7784 -0.5946 0.2013
vn 0.6210 -0.7832 -0.0310
vn 0.4167 -0.8513 -0.3189
vn 0.2026 -0.7987 -0.5666
vn 0.0197 -0.6378 -0.7699
vn -0.0828 -0.3545 -0.9314
vn -0.4371 -0.6091 0.6618
vn -0.5955 -0.6549 0.4653
vn -0.3102 -0.4631 0.8302
vn -0.2175 -0.2524 0.9429
vn -0.1923 -0.0000 0.9813
vn -0.2175 0.2524 0.9429
vn -0.3102 0.4631 0.8302
vn -0.4370 0.6090 0.6619
vn -0.5955 0.6549 0.4652
vn -0.7479 0.6090 0.2640
vn -0.8806 0.4631 0.1002
vn -0.9675 0.2524 -0.0171
vn -0.9987 0.0000 -0.0508
vn -0.9675 -0.2524 -0.0171
vn -0.8806 -0.4632 0.1001
vn -0.7480 -0.6090 0.2639
vn 0.2821 0.2409 -0.9286
vn 0.2597 0.0000 -0.9657
vn 0.2638 0.4692 -0.8427
vn 0.4500 0.5471 -0.7058
vn 0.6287 0.5884 -0.5085
vn 0.7734 0.5639 -0.2897
vn 0.8615 0.5018 -0.0777
vn 0.9576 0.2828 -0.0554
vn 0.9993 0.0138 -0.0341
vn 0.9679 -0.2480 -0.0406
vn 0.8815 -0.4693 -0.0521
vn 0.7955 -0.5460 -0.2629
vn 0.6457 -0.5884 -0.4867
vn 0.4775 -0.5581 -0.6786
vn 0.2838 -0.5017 -0.8172
vn 0.2851 -0.2793 -0.9169
vn 0.7509 0.2480 -0.6121
vn 0.5876 0.2637 -0.7650
vn 0.5936 0.0000 -0.8048
vn 0.7760 0.0000 -0.6308
vn 0.9159 0.0201 -0.4009
vn 0.8983 0.2411 -0.3673
vn 0.7756 -0.2480 -0.5805
vn 0.8844 -0.2636 -0.3851
vn 0.5737 -0.2411 -0.7828
vn 0.2529 -0.9483 0.1915
vn 0.4840 -0.8725 -0.0668
vn 0.8192 -0.2446 0.5187
vn 0.7599 -0.2678 0.5922
vn 0.6925 -0.6586 -0.2944
vn 0.8729 -0.1885 0.4500
vn 0.8059 -0.3503 -0.4773
vn 0.9096 -0.1012 0.4030
vn 0.8362 0.0000 -0.5484
vn 0.9238 -0.0020 0.3828
vn 0.8052 0.3507 -0.4783
vn 0.9111 0.0955 0.4010
vn 0.6923 0.6587 -0.2946
vn 0.8764 0.1829 0.4455
vn 0.4847 0.8722 -0.0659
vn 0.8227 0.2422 0.5143
vn 0.2534 0.9469 0.1980
vn 0.7607 0.2669 0.5917
vn 0.0522 0.8725 0.4857
vn 0.7015 0.2447 0.6694
vn -0.1182 0.6586 0.7431
vn 0.6477 0.1886 0.7382
vn -0.2683 0.3504 0.8974
vn 0.6110 0.1011 0.7852
vn -0.3298 -0.0000 0.9440
vn 0.5949 0.0021 0.8038
vn -0.2692 -0.3507 0.8970
vn 0.6095 -0.0955 0.7870
vn -0.1183 -0.6587 0.7431
vn 0.6443 -0.1829 0.7426
vn 0.0532 -0.8723 0.4861
vn 0.6980 -0.2423 0.6739
vn -0.8924 0.3217 0.3163
vn -0.9355 -0.0000 0.3533
vn -0.7785 0.5946 0.2013
vn -0.6188 0.7849 -0.0334
vn -0.4165 0.8513 -0.3191
vn -0.2002 0.7975 -0.5691
vn -0.0197 0.6378 -0.7700
vn 0.0815 0.3578 -0.9302
vn 0.1109 0.0050 -0.9938
vn 0.0905 -0.3252 -0.9413
vn 0.0070 -0.5945 -0.8041
vn -0.1803 -0.7832 -0.5951
vn -0.4102 -0.8513 -0.3272
vn -0.5988 -0.7987 -0.0595
vn -0.7518 -0.6379 0.1672
vn -0.8837 -0.3545 0.3057
vn 0.7479 -0.6091 0.2640
vn 0.5955 -0.6549 0.4653
vn 0.8806 -0.4631 0.1002
vn 0.9675 -0.2524 -0.0171
vn 0.9987 0.0000 -0.0508
vn 0.9675 0.2523 -0.0171
vn 0.8806 0.4632 0.1000
vn 0.7479 0.6090 0.2640
vn 0.5955 0.6549 0.4653
vn 0.4371 0.6091 0.6618
vn 0.3103 0.4632 0.8302
vn 0.2175 0.2524 0.9429
vn 0.1923 0.0000 0.9813
vn 0.2175 -0.2523 0.9429
vn 0.3102 -0.4630 0.8303
vn 0.4370 -0.6090 0.6619
vn -0.9693 0.2409 -0.0491
vn -0.9998 0.0000 -0.0185
vn -0.8815 0.4692 -0.0521
vn -0.7937 0.5471 -0.2658
vn -0.6455 0.5884 -0.4870
vn -0.4682 0.5639 -0.6803
vn -0.2838 0.5017 -0.8171
vn -0.2854 0.2828 -0.9157
vn -0.2748 0.0138 -0.9614
vn -0.2735 -0.2481 -0.9293
vn -0.2638 -0.4693 -0.8427
vn -0.4475 -0.5459 -0.7083
vn -0.6285 -0.5884 -0.5088
vn -0.7740 -0.5581 -0.2991
vn -0.8615 -0.5017 -0.0777
vn -0.9587 -0.2792 -0.0548
vn 0.2357 -0.9238 -0.3017
vn 0.4354 -0.7070 -0.5573
vn 0.5688 -0.3828 -0.7280
vn 0.6157 0.0000 -0.7880
vn 0.5688 0.3828 -0.7280
vn 0.4353 0.7072 -0.5571
vn 0.2358 0.9237 -0.3018
vn -0.2356 0.9239 0.3016
vn -0.4355 0.7069 0.5574
vn -0.5688 0.3828 0.7280
vn -0.6157 0.0000 0.7880
vn -0.5688 -0.3828 0.7280
vn -0.4353 -0.7072 0.5571
vn -0.2359 -0.9237 0.3019
vn -0.7756 0.2480 -0.5805
vn -0.8844 0.2637 -0.3851
vn -0.9244 0.0000 -0.3813
vn -0.7998 0.0000 -0.6003
vn -0.6106 0.0201 -0.7917
vn -0.5737 0.2411 -0.7828
vn -0.7509 -0.2480 -0.6121
vn -0.5876 -0.2637 -0.7650
vn -0.8983 -0.2411 -0.3673
vn -0.6982 -0.2465 -0.6721
vn -0.0483 -0.8812 -0.4702
vn -0.2533 -0.9469 -0.1979
vn -0.7584 -0.2657 -0.5952
vn -0.6433 -0.1895 -0.7417
vn 0.1280 -0.6819 -0.7202
vn -0.6098 -0.1016 -0.7860
vn 0.2775 -0.3685 -0.8873
vn -0.5937 0.0000 -0.8047
vn 0.3340 -0.0047 -0.9426
vn -0.6076 0.0998 -0.7880
vn 0.2845 0.3409 -0.8960
vn -0.6427 0.1884 -0.7426
vn 0.1497 0.6467 -0.7479
vn -0.6974 0.2437 -0.6740
vn -0.0313 0.8700 -0.4921
vn -0.7591 0.2683 -0.5931
vn -0.2470 0.9483 -0.1991
vn -0.8210 0.2466 -0.5149
vn -0.4678 0.8813 0.0668
vn -0.8753 0.1896 -0.4448
vn -0.6677 0.6820 0.2984
vn -0.9101 0.1017 -0.4018
vn -0.7938 0.3686 0.4838
vn -0.9243 0.0000 -0.3816
vn -0.8338 0.0047 0.5520
vn -0.9115 -0.0997 -0.3991
vn -0.8006 -0.3410 0.4927
vn -0.8760 -0.1884 -0.4440
vn -0.6894 -0.6468 0.3261
vn -0.8227 -0.2437 -0.5137
vn -0.4850 -0.8700 0.0886
vn -0.1080 0.3407 0.9339
vn -0.1109 0.0050 0.9938
vn -0.0239 0.6279 0.7780
vn 0.1791 0.8003 0.5722
vn 0.4086 0.8531 0.3244
vn 0.5983 0.8005 0.0352
vn 0.7491 0.6278 -0.2113
vn 0.8803 0.3407 -0.3302
vn 0.9355 0.0000 -0.3532
vn 0.8813 -0.3407 -0.3273
vn 0.7491 -0.6279 -0.2114
vn 0.5960 -0.8023 0.0334
vn 0.4095 -0.8544 0.3199
vn 0.1763 -0.8025 0.5700
vn -0.0237 -0.6278 0.7780
vn -0.1036 -0.3407 0.9344
vn -0.5955 -0.6549 -0.4653
vn -0.4371 -0.6091 -0.6618
vn -0.3103 -0.4631 -0.8302
vn -0.2175 -0.2524 -0.9429
vn -0.1923 0.0000 -0.9813
vn -0.2175 0.2524 -0.9429
vn -0.3103 0.4631 -0.8302
vn -0.4371 0.6091 -0.6618
vn -0.5955 0.6549 -0.4652
vn -0.7479 0.6091 -0.2640
vn -0.8806 0.4631 -0.1002
vn -0.9675 0.2524 0.0171
vn -0.9987 -0.0000 0.0509
vn -0.9675 -0.2524 0.0171
vn -0.8806 -0.4632 -0.1001
vn -0.7479 -0.6091 -0.2640
vn 0.2748 0.0138 0.9614
vn 0.2621 0.2654 0.9278
vn 0.2428 0.5038 0.8290
vn 0.4469 0.5624 0.6957
vn 0.6299 0.6009 0.4921
vn 0.7777 0.5669 0.2716
vn 0.8631 0.5038 0.0351
vn 0.9637 0.2654 0.0299
vn 0.9998 0.0000 0.0184
vn 0.9637 -0.2648 0.0336
vn 0.8631 -0.5038 0.0351
vn 0.7763 -0.5698 0.2698
vn 0.6297 -0.6012 0.4920
vn 0.4496 -0.5697 0.6879
vn 0.2429 -0.5038 0.8290
vn 0.2689 -0.2733 0.9236
vn 0.6076 0.2451 0.7555
vn 0.7590 0.2687 0.5930
vn 0.6106 0.0201 0.7917
vn 0.7879 0.0193 0.6155
vn 0.8947 0.2213 0.3880
vn 0.9244 0.0000 0.3813
vn 0.8800 -0.2451 0.4068
vn 0.7590 -0.2686 0.5930
vn 0.5930 -0.2213 0.7742
vn -0.7881 0.3428 0.5113
vn -0.7361 0.1137 0.6672
vn -0.7881 0.3428 -0.5113
vn -0.8241 0.4945 -0.2764
vn -0.5580 -0.6536 -0.5113
vn -0.6118 -0.4249 -0.6672
vn -0.7361 0.1137 -0.6672
vn -0.8241 0.4945 0.2764
vn -0.5239 -0.8057 -0.2764
vn -0.6118 -0.4249 0.6672
vn -0.5580 -0.6536 0.5113
vn -0.6731 -0.1554 0.7231
vn -0.8357 0.5492 0.0000
vn -0.6731 -0.1554 -0.7231
vn -0.5104 -0.8599 0.0000
vn -0.5239 -0.8057 0.2764
g Old_Copper_Jug_Old_Copper_Jug_Old_Copper_Jug_Material
usemtl Old_Copper_Jug_Material
s 1
f 232/1/1 397/2/2 387/3/3 222/4/4
f 387/3/3 398/5/5 212/6/6 222/4/4
f 212/6/6 398/5/5 388/7/7 202/8/8
f 388/7/7 401/9/9 262/10/10 202/8/8
f 262/10/10 401/9/9 389/11/11 252/12/12
f 389/11/11 402/13/13 242/14/14 252/12/12
f 242/14/14 402/13/13 390/15/15 348/16/16
f 390/15/15 405/17/17 83/18/18 348/16/16
f 83/18/18 405/17/17 391/19/19 93/20/20
f 391/19/19 406/21/21 103/22/22 93/20/20
f 103/22/22 406/21/21 392/23/23 43/24/24
f 392/23/23 408/25/25 53/26/26 43/24/24
f 53/26/26 408/25/25 393/27/27 63/28/28
f 393/27/27 409/29/29 73/30/30 63/28/28
f 73/30/30 409/29/29 386/31/31 341/32/32
f 386/31/31 397/2/2 232/1/1 341/32/32
f 386/31/31 409/29/29 395/33/33 396/34/33
f 409/29/29 393/27/27 408/25/25 395/33/33
f 395/33/33 408/25/25 392/23/23 407/35/33
f 396/34/33 395/33/33 407/35/33 385/36/33
f 392/23/23 406/21/21 403/37/33 407/35/33
f 406/21/21 391/19/19 405/17/17 403/37/33
f 403/37/33 405/17/17 390/15/15 404/38/33
f 407/35/33 403/37/33 404/38/33 385/36/33
f 390/15/15 402/13/13 399/39/33 404/38/33
f 402/13/13 389/11/11 401/9/9 399/39/33
f 399/39/33 401/9/9 388/7/7 400/40/33
f 404/38/33 399/39/33 400/40/33 385/36/33
f 388/7/7 398/5/5 394/41/33 400/40/33
f 398/5/5 387/3/3 397/2/2 394/41/33
f 394/41/33 397/2/2 386/31/31 396/34/33
f 400/40/33 394/41/33 396/34/33 385/36/33
f 1263/42/34 1261/43/35 1201/44/36 1204/45/37
f 367/46/38 2/47/39 3/48/40 384/49/41
f 382/50/42 1209/51/43 1206/52/44 383/53/45
f 384/49/41 3/48/40 4/54/46 383/53/45
f 1269/55/47 1266/56/48 1207/57/49 1210/58/50
f 383/53/45 4/54/46 5/59/51 382/50/42
f 1305/60/52 1272/61/53 1213/62/54 1245/63/55
f 382/50/42 5/59/51 6/64/56 381/65/57
f 1279/66/58 1303/67/59 1242/68/60 1219/69/61
f 381/65/57 6/64/56 335/70/62 380/71/63
f 380/72/63 335/73/62 165/74/64 379/75/65
f 779/76/66 1308/77/67 1252/78/68 778/79/69
f 379/75/65 165/74/64 164/80/70 378/81/71
f 1300/82/72 1305/83/52 1245/84/55 1239/85/73
f 378/81/71 164/80/70 163/86/74 377/87/75
f 1294/88/76 1297/89/77 1236/90/78 1233/91/79
f 377/87/75 163/86/74 162/92/80 376/93/81
f 377/87/75 1234/94/82 1237/95/83 378/81/71
f 376/93/81 162/92/80 161/96/84 375/97/85
f 1291/98/86 1294/88/76 1233/91/79 1230/99/87
f 375/97/85 161/96/84 160/100/88 374/101/89
f 1287/102/90 1291/98/86 1230/99/87 1227/103/91
f 1281/104/92 1285/105/93 1224/106/94 1221/107/95
f 374/101/89 160/100/88 319/108/96 373/109/97
f 373/109/97 1222/110/98 1225/111/99 374/101/89
f 373/109/97 319/108/96 312/112/100 372/113/101
f 372/113/101 312/112/100 318/114/102 371/115/103
f 1309/116/104 1279/66/58 1219/69/61 1249/117/105
f 371/115/103 318/114/102 343/118/106 370/119/107
f 1303/67/59 1281/104/92 1221/107/95 1242/68/60
f 365/120/108 1197/121/109 1195/122/110 366/123/111
f 370/119/107 343/118/106 159/124/112 369/125/113
f 1251/126/114 1309/116/104 1249/117/105 1191/127/115
f 369/125/113 159/124/112 153/128/116 368/129/117
f 368/129/117 153/128/116 364/130/118 366/123/111
f 1261/43/35 1257/131/119 1198/132/120 1201/44/36
f 384/49/41 1203/133/121 1200/134/122 367/46/38
f 365/120/108 1/135/123 2/47/39 367/46/38
f 366/123/111 364/130/118 1/135/123 365/120/108
f 1254/136/124 1275/137/125 1216/138/126 1194/139/127
f 148/140/128 8/141/129 7/142/130 152/143/131
f 147/144/132 9/145/133 8/141/129 148/140/128
f 146/146/134 10/147/135 9/145/133 147/144/132
f 339/148/136 340/149/137 10/147/135 146/146/134
f 151/150/138 11/151/139 347/152/140 346/153/141
f 150/154/142 12/155/143 11/151/139 151/150/138
f 149/156/144 13/157/145 12/155/143 150/154/142
f 152/143/131 7/142/130 13/157/145 149/156/144
f 8/141/129 15/158/146 14/159/147 7/142/130
f 9/145/133 16/160/148 15/158/146 8/141/129
f 10/147/135 17/161/149 16/160/148 9/145/133
f 340/149/137 336/162/150 17/161/149 10/147/135
f 11/151/139 18/163/151 344/164/152 347/152/140
f 12/155/143 19/165/153 18/163/151 11/151/139
f 13/157/145 20/166/154 19/165/153 12/155/143
f 7/142/130 14/159/147 20/166/154 13/157/145
f 15/158/146 22/167/155 21/168/156 14/159/147
f 16/160/148 23/169/157 22/167/155 15/158/146
f 17/161/149 24/170/158 23/169/157 16/160/148
f 336/162/150 337/171/159 24/170/158 17/161/149
f 18/163/151 25/172/160 345/173/161 344/164/152
f 19/165/153 26/174/162 25/172/160 18/163/151
f 20/166/154 27/175/163 26/174/162 19/165/153
f 14/159/147 21/168/156 27/175/163 20/166/154
f 343/118/106 345/173/161 25/172/160 159/124/112
f 33/176/164 24/170/158 337/171/159 338/177/165
f 32/178/166 23/169/157 24/170/158 33/176/164
f 31/179/167 22/167/155 23/169/157 32/178/166
f 30/180/168 21/168/156 22/167/155 31/179/167
f 29/181/169 27/175/163 21/168/156 30/180/168
f 28/182/170 26/174/162 27/175/163 29/181/169
f 159/124/112 25/172/160 26/174/162 28/182/170
f 44/183/171 148/140/128 152/143/131 34/184/172
f 45/185/173 44/183/171 34/184/172 35/186/174
f 37/187/175 47/188/176 46/189/177 36/190/178
f 48/191/179 47/188/176 37/187/175 38/192/180
f 49/193/181 48/191/179 38/192/180 39/194/182
f 41/195/183 51/196/184 50/197/185 40/198/186
f 41/195/183 42/199/187 52/200/188 51/196/184
f 42/199/187 43/24/24 53/26/26 52/200/188
f 54/201/189 147/144/132 148/140/128 44/183/171
f 54/201/189 44/183/171 45/185/173 55/202/190
f 47/188/176 57/203/191 56/204/192 46/189/177
f 58/205/193 57/203/191 47/188/176 48/191/179
f 59/206/194 58/205/193 48/191/179 49/193/181
f 50/197/185 51/196/184 61/207/195 60/208/196
f 51/196/184 52/200/188 62/209/197 61/207/195
f 52/200/188 53/26/26 63/28/28 62/209/197
f 64/210/198 146/146/134 147/144/132 54/201/189
f 65/211/199 64/210/198 54/201/189 55/202/190
f 57/203/191 67/212/200 66/213/201 56/204/192
f 68/214/202 67/212/200 57/203/191 58/205/193
f 69/215/203 68/214/202 58/205/193 59/206/194
f 61/207/195 71/216/204 70/217/205 60/208/196
f 62/209/197 72/218/206 71/216/204 61/207/195
f 63/28/28 73/30/30 72/218/206 62/209/197
f 324/219/207 339/148/136 146/146/134 64/210/198
f 324/219/207 64/210/198 65/211/199 323/220/208
f 67/212/200 325/221/209 326/222/210 66/213/201
f 333/223/211 325/221/209 67/212/200 68/214/202
f 332/224/212 333/223/211 68/214/202 69/215/203
f 70/217/205 71/216/204 330/225/213 331/226/214
f 72/218/206 342/227/215 330/225/213 71/216/204
f 73/30/30 341/32/32 342/227/215 72/218/206
f 74/228/216 151/150/138 346/153/141 354/229/217
f 75/230/218 74/228/216 354/229/217 353/231/219
f 355/232/220 77/233/221 76/234/222 356/235/223
f 78/236/224 77/233/221 355/232/220 363/237/225
f 79/238/226 78/236/224 363/237/225 362/239/227
f 360/240/228 81/241/229 80/242/230 361/243/231
f 360/240/228 349/244/232 82/245/233 81/241/229
f 349/244/232 348/16/16 83/18/18 82/245/233
f 84/246/234 150/154/142 151/150/138 74/228/216
f 84/246/234 74/228/216 75/230/218 85/247/235
f 77/233/221 87/248/236 86/249/237 76/234/222
f 88/250/238 87/248/236 77/233/221 78/236/224
f 89/251/239 88/250/238 78/236/224 79/238/226
f 80/242/230 81/241/229 91/252/240 90/253/241
f 81/241/229 82/245/233 92/254/242 91/252/240
f 82/245/233 83/18/18 93/20/20 92/254/242
f 94/255/243 149/156/144 150/154/142 84/246/234
f 95/256/244 94/255/243 84/246/234 85/247/235
f 87/248/236 97/257/245 96/258/246 86/249/237
f 98/259/247 97/257/245 87/248/236 88/250/238
f 99/260/248 98/259/247 88/250/238 89/251/239
f 91/252/240 101/261/249 100/262/250 90/253/241
f 92/254/242 102/263/251 101/261/249 91/252/240
f 93/20/20 103/22/22 102/263/251 92/254/242
f 34/184/172 152/143/131 149/156/144 94/255/243
f 34/184/172 94/255/243 95/256/244 35/186/174
f 97/257/245 37/187/175 36/190/178 96/258/246
f 38/192/180 37/187/175 97/257/245 98/259/247
f 39/194/182 38/192/180 98/259/247 99/260/248
f 100/262/250 101/261/249 41/195/183 40/198/186
f 102/263/251 42/199/187 41/195/183 101/261/249
f 103/22/22 43/24/24 42/199/187 102/263/251
f 106/264/252 45/185/173 35/186/174 104/265/253
f 36/190/178 46/189/177 107/266/254 105/267/255
f 110/268/256 49/193/181 39/194/182 108/269/257
f 109/270/258 40/198/186 50/197/185 111/271/259
f 112/272/260 55/202/190 45/185/173 106/264/252
f 46/189/177 56/204/192 113/273/261 107/266/254
f 114/274/262 59/206/194 49/193/181 110/268/256
f 50/197/185 60/208/196 115/275/263 111/271/259
f 65/211/199 55/202/190 112/272/260 116/276/264
f 56/204/192 66/213/201 117/277/265 113/273/261
f 118/278/266 69/215/203 59/206/194 114/274/262
f 115/275/263 60/208/196 70/217/205 119/279/267
f 323/220/208 65/211/199 116/276/264 322/280/268
f 66/213/201 326/222/210 321/281/269 117/277/265
f 329/282/270 332/224/212 69/215/203 118/278/266
f 70/217/205 331/226/214 328/283/271 119/279/267
f 120/284/272 75/230/218 353/231/219 352/285/273
f 356/235/223 76/234/222 121/286/274 351/287/275
f 122/288/276 79/238/226 362/239/227 359/289/277
f 358/290/278 361/243/231 80/242/230 123/291/279
f 124/292/280 85/247/235 75/230/218 120/284/272
f 76/234/222 86/249/237 125/293/281 121/286/274
f 126/294/282 89/251/239 79/238/226 122/288/276
f 80/242/230 90/253/241 127/295/283 123/291/279
f 95/256/244 85/247/235 124/292/280 128/296/284
f 86/249/237 96/258/246 129/297/285 125/293/281
f 130/298/286 99/260/248 89/251/239 126/294/282
f 127/295/283 90/253/241 100/262/250 131/299/287
f 35/186/174 95/256/244 128/296/284 104/265/253
f 96/258/246 36/190/178 105/267/255 129/297/285
f 108/269/257 39/194/182 99/260/248 130/298/286
f 100/262/250 40/198/186 109/270/258 131/299/287
f 104/265/253 133/300/288 132/301/289 106/264/252
f 107/266/254 132/301/289 133/300/288 105/267/255
f 108/269/257 135/302/290 134/303/291 110/268/256
f 111/271/259 134/304/291 135/305/290 109/270/258
f 106/264/252 132/301/289 136/306/292 112/272/260
f 113/273/261 136/306/292 132/301/289 107/266/254
f 110/268/256 134/303/291 137/307/293 114/274/262
f 115/275/263 137/308/293 134/304/291 111/271/259
f 112/272/260 136/306/292 138/309/294 116/276/264
f 117/277/265 138/309/294 136/306/292 113/273/261
f 114/274/262 137/307/293 139/310/295 118/278/266
f 119/279/267 139/311/295 137/308/293 115/275/263
f 116/276/264 138/309/294 320/312/296 322/280/268
f 321/281/269 320/312/296 138/309/294 117/277/265
f 118/278/266 139/310/295 327/313/297 329/282/270
f 328/283/271 327/314/297 139/311/295 119/279/267
f 352/285/273 350/315/298 140/316/299 120/284/272
f 121/286/274 140/316/299 350/315/298 351/287/275
f 359/289/277 357/317/300 141/318/301 122/288/276
f 123/291/279 141/319/301 357/320/300 358/290/278
f 120/284/272 140/316/299 142/321/302 124/292/280
f 125/293/281 142/321/302 140/316/299 121/286/274
f 122/288/276 141/318/301 143/322/303 126/294/282
f 127/295/283 143/323/303 141/319/301 123/291/279
f 124/292/280 142/321/302 144/324/304 128/296/284
f 129/297/285 144/324/304 142/321/302 125/293/281
f 126/294/282 143/322/303 145/325/305 130/298/286
f 131/299/287 145/326/305 143/323/303 127/295/283
f 128/296/284 144/324/304 133/300/288 104/265/253
f 105/267/255 133/300/288 144/324/304 129/297/285
f 130/298/286 145/325/305 135/302/290 108/269/257
f 109/270/258 135/305/290 145/326/305 131/299/287
f 159/124/112 28/182/170 364/130/118 153/128/116
f 154/327/306 364/130/118 28/182/170 29/181/169
f 2/47/39 1/135/123 364/130/118 154/327/306
f 29/181/169 30/180/168 155/328/307 154/327/306
f 2/47/39 154/327/306 155/328/307 3/48/40
f 30/180/168 31/179/167 156/329/308 155/328/307
f 3/48/40 155/328/307 156/329/308 4/54/46
f 31/179/167 32/178/166 157/330/309 156/329/308
f 4/54/46 156/329/308 157/330/309 5/59/51
f 32/178/166 33/176/164 158/331/310 157/330/309
f 5/59/51 157/330/309 158/331/310 6/64/56
f 33/176/164 338/177/165 334/332/311 158/331/310
f 6/64/56 158/331/310 334/332/311 335/70/62
f 166/333/312 167/334/313 307/335/314 311/336/315
f 167/334/313 168/337/316 306/338/317 307/335/314
f 168/337/316 169/339/318 305/340/319 306/338/317
f 169/339/318 340/341/137 339/342/136 305/340/319
f 347/152/140 170/343/320 310/344/321 346/153/141
f 170/343/320 171/345/322 309/346/323 310/344/321
f 171/345/322 172/347/324 308/348/325 309/346/323
f 172/347/324 166/333/312 311/336/315 308/348/325
f 173/349/326 174/350/327 167/334/313 166/333/312
f 174/350/327 175/351/328 168/337/316 167/334/313
f 175/351/328 176/352/329 169/339/318 168/337/316
f 176/352/329 336/353/150 340/341/137 169/339/318
f 344/164/152 177/354/330 170/343/320 347/152/140
f 177/354/330 178/355/331 171/345/322 170/343/320
f 178/355/331 179/356/332 172/347/324 171/345/322
f 179/356/332 173/349/326 166/333/312 172/347/324
f 180/357/333 181/358/334 174/350/327 173/349/326
f 181/358/334 182/359/335 175/351/328 174/350/327
f 182/359/335 183/360/336 176/352/329 175/351/328
f 183/360/336 337/361/159 336/353/150 176/352/329
f 345/173/161 184/362/337 177/354/330 344/164/152
f 184/362/337 185/363/338 178/355/331 177/354/330
f 185/363/338 186/364/339 179/356/332 178/355/331
f 186/364/339 180/357/333 173/349/326 179/356/332
f 184/362/337 345/173/161 343/118/106 318/114/102
f 337/361/159 183/360/336 192/365/340 338/366/165
f 183/360/336 182/359/335 191/367/341 192/365/340
f 182/359/335 181/358/334 190/368/342 191/367/341
f 181/358/334 180/357/333 189/369/343 190/368/342
f 180/357/333 186/364/339 188/370/344 189/369/343
f 186/364/339 185/363/338 187/371/345 188/370/344
f 185/363/338 184/362/337 318/114/102 187/371/345
f 311/336/315 307/335/314 203/372/346 193/373/347
f 193/373/347 203/372/346 204/374/348 194/375/349
f 205/376/350 206/377/351 196/378/352 195/379/353
f 196/378/352 206/377/351 207/380/354 197/381/355
f 197/381/355 207/380/354 208/382/356 198/383/357
f 209/384/358 210/385/359 200/386/360 199/387/361
f 211/388/362 201/389/363 200/386/360 210/385/359
f 212/6/6 202/8/8 201/389/363 211/388/362
f 307/335/314 306/338/317 213/390/364 203/372/346
f 204/374/348 203/372/346 213/390/364 214/391/365
f 215/392/366 216/393/367 206/377/351 205/376/350
f 206/377/351 216/393/367 217/394/368 207/380/354
f 207/380/354 217/394/368 218/395/369 208/382/356
f 220/396/370 210/385/359 209/384/358 219/397/371
f 221/398/372 211/388/362 210/385/359 220/396/370
f 222/4/4 212/6/6 211/388/362 221/398/372
f 306/338/317 305/340/319 223/399/373 213/390/364
f 213/390/364 223/399/373 224/400/374 214/391/365
f 225/401/375 226/402/376 216/393/367 215/392/366
f 216/393/367 226/402/376 227/403/377 217/394/368
f 217/394/368 227/403/377 228/404/378 218/395/369
f 229/405/379 230/406/380 220/396/370 219/397/371
f 230/406/380 231/407/381 221/398/372 220/396/370
f 231/407/381 232/1/1 222/4/4 221/398/372
f 305/340/319 339/342/136 324/408/207 223/399/373
f 224/400/374 223/399/373 324/408/207 323/409/208
f 326/410/210 325/411/209 226/402/376 225/401/375
f 226/402/376 325/411/209 333/412/211 227/403/377
f 227/403/377 333/412/211 332/413/212 228/404/378
f 330/225/213 230/406/380 229/405/379 331/226/214
f 330/225/213 342/227/215 231/407/381 230/406/380
f 342/227/215 341/32/32 232/1/1 231/407/381
f 346/153/141 310/344/321 233/414/382 354/229/217
f 354/229/217 233/414/382 234/415/383 353/231/219
f 235/416/384 236/417/385 355/232/220 356/235/223
f 355/232/220 236/417/385 237/418/386 363/237/225
f 363/237/225 237/418/386 238/419/387 362/239/227
f 239/420/388 240/421/389 360/240/228 361/243/231
f 241/422/390 349/244/232 360/240/228 240/421/389
f 242/14/14 348/16/16 349/244/232 241/422/390
f 310/344/321 309/346/323 243/423/391 233/414/382
f 234/415/383 233/414/382 243/423/391 244/424/392
f 245/425/393 246/426/394 236/417/385 235/416/384
f 236/417/385 246/426/394 247/427/395 237/418/386
f 237/418/386 247/427/395 248/428/396 238/419/387
f 250/429/397 240/421/389 239/420/388 249/430/398
f 251/431/399 241/422/390 240/421/389 250/429/397
f 252/12/12 242/14/14 241/422/390 251/431/399
f 309/346/323 308/348/325 253/432/400 243/423/391
f 243/423/391 253/432/400 254/433/401 244/424/392
f 255/434/402 256/435/403 246/426/394 245/425/393
f 246/426/394 256/435/403 257/436/404 247/427/395
f 247/427/395 257/436/404 258/437/405 248/428/396
f 259/438/406 260/439/407 250/429/397 249/430/398
f 260/439/407 261/440/408 251/431/399 250/429/397
f 261/440/408 262/10/10 252/12/12 251/431/399
f 308/348/325 311/336/315 193/373/347 253/432/400
f 254/433/401 253/432/400 193/373/347 194/375/349
f 195/379/353 196/378/352 256/435/403 255/434/402
f 256/435/403 196/378/352 197/381/355 257/436/404
f 257/436/404 197/381/355 198/383/357 258/437/405
f 200/386/360 260/439/407 259/438/406 199/387/361
f 200/386/360 201/389/363 261/440/408 260/439/407
f 201/389/363 202/8/8 262/10/10 261/440/408
f 194/375/349 204/374/348 265/441/409 263/442/410
f 266/443/411 205/376/350 195/379/353 264/444/412
f 198/383/357 208/382/356 269/445/413 267/446/414
f 209/384/358 199/387/361 268/447/415 270/448/416
f 204/374/348 214/391/365 271/449/417 265/441/409
f 272/450/418 215/392/366 205/376/350 266/443/411
f 208/382/356 218/395/369 273/451/419 269/445/413
f 274/452/420 219/397/371 209/384/358 270/448/416
f 271/449/417 214/391/365 224/400/374 275/453/421
f 276/454/422 225/401/375 215/392/366 272/450/418
f 218/395/369 228/404/378 277/455/423 273/451/419
f 229/405/379 219/397/371 274/452/420 278/456/424
f 275/453/421 224/400/374 323/409/208 322/457/268
f 321/458/269 326/410/210 225/401/375 276/454/422
f 228/404/378 332/413/212 329/459/270 277/455/423
f 328/283/271 331/226/214 229/405/379 278/456/424
f 353/231/219 234/415/383 279/460/425 352/285/273
f 280/461/426 235/416/384 356/235/223 351/287/275
f 362/239/227 238/419/387 281/462/427 359/289/277
f 239/420/388 361/243/231 358/290/278 282/463/428
f 234/415/383 244/424/392 283/464/429 279/460/425
f 284/465/430 245/425/393 235/416/384 280/461/426
f 238/419/387 248/428/396 285/466/431 281/462/427
f 286/467/432 249/430/398 239/420/388 282/463/428
f 283/464/429 244/424/392 254/433/401 287/468/433
f 288/469/434 255/434/402 245/425/393 284/465/430
f 248/428/396 258/437/405 289/470/435 285/466/431
f 259/438/406 249/430/398 286/467/432 290/471/436
f 287/468/433 254/433/401 194/375/349 263/442/410
f 264/444/412 195/379/353 255/434/402 288/469/434
f 258/437/405 198/383/357 267/446/414 289/470/435
f 268/447/415 199/387/361 259/438/406 290/471/436
f 291/472/437 292/473/438 263/442/410 265/441/409
f 292/473/438 291/472/437 266/443/411 264/444/412
f 293/474/439 294/475/440 267/446/414 269/445/413
f 294/476/440 293/477/439 270/448/416 268/447/415
f 295/478/441 291/472/437 265/441/409 271/449/417
f 291/472/437 295/478/441 272/450/418 266/443/411
f 296/479/442 293/474/439 269/445/413 273/451/419
f 293/477/439 296/480/442 274/452/420 270/448/416
f 297/481/443 295/478/441 271/449/417 275/453/421
f 295/478/441 297/481/443 276/454/422 272/450/418
f 298/482/444 296/479/442 273/451/419 277/455/423
f 296/480/442 298/483/444 278/456/424 274/452/420
f 320/484/296 297/481/443 275/453/421 322/457/268
f 297/481/443 320/484/296 321/458/269 276/454/422
f 327/485/297 298/482/444 277/455/423 329/459/270
f 298/483/444 327/314/297 328/283/271 278/456/424
f 299/486/445 350/315/298 352/285/273 279/460/425
f 350/315/298 299/486/445 280/461/426 351/287/275
f 300/487/446 357/317/300 359/289/277 281/462/427
f 357/320/300 300/488/446 282/463/428 358/290/278
f 301/489/447 299/486/445 279/460/425 283/464/429
f 299/486/445 301/489/447 284/465/430 280/461/426
f 302/490/448 300/487/446 281/462/427 285/466/431
f 300/488/446 302/491/448 286/467/432 282/463/428
f 303/492/449 301/489/447 283/464/429 287/468/433
f 301/489/447 303/492/449 288/469/434 284/465/430
f 304/493/450 302/490/448 285/466/431 289/470/435
f 302/491/448 304/494/450 290/471/436 286/467/432
f 292/473/438 303/492/449 287/468/433 263/442/410
f 303/492/449 292/473/438 264/444/412 288/469/434
f 294/475/440 304/493/450 289/470/435 267/446/414
f 304/494/450 294/476/440 268/447/415 290/471/436
f 319/108/96 187/371/345 318/114/102 312/112/100
f 187/371/345 319/108/96 313/495/451 188/370/344
f 319/108/96 160/100/88 161/96/84 313/495/451
f 314/496/452 189/369/343 188/370/344 313/495/451
f 314/496/452 313/495/451 161/96/84 162/92/80
f 315/497/453 190/368/342 189/369/343 314/496/452
f 315/497/453 314/496/452 162/92/80 163/86/74
f 316/498/454 191/367/341 190/368/342 315/497/453
f 316/498/454 315/497/453 163/86/74 164/80/70
f 317/499/455 192/365/340 191/367/341 316/498/454
f 317/499/455 316/498/454 164/80/70 165/74/64
f 334/500/311 338/366/165 192/365/340 317/499/455
f 334/500/311 317/499/455 165/74/64 335/73/62
f 631/501/456 796/502/457 806/503/458 641/504/459
f 631/501/456 621/505/460 807/506/461 796/502/457
f 611/507/462 797/508/463 807/506/461 621/505/460
f 611/507/462 671/509/464 810/510/465 797/508/463
f 661/511/466 798/512/467 810/510/465 671/509/464
f 661/511/466 651/513/468 811/514/469 798/512/467
f 757/515/470 799/516/471 811/514/469 651/513/468
f 757/515/470 492/517/472 814/518/473 799/516/471
f 502/519/474 800/520/475 814/518/473 492/517/472
f 502/519/474 512/521/476 815/522/477 800/520/475
f 452/523/478 801/524/479 815/522/477 512/521/476
f 452/523/478 462/525/480 817/526/481 801/524/479
f 472/527/482 802/528/483 817/526/481 462/525/480
f 472/527/482 482/529/484 818/530/485 802/528/483
f 750/531/486 795/532/487 818/530/485 482/529/484
f 750/531/486 641/504/459 806/503/458 795/532/487
f 805/533/488 804/534/488 818/530/485 795/532/487
f 804/534/488 817/526/481 802/528/483 818/530/485
f 816/535/488 801/524/479 817/526/481 804/534/488
f 794/536/488 816/535/488 804/534/488 805/533/488
f 816/535/488 812/537/488 815/522/477 801/524/479
f 812/537/488 814/518/473 800/520/475 815/522/477
f 813/538/488 799/516/471 814/518/473 812/537/488
f 794/536/488 813/538/488 812/537/488 816/535/488
f 813/538/488 808/539/488 811/514/469 799/516/471
f 808/539/488 810/510/465 798/512/467 811/514/469
f 809/540/488 797/508/463 810/510/465 808/539/488
f 794/536/488 809/540/488 808/539/488 813/538/488
f 809/540/488 803/541/488 807/506/461 797/508/463
f 803/541/488 806/503/458 796/502/457 807/506/461
f 805/533/488 795/532/487 806/503/458 803/541/488
f 794/536/488 805/533/488 803/541/488 809/540/488
f 1266/56/48 1263/42/34 1204/45/37 1207/57/49
f 793/542/489 1264/543/490 1267/544/491 792/545/492
f 793/542/489 412/546/493 411/547/494 776/548/495
f 383/53/45 1206/52/44 1203/133/121 384/49/41
f 792/545/492 1267/544/491 1270/549/496 791/550/497
f 792/545/492 413/551/498 412/546/493 793/542/489
f 1272/61/53 1269/55/47 1210/58/50 1213/62/54
f 791/550/497 1270/549/496 1273/552/499 790/553/500
f 791/550/497 414/554/501 413/551/498 792/545/492
f 381/65/57 1212/555/502 1209/51/43 382/50/42
f 790/553/500 1273/552/499 1306/556/503 789/557/504
f 790/553/500 415/558/505 414/554/501 791/550/497
f 380/71/63 1246/559/506 1212/555/502 381/65/57
f 780/560/507 1278/561/508 1308/77/67 779/76/66
f 789/557/504 744/562/509 415/558/505 790/553/500
f 788/563/510 574/564/511 744/565/509 789/566/504
f 379/75/65 1240/567/512 1246/568/506 380/72/63
f 787/569/513 573/570/514 574/564/511 788/563/510
f 378/81/71 1237/95/83 1240/567/512 379/75/65
f 789/566/504 1306/571/503 1299/572/515 788/563/510
f 786/573/516 572/574/517 573/570/514 787/569/513
f 1297/89/77 1300/82/72 1239/85/73 1236/90/78
f 788/563/510 1299/572/515 1296/575/518 787/569/513
f 785/576/519 571/577/520 572/574/517 786/573/516
f 376/93/81 1231/578/521 1234/94/82 377/87/75
f 787/569/513 1296/575/518 1293/579/522 786/573/516
f 784/580/523 570/581/524 571/577/520 785/576/519
f 375/97/85 1228/582/525 1231/578/521 376/93/81
f 786/573/516 1293/579/522 1290/583/526 785/576/519
f 783/584/527 569/585/528 570/581/524 784/580/523
f 374/101/89 1225/111/99 1228/582/525 375/97/85
f 785/576/519 1290/583/526 1288/586/529 784/580/523
f 1285/105/93 1287/102/90 1227/103/91 1224/106/94
f 782/587/530 1282/588/531 1302/589/532 781/590/533
f 782/587/530 728/591/534 569/585/528 783/584/527
f 372/113/101 1243/592/535 1222/110/98 373/109/97
f 784/580/523 1288/586/529 1284/593/536 783/584/527
f 781/590/533 721/594/537 728/591/534 782/587/530
f 780/560/507 727/595/538 721/594/537 781/590/533
f 371/115/103 1218/596/539 1243/592/535 372/113/101
f 783/584/527 1284/593/536 1282/588/531 782/587/530
f 779/76/66 752/597/540 727/595/538 780/560/507
f 370/119/107 1248/598/541 1218/596/539 371/115/103
f 781/590/533 1302/589/532 1278/561/508 780/560/507
f 369/125/113 1192/599/542 1248/598/541 370/119/107
f 778/79/69 1252/78/68 1276/600/543 777/601/544
f 778/79/69 568/602/545 752/597/540 779/76/66
f 368/129/117 1215/603/546 1192/599/542 369/125/113
f 777/601/544 1276/600/543 1255/604/547 775/605/548
f 777/601/544 562/606/549 568/602/545 778/79/69
f 775/605/548 773/607/550 562/606/549 777/601/544
f 1257/131/119 1254/136/124 1194/139/127 1198/132/120
f 775/605/548 1255/604/547 1258/608/551 774/609/552
f 367/46/38 1200/134/122 1197/121/109 365/120/108
f 776/548/495 1260/610/553 1264/543/490 793/542/489
f 776/548/495 411/547/494 410/611/554 774/609/552
f 774/609/552 410/611/554 773/607/550 775/605/548
f 366/123/111 1195/122/110 1215/603/546 368/129/117
f 774/609/552 1258/608/551 1260/610/553 776/548/495
f 561/612/555 416/613/556 417/614/557 557/615/558
f 557/615/558 417/614/557 418/616/559 556/617/560
f 556/617/560 418/616/559 419/618/561 555/619/562
f 555/619/562 419/618/561 749/620/563 748/621/564
f 755/622/565 756/623/566 420/624/567 560/625/568
f 560/625/568 420/624/567 421/626/569 559/627/570
f 559/627/570 421/626/569 422/628/571 558/629/572
f 558/629/572 422/628/571 416/613/556 561/612/555
f 416/613/556 423/630/573 424/631/574 417/614/557
f 417/614/557 424/631/574 425/632/575 418/616/559
f 418/616/559 425/632/575 426/633/576 419/618/561
f 419/618/561 426/633/576 745/634/577 749/620/563
f 756/623/566 753/635/578 427/636/579 420/624/567
f 420/624/567 427/636/579 428/637/580 421/626/569
f 421/626/569 428/637/580 429/638/581 422/628/571
f 422/628/571 429/638/581 423/630/573 416/613/556
f 423/630/573 430/639/582 431/640/583 424/631/574
f 424/631/574 431/640/583 432/641/584 425/632/575
f 425/632/575 432/641/584 433/642/585 426/633/576
f 426/633/576 433/642/585 746/643/586 745/634/577
f 753/635/578 754/644/587 434/645/588 427/636/579
f 427/636/579 434/645/588 435/646/589 428/637/580
f 428/637/580 435/646/589 436/647/590 429/638/581
f 429/638/581 436/647/590 430/639/582 423/630/573
f 568/602/545 434/645/588 754/644/587 752/597/540
f 747/648/591 746/643/586 433/642/585 442/649/592
f 442/649/592 433/642/585 432/641/584 441/650/593
f 441/650/593 432/641/584 431/640/583 440/651/594
f 440/651/594 431/640/583 430/639/582 439/652/595
f 439/652/595 430/639/582 436/647/590 438/653/596
f 438/653/596 436/647/590 435/646/589 437/654/597
f 437/654/597 435/646/589 434/645/588 568/602/545
f 443/655/598 561/612/555 557/615/558 453/656/599
f 444/657/600 443/655/598 453/656/599 454/658/601
f 445/659/602 455/660/603 456/661/604 446/662/605
f 447/663/606 446/662/605 456/661/604 457/664/607
f 448/665/608 447/663/606 457/664/607 458/666/609
f 449/667/610 459/668/611 460/669/612 450/670/613
f 460/669/612 461/671/614 451/672/615 450/670/613
f 461/671/614 462/525/480 452/523/478 451/672/615
f 453/656/599 557/615/558 556/617/560 463/673/616
f 464/674/617 454/658/601 453/656/599 463/673/616
f 455/660/603 465/675/618 466/676/619 456/661/604
f 457/664/607 456/661/604 466/676/619 467/677/620
f 458/666/609 457/664/607 467/677/620 468/678/621
f 469/679/622 470/680/623 460/669/612 459/668/611
f 470/680/623 471/681/624 461/671/614 460/669/612
f 471/681/624 472/527/482 462/525/480 461/671/614
f 463/673/616 556/617/560 555/619/562 473/682/625
f 464/674/617 463/673/616 473/682/625 474/683/626
f 465/675/618 475/684/627 476/685/628 466/676/619
f 467/677/620 466/676/619 476/685/628 477/686/629
f 468/678/621 467/677/620 477/686/629 478/687/630
f 469/679/622 479/688/631 480/689/632 470/680/623
f 470/680/623 480/689/632 481/690/633 471/681/624
f 471/681/624 481/690/633 482/529/484 472/527/482
f 473/682/625 555/619/562 748/621/564 733/691/634
f 732/692/635 474/683/626 473/682/625 733/691/634
f 475/684/627 735/693/636 734/694/637 476/685/628
f 477/686/629 476/685/628 734/694/637 742/695/638
f 478/687/630 477/686/629 742/695/638 741/696/639
f 740/697/640 739/698/641 480/689/632 479/688/631
f 480/689/632 739/698/641 751/699/642 481/690/633
f 481/690/633 751/699/642 750/531/486 482/529/484
f 763/700/643 755/622/565 560/625/568 483/701/644
f 762/702/645 763/700/643 483/701/644 484/703/646
f 765/704/647 485/705/648 486/706/649 764/707/650
f 772/708/651 764/707/650 486/706/649 487/709/652
f 771/710/653 772/708/651 487/709/652 488/711/654
f 770/712/655 489/713/656 490/714/657 769/715/658
f 490/714/657 491/716/659 758/717/660 769/715/658
f 491/716/659 492/517/472 757/515/470 758/717/660
f 483/701/644 560/625/568 559/627/570 493/718/661
f 494/719/662 484/703/646 483/701/644 493/718/661
f 485/705/648 495/720/663 496/721/664 486/706/649
f 487/709/652 486/706/649 496/721/664 497/722/665
f 488/711/654 487/709/652 497/722/665 498/723/666
f 499/724/667 500/725/668 490/714/657 489/713/656
f 500/725/668 501/726/669 491/716/659 490/714/657
f 501/726/669 502/519/474 492/517/472 491/716/659
f 493/718/661 559/627/570 558/629/572 503/727/670
f 494/719/662 493/718/661 503/727/670 504/728/671
f 495/720/663 505/729/672 506/730/673 496/721/664
f 497/722/665 496/721/664 506/730/673 507/731/674
f 498/723/666 497/722/665 507/731/674 508/732/675
f 499/724/667 509/733/676 510/734/677 500/725/668
f 500/725/668 510/734/677 511/735/678 501/726/669
f 501/726/669 511/735/678 512/521/476 502/519/474
f 503/727/670 558/629/572 561/612/555 443/655/598
f 444/657/600 504/728/671 503/727/670 443/655/598
f 505/729/672 445/659/602 446/662/605 506/730/673
f 507/731/674 506/730/673 446/662/605 447/663/606
f 508/732/675 507/731/674 447/663/606 448/665/608
f 449/667/610 450/670/613 510/734/677 509/733/676
f 510/734/677 450/670/613 451/672/615 511/735/678
f 511/735/678 451/672/615 452/523/478 512/521/476
f 513/736/679 444/657/600 454/658/601 515/737/680
f 514/738/681 516/739/682 455/660/603 445/659/602
f 517/740/683 448/665/608 458/666/609 519/741/684
f 520/742/685 459/668/611 449/667/610 518/743/686
f 515/737/680 454/658/601 464/674/617 521/744/687
f 516/739/682 522/745/688 465/675/618 455/660/603
f 519/741/684 458/666/609 468/678/621 523/746/689
f 520/742/685 524/747/690 469/679/622 459/668/611
f 525/748/691 521/744/687 464/674/617 474/683/626
f 522/745/688 526/749/692 475/684/627 465/675/618
f 523/746/689 468/678/621 478/687/630 527/750/693
f 528/751/694 479/688/631 469/679/622 524/747/690
f 731/752/695 525/748/691 474/683/626 732/692/635
f 526/749/692 730/753/696 735/693/636 475/684/627
f 527/750/693 478/687/630 741/696/639 738/754/697
f 528/751/694 737/755/698 740/697/640 479/688/631
f 761/756/699 762/702/645 484/703/646 529/757/700
f 760/758/701 530/759/702 485/705/648 765/704/647
f 768/760/703 771/710/653 488/711/654 531/761/704
f 532/762/705 489/713/656 770/712/655 767/763/706
f 529/757/700 484/703/646 494/719/662 533/764/707
f 530/759/702 534/765/708 495/720/663 485/705/648
f 531/761/704 488/711/654 498/723/666 535/766/709
f 532/762/705 536/767/710 499/724/667 489/713/656
f 537/768/711 533/764/707 494/719/662 504/728/671
f 534/765/708 538/769/712 505/729/672 495/720/663
f 535/766/709 498/723/666 508/732/675 539/770/713
f 540/771/714 509/733/676 499/724/667 536/767/710
f 513/736/679 537/768/711 504/728/671 444/657/600
f 538/769/712 514/738/681 445/659/602 505/729/672
f 539/770/713 508/732/675 448/665/608 517/740/683
f 540/771/714 518/743/686 449/667/610 509/733/676
f 515/737/680 541/772/715 542/773/716 513/736/679
f 514/738/681 542/773/716 541/772/715 516/739/682
f 519/741/684 543/774/717 544/775/718 517/740/683
f 518/743/686 544/776/718 543/777/717 520/742/685
f 521/744/687 545/778/719 541/772/715 515/737/680
f 516/739/682 541/772/715 545/778/719 522/745/688
f 523/746/689 546/779/720 543/774/717 519/741/684
f 520/742/685 543/777/717 546/780/720 524/747/690
f 525/748/691 547/781/721 545/778/719 521/744/687
f 522/745/688 545/778/719 547/781/721 526/749/692
f 527/750/693 548/782/722 546/779/720 523/746/689
f 524/747/690 546/780/720 548/783/722 528/751/694
f 731/752/695 729/784/723 547/781/721 525/748/691
f 526/749/692 547/781/721 729/784/723 730/753/696
f 738/754/697 736/785/724 548/782/722 527/750/693
f 528/751/694 548/783/722 736/786/724 737/755/698
f 529/757/700 549/787/725 759/788/726 761/756/699
f 760/758/701 759/788/726 549/787/725 530/759/702
f 531/761/704 550/789/727 766/790/728 768/760/703
f 767/763/706 766/791/728 550/792/727 532/762/705
f 533/764/707 551/793/729 549/787/725 529/757/700
f 530/759/702 549/787/725 551/793/729 534/765/708
f 535/766/709 552/794/730 550/789/727 531/761/704
f 532/762/705 550/792/727 552/795/730 536/767/710
f 537/768/711 553/796/731 551/793/729 533/764/707
f 534/765/708 551/793/729 553/796/731 538/769/712
f 539/770/713 554/797/732 552/794/730 535/766/709
f 536/767/710 552/795/730 554/798/732 540/771/714
f 513/736/679 542/773/716 553/796/731 537/768/711
f 538/769/712 553/796/731 542/773/716 514/738/681
f 517/740/683 544/775/718 554/797/732 539/770/713
f 540/771/714 554/798/732 544/776/718 518/743/686
f 562/606/549 773/607/550 437/654/597 568/602/545
f 438/653/596 437/654/597 773/607/550 563/799/733
f 563/799/733 773/607/550 410/611/554 411/547/494
f 563/799/733 564/800/734 439/652/595 438/653/596
f 412/546/493 564/800/734 563/799/733 411/547/494
f 564/800/734 565/801/735 440/651/594 439/652/595
f 413/551/498 565/801/735 564/800/734 412/546/493
f 565/801/735 566/802/736 441/650/593 440/651/594
f 414/554/501 566/802/736 565/801/735 413/551/498
f 566/802/736 567/803/737 442/649/592 441/650/593
f 415/558/505 567/803/737 566/802/736 414/554/501
f 567/803/737 743/804/738 747/648/591 442/649/592
f 744/562/509 743/804/738 567/803/737 415/558/505
f 720/805/739 716/806/740 576/807/741 575/808/742
f 716/806/740 715/809/743 577/810/744 576/807/741
f 715/809/743 714/811/745 578/812/746 577/810/744
f 714/811/745 748/813/564 749/814/563 578/812/746
f 755/622/565 719/815/747 579/816/748 756/623/566
f 719/815/747 718/817/749 580/818/750 579/816/748
f 718/817/749 717/819/751 581/820/752 580/818/750
f 717/819/751 720/805/739 575/808/742 581/820/752
f 575/808/742 576/807/741 583/821/753 582/822/754
f 576/807/741 577/810/744 584/823/755 583/821/753
f 577/810/744 578/812/746 585/824/756 584/823/755
f 578/812/746 749/814/563 745/825/577 585/824/756
f 756/623/566 579/816/748 586/826/757 753/635/578
f 579/816/748 580/818/750 587/827/758 586/826/757
f 580/818/750 581/820/752 588/828/759 587/827/758
f 581/820/752 575/808/742 582/822/754 588/828/759
f 582/822/754 583/821/753 590/829/760 589/830/761
f 583/821/753 584/823/755 591/831/762 590/829/760
f 584/823/755 585/824/756 592/832/763 591/831/762
f 585/824/756 745/825/577 746/833/586 592/832/763
f 753/635/578 586/826/757 593/834/764 754/644/587
f 586/826/757 587/827/758 594/835/765 593/834/764
f 587/827/758 588/828/759 595/836/766 594/835/765
f 588/828/759 582/822/754 589/830/761 595/836/766
f 727/595/538 752/597/540 754/644/587 593/834/764
f 747/837/591 601/838/767 592/832/763 746/833/586
f 601/838/767 600/839/768 591/831/762 592/832/763
f 600/839/768 599/840/769 590/829/760 591/831/762
f 599/840/769 598/841/770 589/830/761 590/829/760
f 598/841/770 597/842/771 595/836/766 589/830/761
f 597/842/771 596/843/772 594/835/765 595/836/766
f 596/843/772 727/595/538 593/834/764 594/835/765
f 602/844/773 612/845/774 716/806/740 720/805/739
f 603/846/775 613/847/776 612/845/774 602/844/773
f 604/848/777 605/849/778 615/850/779 614/851/780
f 606/852/781 616/853/782 615/850/779 605/849/778
f 607/854/783 617/855/784 616/853/782 606/852/781
f 608/856/785 609/857/786 619/858/787 618/859/788
f 619/858/787 609/857/786 610/860/789 620/861/790
f 620/861/790 610/860/789 611/507/462 621/505/460
f 612/845/774 622/862/791 715/809/743 716/806/740
f 623/863/792 622/862/791 612/845/774 613/847/776
f 614/851/780 615/850/779 625/864/793 624/865/794
f 616/853/782 626/866/795 625/864/793 615/850/779
f 617/855/784 627/867/796 626/866/795 616/853/782
f 628/868/797 618/859/788 619/858/787 629/869/798
f 629/869/798 619/858/787 620/861/790 630/870/799
f 630/870/799 620/861/790 621/505/460 631/501/456
f 622/862/791 632/871/800 714/811/745 715/809/743
f 623/863/792 633/872/801 632/871/800 622/862/791
f 624/865/794 625/864/793 635/873/802 634/874/803
f 626/866/795 636/875/804 635/873/802 625/864/793
f 627/867/796 637/876/805 636/875/804 626/866/795
f 628/868/797 629/869/798 639/877/806 638/878/807
f 629/869/798 630/870/799 640/879/808 639/877/806
f 630/870/799 631/501/456 641/504/459 640/879/808
f 632/871/800 733/880/634 748/813/564 714/811/745
f 732/881/635 733/880/634 632/871/800 633/872/801
f 634/874/803 635/873/802 734/882/637 735/883/636
f 636/875/804 742/884/638 734/882/637 635/873/802
f 637/876/805 741/885/639 742/884/638 636/875/804
f 740/697/640 638/878/807 639/877/806 739/698/641
f 639/877/806 640/879/808 751/699/642 739/698/641
f 640/879/808 641/504/459 750/531/486 751/699/642
f 763/700/643 642/886/809 719/815/747 755/622/565
f 762/702/645 643/887/810 642/886/809 763/700/643
f 765/704/647 764/707/650 645/888/811 644/889/812
f 772/708/651 646/890/813 645/888/811 764/707/650
f 771/710/653 647/891/814 646/890/813 772/708/651
f 770/712/655 769/715/658 649/892/815 648/893/816
f 649/892/815 769/715/658 758/717/660 650/894/817
f 650/894/817 758/717/660 757/515/470 651/513/468
f 642/886/809 652/895/818 718/817/749 719/815/747
f 653/896/819 652/895/818 642/886/809 643/887/810
f 644/889/812 645/888/811 655/897/820 654/898/821
f 646/890/813 656/899/822 655/897/820 645/888/811
f 647/891/814 657/900/823 656/899/822 646/890/813
f 658/901/824 648/893/816 649/892/815 659/902/825
f 659/902/825 649/892/815 650/894/817 660/903/826
f 660/903/826 650/894/817 651/513/468 661/511/466
f 652/895/818 662/904/827 717/819/751 718/817/749
f 653/896/819 663/905/828 662/904/827 652/895/818
f 654/898/821 655/897/820 665/906/829 664/907/830
f 656/899/822 666/908/831 665/906/829 655/897/820
f 657/900/823 667/909/832 666/908/831 656/899/822
f 658/901/824 659/902/825 669/910/833 668/911/834
f 659/902/825 660/903/826 670/912/835 669/910/833
f 660/903/826 661/511/466 671/509/464 670/912/835
f 662/904/827 602/844/773 720/805/739 717/819/751
f 603/846/775 602/844/773 662/904/827 663/905/828
f 664/907/830 665/906/829 605/849/778 604/848/777
f 666/908/831 606/852/781 605/849/778 665/906/829
f 667/909/832 607/854/783 606/852/781 666/908/831
f 608/856/785 668/911/834 669/910/833 609/857/786
f 669/910/833 670/912/835 610/860/789 609/857/786
f 670/912/835 671/509/464 611/507/462 610/860/789
f 672/913/836 674/914/837 613/847/776 603/846/775
f 673/915/838 604/848/777 614/851/780 675/916/839
f 676/917/840 678/918/841 617/855/784 607/854/783
f 679/919/842 677/920/843 608/856/785 618/859/788
f 674/914/837 680/921/844 623/863/792 613/847/776
f 675/916/839 614/851/780 624/865/794 681/922/845
f 678/918/841 682/923/846 627/867/796 617/855/784
f 679/919/842 618/859/788 628/868/797 683/924/847
f 684/925/848 633/872/801 623/863/792 680/921/844
f 681/922/845 624/865/794 634/874/803 685/926/849
f 682/923/846 686/927/850 637/876/805 627/867/796
f 687/928/851 683/924/847 628/868/797 638/878/807
f 731/929/695 732/881/635 633/872/801 684/925/848
f 685/926/849 634/874/803 735/883/636 730/930/696
f 686/927/850 738/931/697 741/885/639 637/876/805
f 687/928/851 638/878/807 740/697/640 737/755/698
f 761/756/699 688/932/852 643/887/810 762/702/645
f 760/758/701 765/704/647 644/889/812 689/933/853
f 768/760/703 690/934/854 647/891/814 771/710/653
f 691/935/855 767/763/706 770/712/655 648/893/816
f 688/932/852 692/936/856 653/896/819 643/887/810
f 689/933/853 644/889/812 654/898/821 693/937/857
f 690/934/854 694/938/858 657/900/823 647/891/814
f 691/935/855 648/893/816 658/901/824 695/939/859
f 696/940/860 663/905/828 653/896/819 692/936/856
f 693/937/857 654/898/821 664/907/830 697/941/861
f 694/938/858 698/942/862 667/909/832 657/900/823
f 699/943/863 695/939/859 658/901/824 668/911/834
f 672/913/836 603/846/775 663/905/828 696/940/860
f 697/941/861 664/907/830 604/848/777 673/915/838
f 698/942/862 676/917/840 607/854/783 667/909/832
f 699/943/863 668/911/834 608/856/785 677/920/843
f 674/914/837 672/913/836 701/944/864 700/945/865
f 673/915/838 675/916/839 700/945/865 701/944/864
f 678/918/841 676/917/840 703/946/866 702/947/867
f 677/920/843 679/919/842 702/948/867 703/949/866
f 680/921/844 674/914/837 700/945/865 704/950/868
f 675/916/839 681/922/845 704/950/868 700/945/865
f 682/923/846 678/918/841 702/947/867 705/951/869
f 679/919/842 683/924/847 705/952/869 702/948/867
f 684/925/848 680/921/844 704/950/868 706/953/870
f 681/922/845 685/926/849 706/953/870 704/950/868
f 686/927/850 682/923/846 705/951/869 707/954/871
f 683/924/847 687/928/851 707/955/871 705/952/869
f 731/929/695 684/925/848 706/953/870 729/956/723
f 685/926/849 730/930/696 729/956/723 706/953/870
f 738/931/697 686/927/850 707/954/871 736/957/724
f 687/928/851 737/755/698 736/786/724 707/955/871
f 688/932/852 761/756/699 759/788/726 708/958/872
f 760/758/701 689/933/853 708/958/872 759/788/726
f 690/934/854 768/760/703 766/790/728 709/959/873
f 767/763/706 691/935/855 709/960/873 766/791/728
f 692/936/856 688/932/852 708/958/872 710/961/874
f 689/933/853 693/937/857 710/961/874 708/958/872
f 694/938/858 690/934/854 709/959/873 711/962/875
f 691/935/855 695/939/859 711/963/875 709/960/873
f 696/940/860 692/936/856 710/961/874 712/964/876
f 693/937/857 697/941/861 712/964/876 710/961/874
f 698/942/862 694/938/858 711/962/875 713/965/877
f 695/939/859 699/943/863 713/966/877 711/963/875
f 672/913/836 696/940/860 712/964/876 701/944/864
f 697/941/861 673/915/838 701/944/864 712/964/876
f 676/917/840 698/942/862 713/965/877 703/946/866
f 699/943/863 677/920/843 703/949/866 713/966/877
f 721/594/537 727/595/538 596/843/772 728/591/534
f 597/842/771 722/967/878 728/591/534 596/843/772
f 722/967/878 570/581/524 569/585/528 728/591/534
f 722/967/878 597/842/771 598/841/770 723/968/879
f 571/577/520 570/581/524 722/967/878 723/968/879
f 723/968/879 598/841/770 599/840/769 724/969/880
f 572/574/517 571/577/520 723/968/879 724/969/880
f 724/969/880 599/840/769 600/839/768 725/970/881
f 573/570/514 572/574/517 724/969/880 725/970/881
f 725/970/881 600/839/768 601/838/767 726/971/882
f 574/564/511 573/570/514 725/970/881 726/971/882
f 726/971/882 601/838/767 747/837/591 743/972/738
f 744/565/509 574/564/511 726/971/882 743/972/738
f 821/973/883 822/974/884 1311/975/885 1321/976/886
f 1344/977/887 1348/978/888 1351/979/889 1324/980/890
f 1335/981/891 1326/982/892 1324/980/890 1351/979/889
f 1473/983/893 1467/984/894 1317/985/895 1315/986/896
f 1312/987/897 1314/988/898 1318/989/899 1320/990/900
f 1452/991/901 1329/992/902 823/993/903 830/994/904
f 1333/995/905 819/996/906 1327/997/907 1338/998/908
f 1357/999/909 1366/1000/910 1369/1001/911 1359/1002/912
f 1467/984/894 1471/1003/913 1345/1004/914 1317/985/895
f 1347/1005/915 1488/1006/916 1486/1007/917 1353/1008/918
f 1356/1009/919 1482/1010/920 1479/1011/921 1365/1012/922
f 1383/1013/923 1386/1014/924 1371/1015/925 825/1016/926
f 1401/1017/927 1404/1018/928 1380/1019/929 1378/1020/930
f 1393/1021/931 1396/1022/932 1372/1023/933 1387/1024/934
f 1404/1018/928 1408/1025/935 1390/1026/936 1380/1019/929
f 1423/1027/937 828/1028/938 824/1029/939 1375/1030/940
f 1371/1015/925 1375/1030/940 824/1029/939 825/1016/926
f 827/1031/941 1449/1032/942 1413/1033/943 1398/1034/944
f 1378/1020/930 1426/1035/945 1429/1036/946 1401/1017/927
f 1410/1037/947 1407/1038/948 1405/1039/949 826/1040/950
f 1411/1041/951 1393/1021/931 1387/1024/934 1384/1042/952
f 1408/1025/935 1411/1041/951 1384/1042/952 1390/1026/936
f 826/1040/950 827/1031/941 1398/1034/944 1395/1043/953
f 1395/1043/953 1392/1044/954 1410/1037/947 826/1040/950
f 1416/1045/955 1459/1046/956 1444/1047/957 1422/1048/958
f 828/1028/938 1425/1049/959 1377/1050/960 824/1029/939
f 1381/1051/961 1389/1052/962 1383/1013/923 825/1016/926
f 825/1016/926 824/1029/939 1377/1050/960 1381/1051/961
f 1416/1045/955 1422/1048/958 1374/1053/963 1399/1054/964
f 829/1055/965 1438/1056/966 1425/1049/959 828/1028/938
f 838/1057/967 1450/1058/968 1431/1059/969 1533/1060/970
f 1429/1036/946 1426/1035/945 1437/1061/971 1441/1062/972
f 819/996/906 820/1063/973 1323/1064/974 1327/997/907
f 822/974/884 823/993/903 1329/992/902 1311/975/885
f 827/1031/941 1402/1065/975 1428/1066/976 1449/1032/942
f 1664/1067/977 819/996/906 1333/995/905 1671/1068/978
f 1446/1069/979 1330/1070/980 1453/1071/981 1366/1000/910
f 1778/1072/982 1641/1073/983 1456/1074/984 1793/1075/985
f 1365/1012/922 1479/1011/921 1476/1076/986 1447/1077/987
f 820/1063/973 821/973/883 1321/976/886 1323/1064/974
f 1476/1076/986 1473/983/893 1315/986/896 1447/1077/987
f 1320/990/900 1318/989/899 1344/977/887 1324/980/890
f 1415/1078/988 1537/1079/989 1368/1080/990 1460/1081/991
f 1498/1082/992 1363/1083/993 1360/1084/994 1500/1085/995
f 1354/1086/996 1357/999/909 1359/1002/912 1362/1087/997
f 1519/1088/998 1350/1089/999 1363/1083/993 1498/1082/992
f 1351/979/889 1348/978/888 1354/1086/996 1362/1087/997
f 1511/1090/1000 1518/1091/1001 1492/1092/1002 1527/1093/1003
f 1500/1085/995 1360/1084/994 1368/1080/990 1537/1079/989
f 1507/1094/1004 863/1095/1005 864/1096/1006 836/1097/1007
f 1471/1003/913 1488/1006/916 1347/1005/915 1345/1004/914
f 838/1057/967 1536/1098/1008 1414/1099/1009 1450/1058/968
f 1353/1008/918 1486/1007/917 1482/1100/920 1356/1101/919
f 831/1102/1010 1491/1103/1011 1495/1104/1012 832/1105/1013
f 1507/1094/1004 836/1097/1007 1337/1106/1014 1509/1107/1015
f 850/1108/1016 1598/1109/1017 1504/1110/1018 835/1111/1019
f 1638/1112/1020 1635/1113/1021 1441/1062/972 1437/1061/971
f 1453/1071/981 1461/1114/1022 1369/1001/911 1366/1000/910
f 1396/1022/932 1399/1054/964 1374/1053/963 1372/1023/933
f 832/1105/1013 1495/1104/1012 1534/1115/1023 837/1116/1024
f 1504/1110/1018 1525/1117/1025 1522/1118/1026 833/1119/1027
f 1518/1091/1001 1497/1120/1028 1485/1121/1029 1489/1122/1030
f 1521/1123/1031 1524/1124/1032 1491/1103/1011 831/1102/1010
f 1497/1120/1028 1501/1125/1033 1483/1126/1034 1485/1121/1029
f 1443/1127/1035 829/1055/965 828/1028/938 1423/1027/937
f 838/1057/967 1477/1128/1036 1480/1129/1037 1536/1098/1008
f 1492/1092/1002 1518/1091/1001 1489/1122/1030 1470/1130/1038
f 1533/1060/970 1494/1131/1039 1468/1132/1040 1474/1133/1041
f 1474/1133/1041 1477/1128/1036 838/1057/967 1533/1060/970
f 1501/1125/1033 1536/1098/1008 1480/1129/1037 1483/1126/1034
f 837/1116/1024 1534/1115/1023 1430/1134/1042 1440/1135/1043
f 1405/1039/949 1402/1065/975 827/1031/941 826/1040/950
f 1644/1136/1044 1539/1137/1045 1549/1138/1046 1647/1139/1047
f 841/1140/1048 839/1141/1049 1552/1142/1050 1542/1143/1051
f 839/1141/1049 840/1144/1052 1557/1145/1053 1552/1142/1050
f 1561/1146/1054 846/1147/1055 845/1148/1056 1555/1149/1057
f 843/1150/1058 844/1151/1059 1548/1152/1060 1546/1153/1061
f 1540/1154/1062 1643/1155/1063 869/1156/1064 842/1157/1065
f 870/1158/1066 1564/1159/1067 1576/1160/1068 1646/1161/1069
f 1555/1149/1057 845/1148/1056 843/1150/1058 1546/1153/1061
f 844/1151/1059 870/1158/1066 1646/1161/1069 1548/1152/1060
f 1587/1162/1070 1584/1163/1071 1560/1164/1072 1558/1165/1073
f 1904/1166/1074 1564/1159/1067 870/1158/1066 1960/1167/1075
f 840/1144/1052 848/1168/1076 1586/1169/1077 1557/1145/1053
f 1583/1170/1078 847/1171/1079 846/1147/1055 1561/1146/1054
f 849/1172/1080 1590/1173/1081 1598/1109/1017 850/1108/1016
f 861/1174/1082 1626/1175/1083 1590/1173/1081 849/1172/1080
f 1607/1176/1084 1620/1177/1085 1616/1178/1086 1602/1179/1087
f 851/1180/1088 1601/1181/1089 1604/1182/1090 852/1183/1091
f 1611/1184/1092 1622/1185/1093 1620/1177/1085 1607/1176/1084
f 1593/1186/1094 1628/1187/1095 862/1188/1096 855/1189/1097
f 1619/1190/1098 860/1191/1099 857/1192/1100 1617/1193/1101
f 854/1194/1102 1610/1195/1103 1608/1196/1104 853/1197/1105
f 859/1198/1106 1623/1199/1107 1626/1175/1083 861/1174/1082
f 1619/1190/1098 1623/1199/1107 859/1198/1106 860/1191/1099
f 1610/1195/1103 854/1194/1102 862/1188/1096 1628/1187/1095
f 1602/1179/1087 1616/1178/1086 1613/1200/1108 1605/1201/1109
f 1596/1202/1110 1593/1186/1094 855/1189/1097 856/1203/1111
f 1632/1204/1112 1862/1205/1113 879/1206/1114 834/1207/1115
f 853/1197/1105 1608/1196/1104 1601/1181/1089 851/1180/1088
f 1629/1208/1116 1625/1209/1117 1622/1185/1093 1611/1184/1092
f 1589/1210/1118 1592/1211/1119 1595/1212/1120 1599/1213/1121
f 1614/1214/1122 1617/1193/1101 857/1192/1100 858/1215/1123
f 1589/1210/1118 1625/1209/1117 1629/1208/1116 1592/1211/1119
f 852/1183/1091 1604/1182/1090 1586/1169/1077 848/1168/1076
f 1584/1163/1071 1587/1162/1070 1605/1201/1109 1613/1200/1108
f 833/1119/1027 1522/1118/1026 1632/1204/1112 834/1207/1115
f 1504/1110/1018 833/1119/1027 834/1207/1115 835/1111/1019
f 1506/1216/1124 1512/1217/1125 1526/1218/1126 1503/1219/1127
f 1507/1094/1004 1596/1202/1110 856/1203/1111 863/1095/1005
f 1672/1220/1128 1332/1221/1129 864/1096/1006 880/1222/1130
f 1540/1154/1062 842/1157/1065 841/1140/1048 1542/1143/1051
f 866/1223/1013 865/1224/1010 831/1102/1010 832/1105/1013
f 867/1225/1131 866/1223/1013 832/1105/1013 837/1116/1024
f 1640/1226/1132 868/1227/1133 829/1055/965 1443/1127/1035
f 868/1227/1133 1637/1228/1134 1438/1056/966 829/1055/965
f 837/1116/1024 1440/1135/1043 1634/1229/1135 867/1225/1131
f 1456/1074/984 1641/1073/983 1444/1047/957 1459/1046/956
f 830/994/904 1455/1230/1136 1458/1231/1137 1452/991/901
f 865/1224/1010 1631/1232/1031 1521/1123/1031 831/1102/1010
f 1599/1213/1121 1595/1212/1120 1506/1216/1124 1503/1219/1127
f 1647/1139/1047 1578/1233/1138 1570/1234/1139 1644/1136/1044
f 1583/1170/1078 1614/1214/1122 858/1215/1123 847/1171/1079
f 1543/1235/1140 1551/1236/1141 1554/1237/1142 1545/1238/1143
f 1566/1239/1144 1897/1240/1145 1958/1241/1146 869/1156/1064
f 1539/1137/1045 1543/1235/1140 1545/1238/1143 1549/1138/1046
f 1551/1236/1141 1558/1165/1073 1560/1164/1072 1554/1237/1142
f 1685/1242/1147 1649/1243/1148 1659/1244/1149 1662/1245/1150
f 823/993/903 1668/1246/1151 1788/1247/1152 830/994/904
f 1662/1245/1150 1665/1248/1153 1670/1249/1154 1679/1250/1155
f 1668/1246/1151 823/993/903 822/974/884 1656/1251/1156
f 1658/1252/1157 821/973/883 820/1063/973 1661/1253/1158
f 864/1096/1006 1332/1221/1129 1337/1106/1014 836/1097/1007
f 1661/1253/1158 820/1063/973 819/996/906 1664/1067/977
f 1688/1254/1159 1697/1255/1160 1829/1256/1161 1833/1257/1162
f 1686/1258/1163 1799/1259/1164 1803/1260/1165 1650/1261/1166
f 1697/1255/1160 1680/1262/1167 1851/1263/1168 1829/1256/1161
f 1815/1264/1169 1818/1265/1170 1695/1266/1171 1692/1267/1172
f 1709/1268/1173 1727/1269/1174 1731/1270/1175 1718/1271/1176
f 1716/1272/1177 1736/1273/1178 1739/1274/1179 1712/1275/1180
f 1713/1276/1181 1770/1277/1182 875/1278/1183 871/1279/1184
f 1725/1280/1185 1743/1281/1186 1736/1273/1178 1716/1272/1177
f 1710/1282/1187 1719/1283/1188 1721/1284/1189 872/1285/1190
f 1706/1286/1191 1749/1287/1192 1752/1288/1193 1733/1289/1194
f 1751/1290/1195 1785/1291/1196 873/1292/1197 1734/1293/1198
f 1763/1294/1199 1769/1295/1200 1712/1275/1180 1739/1274/1179
f 1760/1296/1201 1740/1297/1202 873/1292/1197 1785/1291/1196
f 1718/1271/1176 1731/1270/1175 1745/1298/1203 1722/1299/1204
f 1722/1299/1204 1745/1298/1203 1743/1281/1186 1725/1280/1185
f 1734/1293/1198 873/1292/1197 874/1300/1205 1728/1301/1206
f 1746/1302/1207 1730/1303/1208 1728/1301/1206 874/1300/1205
f 873/1292/1197 1740/1297/1202 1737/1304/1209 874/1300/1205
f 871/1279/1184 1707/1305/1210 1710/1282/1187 872/1285/1190
f 1721/1284/1189 1724/1306/1211 1715/1307/1212 872/1285/1190
f 1713/1276/1181 871/1279/1184 872/1285/1190 1715/1307/1212
f 1706/1286/1191 1733/1289/1194 1727/1269/1174 1709/1268/1173
f 1762/1308/1213 1865/1309/1214 881/1310/1215 1776/1311/1216
f 1826/1312/1217 1824/1313/1218 1802/1314/1219 1800/1315/1220
f 1754/1316/1221 1869/1317/1222 882/1318/1223 1784/1319/1224
f 1679/1250/1155 1682/1320/1225 1685/1242/1147 1662/1245/1150
f 1652/1321/1226 1806/1322/1227 1809/1323/1228 1782/1324/1229
f 1737/1304/1209 1742/1325/1230 1746/1302/1207 874/1300/1205
f 1672/1220/1128 880/1222/1130 1838/1326/1231 1841/1327/1232
f 1787/1328/1233 1667/1329/1234 1781/1330/1235 1704/1331/1236
f 1468/1132/1040 1494/1131/1039 1492/1092/1002 1470/1130/1038
f 1809/1323/1228 1812/1332/1237 1703/1333/1238 1782/1324/1229
f 1781/1330/1235 1667/1329/1234 1655/1334/1239 1653/1335/1240
f 1649/1243/1148 1653/1335/1240 1655/1334/1239 1659/1244/1149
f 1656/1251/1156 822/974/884 821/973/883 1658/1252/1157
f 871/1279/1184 875/1278/1183 1748/1336/1241 1707/1305/1210
f 1700/1337/1242 1868/1338/1243 1753/1339/1244 1792/1340/1245
f 1812/1332/1237 1815/1341/1169 1692/1342/1172 1703/1333/1238
f 1700/1337/1242 1688/1254/1159 1833/1257/1162 1868/1338/1243
f 1818/1265/1170 1820/1343/1246 1683/1344/1247 1695/1266/1171
f 1865/1309/1214 1823/1345/1248 878/1346/1013 881/1310/1215
f 1701/1347/1249 1704/1331/1236 1691/1348/1250 1689/1349/1251
f 1862/1205/1113 1856/1350/1252 1836/1351/1253 879/1206/1114
f 1680/1262/1167 1673/1352/1254 1844/1353/1255 1851/1263/1168
f 875/1278/1183 876/1354/1256 1779/1355/1257 1748/1336/1241
f 1683/1344/1247 1820/1343/1246 1799/1259/1164 1686/1258/1163
f 1826/1312/1217 1850/1356/1258 1843/1357/1259 1854/1358/1260
f 1694/1359/1261 1682/1320/1225 1679/1250/1155 1698/1360/1262
f 1827/1361/1263 1853/1362/1264 1863/1363/1031 877/1364/1010
f 1761/1365/1265 1784/1319/1224 882/1318/1223 1866/1366/1266
f 1689/1349/1251 1691/1348/1250 1694/1359/1261 1698/1360/1262
f 1701/1347/1249 1791/1367/1267 1787/1328/1233 1704/1331/1236
f 1836/1351/1253 1924/1368/1268 850/1108/1016 835/1111/1019
f 864/1096/1006 863/1095/1005 1838/1326/1231 880/1222/1130
f 1817/1369/1269 1830/1370/1270 1850/1356/1258 1821/1371/1271
f 1823/1345/1248 1827/1361/1263 877/1364/1010 878/1346/1013
f 1814/1372/1272 1832/1373/1273 1830/1370/1270 1817/1369/1269
f 1773/1374/1274 1769/1295/1200 1763/1294/1199 1775/1375/1275
f 1811/1376/1276 1808/1377/1277 882/1318/1223 1869/1317/1222
f 882/1318/1223 1808/1377/1277 1805/1378/1278 1866/1366/1266
f 1821/1371/1271 1850/1356/1258 1826/1312/1217 1800/1315/1220
f 1802/1314/1219 1824/1313/1218 1866/1366/1266 1805/1378/1278
f 1811/1376/1276 1869/1317/1222 1832/1373/1273 1814/1372/1272
f 1770/1277/1182 1772/1379/1279 876/1354/1256 875/1278/1183
f 1778/1072/982 1793/1075/985 1752/1288/1193 1749/1287/1192
f 1881/1380/1280 844/1151/1059 843/1150/1058 1871/1381/1281
f 843/1150/1058 845/1148/1056 1883/1382/1282 1871/1381/1281
f 1892/1383/1283 840/1144/1052 839/1141/1049 1887/1384/1284
f 1889/1385/1285 1910/1386/1286 1912/1387/1287 1893/1388/1288
f 869/1156/1064 1958/1241/1146 1877/1389/1289 842/1157/1065
f 1887/1384/1284 839/1141/1049 841/1140/1048 1875/1390/1290
f 1563/1391/1291 1567/1392/1292 1571/1393/1293 1577/1394/1294
f 841/1140/1048 842/1157/1065 1877/1389/1289 1875/1390/1290
f 1872/1395/1295 1874/1396/1296 1878/1397/1297 1880/1398/1298
f 1889/1385/1285 1893/1388/1288 1886/1399/1299 1884/1400/1300
f 1913/1401/1301 848/1168/1076 840/1144/1052 1892/1383/1283
f 846/1147/1055 847/1171/1079 1909/1402/1302 1890/1403/1303
f 1896/1404/1304 1902/1405/1305 1961/1406/1306 1957/1407/1307
f 862/1188/1096 1955/1408/1308 1918/1409/1309 855/1189/1097
f 1922/1410/1310 1951/1411/1311 861/1174/1082 849/1172/1080
f 1940/1412/1312 1948/1413/1313 1933/1414/1314 1930/1415/1315
f 1934/1416/1316 1937/1417/1317 854/1194/1102 853/1197/1105
f 1948/1413/1313 1945/1418/1318 1936/1419/1319 1933/1414/1314
f 1916/1420/1320 1919/1421/1321 1921/1422/1322 1925/1423/1323
f 1951/1411/1311 1946/1424/1324 859/1198/1106 861/1174/1082
f 1927/1425/1325 1931/1426/1326 851/1180/1088 852/1183/1091
f 857/1192/1100 1939/1427/1327 1942/1428/1328 858/1215/1123
f 862/1188/1096 854/1194/1102 1937/1417/1317 1955/1408/1308
f 1931/1426/1326 1934/1416/1316 853/1197/1105 851/1180/1088
f 1943/1429/1329 1940/1412/1312 1930/1415/1315 1928/1430/1330
f 859/1198/1106 1946/1424/1324 1949/1431/1331 860/1191/1099
f 1954/1432/1332 1952/1433/1333 1921/1422/1322 1919/1421/1321
f 1945/1418/1318 1952/1433/1333 1954/1432/1332 1936/1419/1319
f 1924/1368/1268 1922/1410/1310 849/1172/1080 850/1108/1016
f 857/1192/1100 860/1191/1099 1949/1431/1331 1939/1427/1327
f 855/1189/1097 1918/1409/1309 1915/1434/1334 856/1203/1111
f 1913/1401/1301 1927/1425/1325 852/1183/1091 848/1168/1076
f 1928/1430/1330 1912/1387/1287 1910/1386/1286 1943/1429/1329
f 1884/1400/1300 1886/1399/1299 1874/1396/1296 1872/1395/1295
f 1855/1435/1335 1842/1436/1336 1839/1437/1337 1835/1438/1338
f 834/1207/1115 879/1206/1114 1836/1351/1253 835/1111/1019
f 856/1203/1111 1915/1434/1334 1838/1326/1231 863/1095/1005
f 1510/1439/1339 1336/1440/1340 1350/1089/999 1519/1088/998
f 1775/1375/1275 1635/1113/1021 1638/1112/1020 1773/1374/1274
f 877/1364/1010 865/1224/1010 866/1223/1013 878/1346/1013
f 878/1346/1013 866/1223/1013 867/1225/1131 881/1310/1215
f 1772/1379/1279 1637/1228/1134 868/1227/1133 876/1354/1256
f 1634/1229/1135 1776/1311/1216 881/1310/1215 867/1225/1131
f 876/1354/1256 868/1227/1133 1640/1226/1132 1779/1355/1257
f 1650/1261/1166 1803/1260/1165 1806/1322/1227 1652/1321/1226
f 1790/1441/1341 1455/1230/1136 830/994/904 1788/1247/1152
f 1863/1363/1031 1631/1232/1031 865/1224/1010 877/1364/1010
f 1839/1437/1337 1916/1420/1320 1925/1423/1323 1835/1438/1338
f 1643/1155/1063 1569/1442/1342 1566/1239/1144 869/1156/1064
f 858/1215/1123 1942/1428/1328 1909/1402/1302 847/1171/1079
f 1960/1167/1075 870/1158/1066 844/1151/1059 1881/1380/1280
f 1895/1443/1343 1567/1444/1292 1563/1445/1291 1903/1446/1344
f 1880/1398/1298 1878/1397/1297 1957/1407/1307 1961/1406/1306
f 845/1148/1056 846/1147/1055 1890/1403/1303 1883/1382/1282
f 883/1447/1345 884/1448/1346 885/1449/1347 886/1450/1348
f 887/1451/1349 883/1447/1345 886/1450/1348 888/1452/1350
f 889/1453/1351 888/1452/1350 886/1450/1348 890/1454/1352
f 886/1450/1348 885/1449/1347 891/1455/1353 890/1454/1352
f 892/1456/1354 884/1448/1346 883/1447/1345 893/1457/1355
f 894/1458/1356 892/1456/1354 893/1457/1355 895/1459/1357
f 893/1457/1355 896/1460/1358 897/1461/1359 895/1459/1357
f 893/1457/1355 883/1447/1345 887/1451/1349 896/1460/1358
f 898/1462/1360 884/1448/1346 892/1456/1354 899/1463/1361
f 900/1464/1362 898/1462/1360 899/1463/1361 901/1465/1363
f 899/1463/1361 902/1466/1364 903/1467/1365 901/1465/1363
f 899/1463/1361 892/1456/1354 894/1458/1356 902/1466/1364
f 885/1449/1347 884/1448/1346 898/1462/1360 904/1468/1366
f 891/1455/1353 885/1449/1347 904/1468/1366 905/1469/1367
f 906/1470/1368 905/1469/1367 904/1468/1366 907/1471/1369
f 904/1468/1366 898/1462/1360 900/1464/1362 907/1471/1369
f 2358/1472/1370 2351/1473/1371 909/1474/1372 910/1475/1373
f 1175/1476/1374 2397/1477/1375 2354/1478/1376 1176/1479/1377
f 1178/1480/1377 2357/1481/1378 2361/1482/1379 1179/1483/1377
f 1179/1483/1377 2361/1482/1379 2364/1484/1380 1180/1485/1381
f 2369/1486/1382 2367/1487/1383 913/1488/1384 914/1489/1385
f 1181/1490/1381 2366/1491/1386 2370/1492/1387 1166/1493/1377
f 1166/1493/1377 2370/1492/1387 2373/1494/1388 1167/1495/1377
f 1168/1496/1377 2376/1497/1389 2378/1498/1390 1169/1499/1377
f 1169/1499/1377 2378/1498/1390 2382/1500/1391 1170/1501/1377
f 2384/1502/1392 2381/1503/1393 918/1504/1394 919/1505/1395
f 1170/1501/1377 2382/1500/1391 2385/1506/1396 1171/1507/1381
f 2391/1508/1397 2387/1509/1398 920/1510/1399 921/1511/1400
f 1172/1512/1381 2388/1513/1401 2390/1514/1402 1173/1515/1377
f 1174/1516/1377 2394/1517/1403 2397/1477/1375 1175/1476/1374
f 2360/1518/1404 2358/1472/1370 910/1475/1373 911/1519/1405
f 924/1520/1406 890/1454/1352 891/1455/1353 925/1521/1407
f 926/1522/1408 889/1453/1351 890/1454/1352 924/1520/1406
f 927/1523/1409 888/1452/1350 889/1453/1351 926/1522/1408
f 928/1524/1410 887/1451/1349 888/1452/1350 927/1523/1409
f 896/1460/1358 887/1451/1349 928/1524/1410 929/1525/1411
f 897/1461/1359 896/1460/1358 929/1525/1411 930/1526/1412
f 895/1459/1357 897/1461/1359 930/1526/1412 931/1527/1413
f 894/1458/1356 895/1459/1357 931/1527/1413 932/1528/1414
f 902/1466/1364 894/1458/1356 932/1528/1414 933/1529/1415
f 903/1467/1365 902/1466/1364 933/1529/1415 934/1530/1416
f 901/1465/1363 903/1467/1365 934/1530/1416 935/1531/1417
f 900/1464/1362 901/1465/1363 935/1531/1417 936/1532/1418
f 937/1533/1419 907/1471/1369 900/1464/1362 936/1532/1418
f 938/1534/1420 906/1470/1368 907/1471/1369 937/1533/1419
f 939/1535/1421 905/1469/1367 906/1470/1368 938/1534/1420
f 925/1521/1407 891/1455/1353 905/1469/1367 939/1535/1421
f 909/1474/1372 908/1536/1422 940/1537/1423 941/1538/1424
f 910/1475/1373 909/1474/1372 941/1538/1424 942/1539/1425
f 911/1519/1405 910/1475/1373 942/1539/1425 943/1540/1426
f 912/1541/1427 911/1519/1405 943/1540/1426 944/1542/1428
f 913/1488/1384 912/1541/1427 944/1542/1428 945/1543/1429
f 914/1489/1385 913/1488/1384 945/1543/1429 946/1544/1430
f 915/1545/1431 914/1489/1385 946/1544/1430 947/1546/1432
f 916/1547/1433 915/1545/1431 947/1546/1432 948/1548/1434
f 917/1549/1435 916/1547/1433 948/1548/1434 949/1550/1436
f 918/1504/1394 917/1549/1435 949/1550/1436 950/1551/1437
f 919/1505/1395 918/1504/1394 950/1551/1437 951/1552/1438
f 920/1510/1399 919/1505/1395 951/1552/1438 952/1553/1439
f 921/1511/1400 920/1510/1399 952/1553/1439 953/1554/1440
f 922/1555/1441 921/1511/1400 953/1554/1440 954/1556/1442
f 923/1557/1443 922/1555/1441 954/1556/1442 955/1558/1444
f 908/1559/1422 923/1557/1443 955/1558/1444 940/1560/1423
f 925/1521/1407 956/1561/1445 957/1562/1446 924/1520/1406
f 924/1520/1406 957/1562/1446 958/1563/1447 926/1522/1408
f 926/1522/1408 958/1563/1447 959/1564/1448 927/1523/1409
f 927/1523/1409 959/1564/1448 960/1565/1449 928/1524/1410
f 928/1524/1410 960/1565/1449 961/1566/1450 929/1525/1411
f 929/1525/1411 961/1566/1450 962/1567/1451 930/1526/1412
f 930/1526/1412 962/1567/1451 963/1568/1452 931/1527/1413
f 931/1527/1413 963/1568/1452 964/1569/1453 932/1528/1414
f 932/1528/1414 964/1569/1453 965/1570/1454 933/1529/1415
f 933/1529/1415 965/1570/1454 966/1571/1455 934/1530/1416
f 934/1530/1416 966/1571/1455 967/1572/1456 935/1531/1417
f 935/1531/1417 967/1572/1456 968/1573/1457 936/1532/1418
f 936/1532/1418 968/1573/1457 969/1574/1458 937/1533/1419
f 937/1533/1419 969/1574/1458 970/1575/1459 938/1534/1420
f 938/1534/1420 970/1575/1459 971/1576/1460 939/1535/1421
f 939/1535/1421 971/1576/1460 956/1561/1445 925/1521/1407
f 940/1537/1423 960/1577/1449 959/1578/1448 941/1538/1424
f 941/1538/1424 959/1578/1448 958/1579/1447 942/1539/1425
f 942/1539/1425 958/1579/1447 957/1580/1446 943/1540/1426
f 943/1540/1426 957/1580/1446 956/1581/1445 944/1542/1428
f 944/1542/1428 956/1581/1445 971/1582/1460 945/1543/1429
f 945/1543/1429 971/1582/1460 970/1583/1459 946/1544/1430
f 946/1544/1430 970/1583/1459 969/1584/1458 947/1546/1432
f 947/1546/1432 969/1584/1458 968/1585/1457 948/1548/1434
f 948/1548/1434 968/1585/1457 967/1586/1456 949/1550/1436
f 949/1550/1436 967/1586/1456 966/1587/1455 950/1551/1437
f 950/1551/1437 966/1587/1455 965/1588/1454 951/1552/1438
f 951/1552/1438 965/1588/1454 964/1589/1453 952/1553/1439
f 952/1553/1439 964/1589/1453 963/1590/1452 953/1554/1440
f 953/1554/1440 963/1590/1452 962/1591/1451 954/1556/1442
f 954/1556/1442 962/1591/1451 961/1592/1450 955/1558/1444
f 955/1558/1444 961/1592/1450 960/1593/1449 940/1560/1423
f 972/1594/1461 973/1595/1462 974/1596/1463 975/1597/1464
f 975/1597/1464 974/1596/1463 976/1598/1465 977/1599/1466
f 975/1597/1464 977/1599/1466 978/1600/1467 979/1601/1468
f 980/1602/1469 972/1594/1461 975/1597/1464 979/1601/1468
f 974/1596/1463 973/1595/1462 981/1603/1470 982/1604/1471
f 982/1604/1471 981/1603/1470 983/1605/1472 984/1606/1473
f 985/1607/1474 986/1608/1475 982/1604/1471 984/1606/1473
f 976/1598/1465 974/1596/1463 982/1604/1471 986/1608/1475
f 981/1603/1470 973/1595/1462 987/1609/1476 988/1610/1477
f 989/1611/1478 990/1612/1479 988/1610/1477 991/1613/1480
f 983/1605/1472 981/1603/1470 988/1610/1477 990/1612/1479
f 987/1609/1476 973/1595/1462 972/1594/1461 992/1614/1481
f 992/1614/1481 972/1594/1461 980/1602/1469 993/1615/1482
f 992/1614/1481 993/1615/1482 994/1616/1483 995/1617/1484
f 996/1618/1485 997/1619/33 998/1620/1486 999/1621/1487
f 999/1621/1487 998/1620/1486 1000/1622/1488 1001/1623/1489
f 1001/1623/1489 1000/1622/1488 1002/1624/1490 1003/1625/1491
f 1003/1625/1491 1002/1624/1490 1004/1626/1492 1005/1627/1493
f 1005/1627/1493 1004/1626/1492 1006/1628/1494 1007/1629/1495
f 1007/1629/1495 1006/1628/1494 1008/1630/1496 1009/1631/1497
f 1009/1631/1497 1008/1630/1496 1010/1632/1498 1011/1633/1499
f 1011/1633/1499 1010/1632/1498 1012/1634/488 1013/1635/1500
f 1013/1635/1500 1012/1634/488 1014/1636/1501 1015/1637/1502
f 1015/1637/1502 1014/1636/1501 1016/1638/1503 1017/1639/1504
f 1017/1639/1504 1016/1638/1503 1018/1640/1505 1019/1641/1506
f 1019/1641/1506 1018/1640/1505 1020/1642/1507 1021/1643/1508
f 1021/1643/1508 1020/1642/1507 1022/1644/1509 1023/1645/1510
f 1023/1645/1510 1022/1644/1509 1024/1646/1511 1025/1647/1512
f 1025/1647/1512 1024/1646/1511 1026/1648/1513 1027/1649/1514
f 1027/1649/1514 1026/1648/1513 997/1650/33 996/1651/1485
f 980/1602/1469 979/1601/1468 1028/1652/1515 1029/1653/1516
f 979/1601/1468 978/1600/1467 1030/1654/1517 1028/1652/1515
f 978/1600/1467 977/1599/1466 1031/1655/1518 1030/1654/1517
f 977/1599/1466 976/1598/1465 1032/1656/1519 1031/1655/1518
f 1032/1656/1519 976/1598/1465 986/1608/1475 1033/1657/1520
f 1033/1657/1520 986/1608/1475 985/1607/1474 1034/1658/1521
f 1034/1658/1521 985/1607/1474 984/1606/1473 1035/1659/1522
f 1035/1659/1522 984/1606/1473 983/1605/1472 1036/1660/1523
f 1036/1660/1523 983/1605/1472 990/1612/1479 1037/1661/1524
f 1037/1661/1524 990/1612/1479 989/1611/1478 1038/1662/1525
f 1038/1662/1525 989/1611/1478 991/1613/1480 1039/1663/1526
f 1039/1663/1526 991/1613/1480 1040/1664/1527 1041/1665/1528
f 1040/1664/1527 995/1617/1484 1042/1666/1529 1041/1665/1528
f 995/1617/1484 994/1616/1483 1043/1667/1530 1042/1666/1529
f 994/1616/1483 993/1615/1482 1044/1668/1531 1043/1667/1530
f 993/1615/1482 980/1602/1469 1029/1653/1516 1044/1668/1531
f 1045/1669/1532 996/1618/1485 999/1621/1487 1046/1670/1533
f 1046/1670/1533 999/1621/1487 1001/1623/1489 1047/1671/1534
f 1047/1671/1534 1001/1623/1489 1003/1625/1491 1048/1672/1535
f 1048/1672/1535 1003/1625/1491 1005/1627/1493 1049/1673/1536
f 1049/1673/1536 1005/1627/1493 1007/1629/1495 1050/1674/1537
f 1050/1674/1537 1007/1629/1495 1009/1631/1497 1051/1675/1538
f 1051/1675/1538 1009/1631/1497 1011/1633/1499 1052/1676/1539
f 1052/1676/1539 1011/1633/1499 1013/1635/1500 1053/1677/1540
f 1053/1677/1540 1013/1635/1500 1015/1637/1502 1054/1678/1541
f 1054/1678/1541 1015/1637/1502 1017/1639/1504 1055/1679/1542
f 1055/1679/1542 1017/1639/1504 1019/1641/1506 1056/1680/1543
f 1056/1680/1543 1019/1641/1506 1021/1643/1508 1057/1681/1544
f 1057/1681/1544 1021/1643/1508 1023/1645/1510 1058/1682/1545
f 1058/1682/1545 1023/1645/1510 1025/1647/1512 1059/1683/1546
f 1059/1683/1546 1025/1647/1512 1027/1649/1514 1060/1684/1547
f 1060/1684/1547 1027/1649/1514 996/1651/1485 1045/1685/1532
f 1061/1686/1548 1062/1687/1549 1029/1653/1516 1028/1652/1515
f 1063/1688/1550 1061/1686/1548 1028/1652/1515 1030/1654/1517
f 1064/1689/1551 1063/1688/1550 1030/1654/1517 1031/1655/1518
f 1065/1690/1552 1064/1689/1551 1031/1655/1518 1032/1656/1519
f 1066/1691/1553 1065/1690/1552 1032/1656/1519 1033/1657/1520
f 1067/1692/1554 1066/1691/1553 1033/1657/1520 1034/1658/1521
f 1068/1693/1555 1067/1692/1554 1034/1658/1521 1035/1659/1522
f 1069/1694/1556 1068/1693/1555 1035/1659/1522 1036/1660/1523
f 1070/1695/1557 1069/1694/1556 1036/1660/1523 1037/1661/1524
f 1071/1696/1558 1070/1695/1557 1037/1661/1524 1038/1662/1525
f 1072/1697/1559 1071/1696/1558 1038/1662/1525 1039/1663/1526
f 1073/1698/1560 1072/1697/1559 1039/1663/1526 1041/1665/1528
f 1074/1699/1561 1073/1698/1560 1041/1665/1528 1042/1666/1529
f 1075/1700/1562 1074/1699/1561 1042/1666/1529 1043/1667/1530
f 1076/1701/1563 1075/1700/1562 1043/1667/1530 1044/1668/1531
f 1062/1687/1549 1076/1701/1563 1044/1668/1531 1029/1653/1516
f 1064/1702/1551 1065/1703/1552 1045/1669/1532 1046/1670/1533
f 1063/1704/1550 1064/1702/1551 1046/1670/1533 1047/1671/1534
f 1061/1705/1548 1063/1704/1550 1047/1671/1534 1048/1672/1535
f 1062/1706/1549 1061/1705/1548 1048/1672/1535 1049/1673/1536
f 1076/1707/1563 1062/1706/1549 1049/1673/1536 1050/1674/1537
f 1075/1708/1562 1076/1707/1563 1050/1674/1537 1051/1675/1538
f 1074/1709/1561 1075/1708/1562 1051/1675/1538 1052/1676/1539
f 1073/1710/1560 1074/1709/1561 1052/1676/1539 1053/1677/1540
f 1072/1711/1559 1073/1710/1560 1053/1677/1540 1054/1678/1541
f 1071/1712/1558 1072/1711/1559 1054/1678/1541 1055/1679/1542
f 1070/1713/1557 1071/1712/1558 1055/1679/1542 1056/1680/1543
f 1069/1714/1556 1070/1713/1557 1056/1680/1543 1057/1681/1544
f 1068/1715/1555 1069/1714/1556 1057/1681/1544 1058/1682/1545
f 1067/1716/1554 1068/1715/1555 1058/1682/1545 1059/1683/1546
f 1066/1717/1553 1067/1716/1554 1059/1683/1546 1060/1684/1547
f 1065/1718/1552 1066/1717/1553 1060/1684/1547 1045/1685/1532
f 988/1610/1477 987/1609/1476 1040/1664/1527 991/1613/1480
f 1040/1664/1527 987/1609/1476 992/1614/1481 995/1617/1484
f 1077/1719/1564 1078/1720/1565 1079/1721/1566 1080/1722/1567
f 1081/1723/1568 1077/1719/1564 1080/1722/1567 1082/1724/1569
f 1083/1725/1570 1082/1724/1569 1080/1722/1567 1084/1726/1571
f 1080/1722/1567 1079/1721/1566 1085/1727/1572 1084/1726/1571
f 1086/1728/1573 1078/1720/1565 1077/1719/1564 1087/1729/1574
f 1088/1730/1575 1086/1728/1573 1087/1729/1574 1089/1731/1576
f 1087/1729/1574 1090/1732/1577 1091/1733/1578 1089/1731/1576
f 1087/1729/1574 1077/1719/1564 1081/1723/1568 1090/1732/1577
f 1092/1734/1579 1078/1720/1565 1086/1728/1573 1093/1735/1580
f 1093/1735/1580 1094/1736/1581 1095/1737/1582 1096/1738/1583
f 1093/1735/1580 1086/1728/1573 1088/1730/1575 1094/1736/1581
f 1079/1721/1566 1078/1720/1565 1092/1734/1579 1097/1739/1584
f 1085/1727/1572 1079/1721/1566 1097/1739/1584 1098/1740/1585
f 1099/1741/1586 1098/1740/1585 1097/1739/1584 1100/1742/1587
f 998/1620/1486 997/1619/33 1101/1743/1588 1102/1744/1589
f 1000/1622/1488 998/1620/1486 1102/1744/1589 1103/1745/1590
f 1002/1624/1490 1000/1622/1488 1103/1745/1590 1104/1746/1591
f 1004/1626/1492 1002/1624/1490 1104/1746/1591 1105/1747/1592
f 1006/1628/1494 1004/1626/1492 1105/1747/1592 1106/1748/1593
f 1008/1630/1496 1006/1628/1494 1106/1748/1593 1107/1749/1594
f 1010/1632/1498 1008/1630/1496 1107/1749/1594 1108/1750/1595
f 1012/1634/488 1010/1632/1498 1108/1750/1595 1109/1751/1596
f 1014/1636/1501 1012/1634/488 1109/1751/1596 1110/1752/1597
f 1016/1638/1503 1014/1636/1501 1110/1752/1597 1111/1753/1598
f 1018/1640/1505 1016/1638/1503 1111/1753/1598 1112/1754/1599
f 1020/1642/1507 1018/1640/1505 1112/1754/1599 1113/1755/1600
f 1022/1644/1509 1020/1642/1507 1113/1755/1600 1114/1756/1601
f 1024/1646/1511 1022/1644/1509 1114/1756/1601 1115/1757/1602
f 1026/1648/1513 1024/1646/1511 1115/1757/1602 1116/1758/1603
f 997/1650/33 1026/1648/1513 1116/1758/1603 1101/1759/1588
f 1117/1760/1604 1084/1726/1571 1085/1727/1572 1118/1761/1605
f 1119/1762/1606 1083/1725/1570 1084/1726/1571 1117/1760/1604
f 1120/1763/1607 1082/1724/1569 1083/1725/1570 1119/1762/1606
f 1121/1764/1608 1081/1723/1568 1082/1724/1569 1120/1763/1607
f 1090/1732/1577 1081/1723/1568 1121/1764/1608 1122/1765/1609
f 1091/1733/1578 1090/1732/1577 1122/1765/1609 1123/1766/1610
f 1089/1731/1576 1091/1733/1578 1123/1766/1610 1124/1767/1611
f 1088/1730/1575 1089/1731/1576 1124/1767/1611 1125/1768/1612
f 1094/1736/1581 1088/1730/1575 1125/1768/1612 1126/1769/1613
f 1095/1737/1582 1094/1736/1581 1126/1769/1613 1127/1770/1614
f 1096/1738/1583 1095/1737/1582 1127/1770/1614 1128/1771/1615
f 1129/1772/1616 1096/1738/1583 1128/1771/1615 1130/1773/1617
f 1131/1774/1618 1100/1742/1587 1129/1772/1616 1130/1773/1617
f 1132/1775/1619 1099/1741/1586 1100/1742/1587 1131/1774/1618
f 1133/1776/1620 1098/1740/1585 1099/1741/1586 1132/1775/1619
f 1118/1761/1605 1085/1727/1572 1098/1740/1585 1133/1776/1620
f 1102/1744/1589 1101/1743/1588 1134/1777/1621 1135/1778/1622
f 1103/1745/1590 1102/1744/1589 1135/1778/1622 1136/1779/1623
f 1104/1746/1591 1103/1745/1590 1136/1779/1623 1137/1780/1624
f 1105/1747/1592 1104/1746/1591 1137/1780/1624 1138/1781/1625
f 1106/1748/1593 1105/1747/1592 1138/1781/1625 1139/1782/1626
f 1107/1749/1594 1106/1748/1593 1139/1782/1626 1140/1783/1627
f 1108/1750/1595 1107/1749/1594 1140/1783/1627 1141/1784/1628
f 1109/1751/1596 1108/1750/1595 1141/1784/1628 1142/1785/1629
f 1110/1752/1597 1109/1751/1596 1142/1785/1629 1143/1786/1630
f 1111/1753/1598 1110/1752/1597 1143/1786/1630 1144/1787/1631
f 1112/1754/1599 1111/1753/1598 1144/1787/1631 1145/1788/1632
f 1113/1755/1600 1112/1754/1599 1145/1788/1632 1146/1789/1633
f 1114/1756/1601 1113/1755/1600 1146/1789/1633 1147/1790/1634
f 1115/1757/1602 1114/1756/1601 1147/1790/1634 1148/1791/1635
f 1116/1758/1603 1115/1757/1602 1148/1791/1635 1149/1792/1636
f 1101/1759/1588 1116/1758/1603 1149/1792/1636 1134/1793/1621
f 1118/1761/1605 1150/1794/1637 1151/1795/1638 1117/1760/1604
f 1117/1760/1604 1151/1795/1638 1152/1796/1639 1119/1762/1606
f 1119/1762/1606 1152/1796/1639 1153/1797/1640 1120/1763/1607
f 1120/1763/1607 1153/1797/1640 1154/1798/1641 1121/1764/1608
f 1121/1764/1608 1154/1798/1641 1155/1799/1642 1122/1765/1609
f 1122/1765/1609 1155/1799/1642 1156/1800/1643 1123/1766/1610
f 1123/1766/1610 1156/1800/1643 1157/1801/1644 1124/1767/1611
f 1124/1767/1611 1157/1801/1644 1158/1802/1645 1125/1768/1612
f 1125/1768/1612 1158/1802/1645 1159/1803/1646 1126/1769/1613
f 1126/1769/1613 1159/1803/1646 1160/1804/1647 1127/1770/1614
f 1127/1770/1614 1160/1804/1647 1161/1805/1648 1128/1771/1615
f 1128/1771/1615 1161/1805/1648 1162/1806/1649 1130/1773/1617
f 1130/1773/1617 1162/1806/1649 1163/1807/1650 1131/1774/1618
f 1131/1774/1618 1163/1807/1650 1164/1808/1651 1132/1775/1619
f 1132/1775/1619 1164/1808/1651 1165/1809/1652 1133/1776/1620
f 1133/1776/1620 1165/1809/1652 1150/1794/1637 1118/1761/1605
f 1134/1777/1621 1154/1810/1641 1153/1811/1640 1135/1778/1622
f 1135/1778/1622 1153/1811/1640 1152/1812/1639 1136/1779/1623
f 1136/1779/1623 1152/1812/1639 1151/1813/1638 1137/1780/1624
f 1137/1780/1624 1151/1813/1638 1150/1814/1637 1138/1781/1625
f 1138/1781/1625 1150/1814/1637 1165/1815/1652 1139/1782/1626
f 1139/1782/1626 1165/1815/1652 1164/1816/1651 1140/1783/1627
f 1140/1783/1627 1164/1816/1651 1163/1817/1650 1141/1784/1628
f 1141/1784/1628 1163/1817/1650 1162/1818/1649 1142/1785/1629
f 1142/1785/1629 1162/1818/1649 1161/1819/1648 1143/1786/1630
f 1143/1786/1630 1161/1819/1648 1160/1820/1647 1144/1787/1631
f 1144/1787/1631 1160/1820/1647 1159/1821/1646 1145/1788/1632
f 1145/1788/1632 1159/1821/1646 1158/1822/1645 1146/1789/1633
f 1146/1789/1633 1158/1822/1645 1157/1823/1644 1147/1790/1634
f 1147/1790/1634 1157/1823/1644 1156/1824/1643 1148/1791/1635
f 1148/1791/1635 1156/1824/1643 1155/1825/1642 1149/1792/1636
f 1149/1792/1636 1155/1825/1642 1154/1826/1641 1134/1793/1621
f 1129/1772/1616 1092/1734/1579 1093/1735/1580 1096/1738/1583
f 1097/1739/1584 1092/1734/1579 1129/1772/1616 1100/1742/1587
f 1167/1495/1377 2373/1494/1388 2376/1497/1389 1168/1496/1377
f 2375/1827/1653 2372/1828/1654 915/1545/1431 916/1547/1433
f 2379/1829/1655 2375/1827/1653 916/1547/1433 917/1549/1435
f 2381/1503/1393 2379/1829/1655 917/1549/1435 918/1504/1394
f 1171/1507/1381 2385/1506/1396 2388/1513/1401 1172/1512/1381
f 2387/1509/1398 2384/1502/1392 919/1505/1395 920/1510/1399
f 1173/1515/1377 2390/1514/1402 2394/1517/1403 1174/1516/1377
f 2393/1830/1656 2391/1508/1397 921/1511/1400 922/1555/1441
f 2396/1831/1657 2393/1830/1656 922/1555/1441 923/1557/1443
f 2355/1832/1658 2396/1831/1657 923/1557/1443 908/1559/1422
f 2351/1473/1371 2355/1833/1658 908/1536/1422 909/1474/1372
f 1176/1479/1377 2354/1478/1376 2352/1834/1659 1177/1835/1660
f 2363/1836/1661 2360/1518/1404 911/1519/1405 912/1541/1427
f 1180/1485/1381 2364/1484/1380 2366/1491/1386 1181/1490/1381
f 2367/1487/1383 2363/1836/1661 912/1541/1427 913/1488/1384
f 2372/1828/1654 2369/1486/1382 914/1489/1385 915/1545/1431
f 1168/1496/1377 1169/1499/1377 1182/1837/1381 1183/1838/1381
f 1169/1499/1377 1170/1501/1377 1171/1507/1381 1182/1837/1381
f 1184/1839/1381 1182/1837/1381 1171/1507/1381 1172/1512/1381
f 1183/1838/1381 1182/1837/1381 1184/1839/1381 1185/1840/1381
f 1173/1515/1377 1186/1841/1377 1184/1839/1381 1172/1512/1381
f 1173/1515/1377 1174/1516/1377 1175/1476/1374 1186/1841/1377
f 1186/1841/1377 1175/1476/1374 1176/1479/1377 1187/1842/1377
f 1184/1839/1381 1186/1841/1377 1187/1842/1377 1185/1840/1381
f 1177/1835/1660 1188/1843/1377 1187/1842/1377 1176/1479/1377
f 1177/1835/1660 1178/1480/1377 1179/1483/1377 1188/1843/1377
f 1189/1844/1381 1188/1843/1377 1179/1483/1377 1180/1485/1381
f 1189/1844/1381 1185/1840/1381 1187/1842/1377 1188/1843/1377
f 1181/1490/1381 1190/1845/1381 1189/1844/1381 1180/1485/1381
f 1181/1490/1381 1166/1493/1377 1167/1495/1377 1190/1845/1381
f 1183/1838/1381 1190/1845/1381 1167/1495/1377 1168/1496/1377
f 1185/1840/1381 1189/1844/1381 1190/1845/1381 1183/1838/1381
f 1192/599/542 1215/603/546 1217/1846/1662 1193/1847/1663
f 1193/1847/1663 1217/1846/1662 1216/138/126 1191/127/115
f 1219/69/61 1242/68/60 1244/1848/1664 1220/1849/1665
f 1220/1849/1665 1244/1848/1664 1243/592/535 1218/596/539
f 1218/596/539 1248/598/541 1250/1850/1666 1220/1849/1665
f 1220/1849/1665 1250/1850/1666 1249/117/105 1219/69/61
f 1261/43/35 1263/42/34 1265/1851/1667 1262/1852/1668
f 1262/1853/1668 1265/1854/1667 1264/543/490 1260/610/553
f 1288/586/529 1290/583/526 1292/1855/1669 1289/1856/1670
f 1289/1857/1670 1292/1858/1669 1291/98/86 1287/102/90
f 1191/127/115 1249/117/105 1250/1850/1666 1193/1847/1663
f 1193/1847/1663 1250/1850/1666 1248/598/541 1192/599/542
f 1222/110/98 1243/592/535 1244/1848/1664 1223/1859/1671
f 1223/1859/1671 1244/1848/1664 1242/68/60 1221/107/95
f 1263/42/34 1266/56/48 1268/1860/1672 1265/1851/1667
f 1265/1854/1667 1268/1861/1672 1267/544/491 1264/543/490
f 1195/122/110 1197/121/109 1199/1862/1673 1196/1863/1674
f 1196/1863/1674 1199/1862/1673 1198/132/120 1194/139/127
f 1194/139/127 1216/138/126 1217/1846/1662 1196/1863/1674
f 1196/1863/1674 1217/1846/1662 1215/603/546 1195/122/110
f 1221/107/95 1224/106/94 1226/1864/1675 1223/1859/1671
f 1223/1859/1671 1226/1864/1675 1225/111/99 1222/110/98
f 1290/583/526 1293/579/522 1295/1865/1676 1292/1855/1669
f 1292/1858/1669 1295/1866/1676 1294/88/76 1291/98/86
f 1293/579/522 1296/575/518 1298/1867/1677 1295/1865/1676
f 1295/1866/1676 1298/1868/1677 1297/89/77 1294/88/76
f 1197/121/109 1200/134/122 1202/1869/1678 1199/1862/1673
f 1199/1862/1673 1202/1869/1678 1201/44/36 1198/132/120
f 1224/106/94 1227/103/91 1229/1870/1679 1226/1864/1675
f 1226/1864/1675 1229/1870/1679 1228/582/525 1225/111/99
f 1266/56/48 1269/55/47 1271/1871/1680 1268/1860/1672
f 1268/1861/1672 1271/1872/1680 1270/549/496 1267/544/491
f 1296/575/518 1299/572/515 1301/1873/1681 1298/1867/1677
f 1298/1868/1677 1301/1874/1681 1300/82/72 1297/89/77
f 1269/55/47 1272/61/53 1274/1875/1682 1271/1871/1680
f 1271/1872/1680 1274/1876/1682 1273/552/499 1270/549/496
f 1200/134/122 1203/133/121 1205/1877/1683 1202/1869/1678
f 1202/1869/1678 1205/1877/1683 1204/45/37 1201/44/36
f 1227/103/91 1230/99/87 1232/1878/1684 1229/1870/1679
f 1229/1870/1679 1232/1878/1684 1231/578/521 1228/582/525
f 1272/61/53 1305/60/52 1307/1879/1685 1274/1875/1682
f 1274/1876/1682 1307/1880/1685 1306/556/503 1273/552/499
f 1203/133/121 1206/52/44 1208/1881/1686 1205/1877/1683
f 1205/1877/1683 1208/1881/1686 1207/57/49 1204/45/37
f 1230/99/87 1233/91/79 1235/1882/1687 1232/1878/1684
f 1232/1878/1684 1235/1882/1687 1234/94/82 1231/578/521
f 1299/572/515 1306/571/503 1307/1883/1685 1301/1873/1681
f 1301/1874/1681 1307/1884/1685 1305/83/52 1300/82/72
f 1252/78/68 1308/77/67 1310/1885/1688 1253/1886/1689
f 1253/1887/1689 1310/1888/1688 1309/116/104 1251/126/114
f 1206/52/44 1209/51/43 1211/1889/1690 1208/1881/1686
f 1208/1881/1686 1211/1889/1690 1210/58/50 1207/57/49
f 1233/91/79 1236/90/78 1238/1890/1691 1235/1882/1687
f 1235/1882/1687 1238/1890/1691 1237/95/83 1234/94/82
f 1279/66/58 1309/116/104 1310/1888/1688 1280/1891/1692
f 1280/1892/1692 1310/1885/1688 1308/77/67 1278/561/508
f 1251/126/114 1275/137/125 1277/1893/1693 1253/1887/1689
f 1253/1886/1689 1277/1894/1693 1276/600/543 1252/78/68
f 1278/561/508 1302/589/532 1304/1895/1694 1280/1892/1692
f 1280/1891/1692 1304/1896/1694 1303/67/59 1279/66/58
f 1255/604/547 1276/600/543 1277/1894/1693 1256/1897/1695
f 1256/1898/1695 1277/1893/1693 1275/137/125 1254/136/124
f 1282/588/531 1284/593/536 1286/1899/1696 1283/1900/1697
f 1283/1901/1697 1286/1902/1696 1285/105/93 1281/104/92
f 1281/104/92 1303/67/59 1304/1896/1694 1283/1901/1697
f 1283/1900/1697 1304/1895/1694 1302/589/532 1282/588/531
f 1209/51/43 1212/555/502 1214/1903/1698 1211/1889/1690
f 1211/1889/1690 1214/1903/1698 1213/62/54 1210/58/50
f 1236/90/78 1239/85/73 1241/1904/1699 1238/1890/1691
f 1238/1890/1691 1241/1904/1699 1240/567/512 1237/95/83
f 1254/136/124 1257/131/119 1259/1905/1700 1256/1898/1695
f 1256/1897/1695 1259/1906/1700 1258/608/551 1255/604/547
f 1284/593/536 1288/586/529 1289/1856/1670 1286/1899/1696
f 1286/1902/1696 1289/1857/1670 1287/102/90 1285/105/93
f 1239/85/73 1245/84/55 1247/1907/1701 1241/1904/1699
f 1241/1904/1699 1247/1907/1701 1246/568/506 1240/567/512
f 1212/555/502 1246/559/506 1247/1908/1701 1214/1903/1698
f 1214/1903/1698 1247/1908/1701 1245/63/55 1213/62/54
f 1257/131/119 1261/43/35 1262/1852/1668 1259/1905/1700
f 1259/1906/1700 1262/1853/1668 1260/610/553 1258/608/551
f 1275/137/125 1251/126/114 1191/127/115 1216/138/126
f 1335/981/891 1339/1909/1702 1340/1910/1703 1343/1911/1704
f 1336/1440/1340 1341/1912/1705 1340/1913/1703 1339/1914/1702
f 1337/1106/1014 1342/1915/1706 1340/1913/1703 1341/1912/1705
f 1338/998/908 1343/1911/1704 1340/1910/1703 1342/1916/1706
f 1413/1033/943 1417/1917/1707 1418/1918/1708 1421/1919/1709
f 1414/1099/1009 1419/1920/1710 1418/1918/1708 1417/1917/1707
f 1415/1078/988 1420/1921/1711 1418/1922/1708 1419/1923/1710
f 1416/1045/955 1421/1924/1709 1418/1922/1708 1420/1921/1711
f 1428/1066/976 1432/1925/1712 1433/1926/1713 1436/1927/1714
f 1429/1036/946 1434/1928/1715 1433/1929/1713 1432/1930/1712
f 1430/1134/1042 1435/1931/1716 1433/1932/1713 1434/1933/1715
f 1431/1059/969 1436/1927/1714 1433/1926/1713 1435/1934/1716
f 1458/1231/1137 1462/1935/1717 1463/1936/1718 1466/1937/1719
f 1459/1046/956 1464/1938/1720 1463/1939/1718 1462/1940/1717
f 1460/1081/991 1465/1941/1721 1463/1939/1718 1464/1938/1720
f 1461/1114/1022 1466/1937/1719 1463/1936/1718 1465/1942/1721
f 1509/1107/1015 1513/1943/1722 1514/1944/1723 1517/1945/1724
f 1510/1439/1339 1515/1946/1725 1514/1944/1723 1513/1943/1722
f 1511/1090/1000 1516/1947/1726 1514/1948/1723 1515/1949/1725
f 1512/1217/1125 1517/1950/1724 1514/1948/1723 1516/1947/1726
f 1524/1124/1032 1528/1951/1727 1529/1952/1728 1532/1953/1729
f 1525/1117/1025 1530/1954/1730 1529/1952/1728 1528/1951/1727
f 1526/1218/1126 1531/1955/1731 1529/1956/1728 1530/1957/1730
f 1527/1093/1003 1532/1958/1729 1529/1956/1728 1531/1955/1731
f 1569/1442/1342 1572/1959/1732 1573/1960/1733 1575/1961/1734
f 1570/1234/1139 1574/1962/1735 1573/1963/1733 1572/1964/1732
f 1571/1393/1293 1575/1965/1734 1573/1963/1733 1574/1962/1735
f 1576/1160/1068 1579/1966/1736 1580/1967/1737 1582/1968/1738
f 1577/1394/1294 1581/1969/1739 1580/1970/1737 1579/1971/1736
f 1578/1233/1138 1582/1972/1738 1580/1970/1737 1581/1969/1739
f 1670/1249/1154 1674/1973/1740 1675/1974/1741 1678/1975/1742
f 1671/1068/978 1676/1976/1743 1675/1974/1741 1674/1973/1740
f 1672/1220/1128 1677/1977/1744 1675/1978/1741 1676/1979/1743
f 1673/1352/1254 1678/1980/1742 1675/1978/1741 1677/1977/1744
f 1751/1290/1195 1755/1981/1745 1756/1982/1746 1759/1983/1747
f 1752/1288/1193 1757/1984/1748 1756/1985/1746 1755/1986/1745
f 1753/1339/1244 1758/1987/1749 1756/1985/1746 1757/1984/1748
f 1754/1316/1221 1759/1983/1747 1756/1982/1746 1758/1988/1749
f 1760/1296/1201 1764/1989/1750 1765/1990/1751 1768/1991/1752
f 1761/1365/1265 1766/1992/1753 1765/1990/1751 1764/1989/1750
f 1762/1308/1213 1767/1993/1754 1765/1994/1751 1766/1995/1753
f 1763/1294/1199 1768/1996/1752 1765/1997/1751 1767/1998/1754
f 1790/1441/1341 1794/1999/1755 1795/2000/1756 1798/2001/1757
f 1791/1367/1267 1796/2002/1758 1795/2000/1756 1794/1999/1755
f 1792/1340/1245 1797/2003/1759 1795/2004/1756 1796/2005/1758
f 1793/1075/985 1798/2006/1757 1795/2004/1756 1797/2003/1759
f 1841/1327/1232 1845/2007/1760 1846/2008/1761 1849/2009/1762
f 1842/1436/1336 1847/2010/1763 1846/2011/1761 1845/2012/1760
f 1843/1357/1259 1848/2013/1764 1846/2011/1761 1847/2010/1763
f 1844/1353/1255 1849/2009/1762 1846/2008/1761 1848/2014/1764
f 1853/1362/1264 1857/2015/1765 1858/2016/1766 1861/2017/1767
f 1854/1358/1260 1859/2018/1768 1858/2019/1766 1857/2020/1765
f 1855/1435/1335 1860/2021/1769 1858/2019/1766 1859/2018/1768
f 1856/1350/1252 1861/2017/1767 1858/2016/1766 1860/2022/1769
f 1895/1443/1343 1898/2023/1770 1899/2024/1771 1901/2025/1772
f 1896/1404/1304 1900/2026/1773 1899/2024/1771 1898/2023/1770
f 1897/1240/1145 1901/2027/1772 1899/2028/1771 1900/2029/1773
f 1902/1405/1305 1905/2030/1774 1906/2031/1775 1908/2032/1776
f 1903/1446/1344 1907/2033/1777 1906/2031/1775 1905/2030/1774
f 1904/1166/1074 1908/2034/1776 1906/2035/1775 1907/2036/1777
f 1324/980/890 1326/982/892 1328/2037/1778 1325/2038/1779
f 1325/2038/1779 1328/2037/1778 1327/997/907 1323/1064/974
f 1345/1004/914 1347/1005/915 1349/2039/1780 1346/2040/1781
f 1346/2041/1781 1349/2042/1780 1348/978/888 1344/977/887
f 1635/1113/1021 1775/1375/1275 1777/2043/1782 1636/2044/1783
f 1636/2045/1783 1777/2046/1782 1776/1311/1216 1634/1229/1135
f 1405/1039/949 1407/1038/948 1409/2047/1784 1406/2048/1785
f 1406/2049/1785 1409/2050/1784 1408/1025/935 1404/1018/928
f 1456/1074/984 1459/1046/956 1462/1940/1717 1457/2051/1786
f 1457/2052/1786 1462/1935/1717 1458/1231/1137 1455/1230/1136
f 1486/1007/917 1488/1006/916 1490/2053/1787 1487/2054/1788
f 1487/2055/1788 1490/2056/1787 1489/1122/1030 1485/1121/1029
f 1504/1110/1018 1598/1109/1017 1600/2057/1789 1505/2058/1790
f 1505/2059/1790 1600/2060/1789 1599/1213/1121 1503/1219/1127
f 1522/1118/1026 1525/1117/1025 1528/1951/1727 1523/2061/1791
f 1523/2061/1791 1528/1951/1727 1524/1124/1032 1521/1123/1031
f 1546/1153/1061 1548/1152/1060 1550/2062/1792 1547/2063/1793
f 1547/2064/1793 1550/2065/1792 1549/1138/1046 1545/1238/1143
f 1545/1238/1143 1554/1237/1142 1556/2066/1794 1547/2064/1793
f 1547/2063/1793 1556/2067/1794 1555/1149/1057 1546/1153/1061
f 1503/1219/1127 1526/1218/1126 1530/1957/1730 1505/2059/1790
f 1505/2058/1790 1530/1954/1730 1525/1117/1025 1504/1110/1018
f 1946/1424/1324 1951/1411/1311 1953/2068/1795 1947/2069/1796
f 1947/2070/1796 1953/2071/1795 1952/1433/1333 1945/1418/1318
f 1521/1123/1031 1631/1232/1031 1633/2072/1791 1523/2061/1791
f 1523/2061/1791 1633/2072/1791 1632/1204/1112 1522/1118/1026
f 1438/1056/966 1637/1228/1134 1639/2073/1797 1439/2074/1798
f 1439/2075/1798 1639/2076/1797 1638/1112/1020 1437/1061/971
f 1650/1261/1166 1652/1321/1226 1654/2077/1799 1651/2078/1800
f 1651/2079/1800 1654/2080/1799 1653/1335/1240 1649/1243/1148
f 1649/1243/1148 1685/1242/1147 1687/2081/1801 1651/2079/1800
f 1651/2078/1800 1687/2082/1801 1686/1258/1163 1650/1261/1166
f 1680/1262/1167 1697/1255/1160 1699/2083/1802 1681/2084/1803
f 1681/2085/1803 1699/2086/1802 1698/1360/1262 1679/1250/1155
f 1722/1299/1204 1725/1280/1185 1726/2087/1804 1723/2088/1805
f 1723/2089/1805 1726/2090/1804 1724/1306/1211 1721/1284/1189
f 1740/1297/1202 1760/1296/1201 1768/1991/1752 1741/2091/1806
f 1741/2092/1806 1768/1996/1752 1763/1294/1199 1739/1274/1179
f 1704/1331/1236 1781/1330/1235 1783/2093/1807 1705/2094/1808
f 1705/2095/1808 1783/2096/1807 1782/1324/1229 1703/1333/1238
f 1455/1230/1136 1790/1441/1341 1798/2001/1757 1457/2052/1786
f 1457/2051/1786 1798/2006/1757 1793/1075/985 1456/1074/984
f 1800/1315/1220 1802/1314/1219 1804/2097/1809 1801/2098/1810
f 1801/2099/1810 1804/2100/1809 1803/1260/1165 1799/1259/1164
f 1799/1259/1164 1820/1343/1246 1822/2101/1811 1801/2099/1810
f 1801/2098/1810 1822/2102/1811 1821/1371/1271 1800/1315/1220
f 1824/1313/1218 1826/1312/1217 1828/2103/1812 1825/2104/1813
f 1825/2105/1813 1828/2106/1812 1827/1361/1263 1823/1345/1248
f 1823/1345/1248 1865/1309/1214 1867/2107/1814 1825/2105/1813
f 1825/2104/1813 1867/2108/1814 1866/1366/1266 1824/1313/1218
f 1890/1403/1303 1909/1402/1302 1911/2109/1815 1891/2110/1816
f 1891/2111/1816 1911/2112/1815 1910/1386/1286 1889/1385/1285
f 1922/1410/1310 1924/1368/1268 1926/2113/1817 1923/2114/1818
f 1923/2115/1818 1926/2116/1817 1925/1423/1323 1921/1422/1322
f 1945/1418/1318 1948/1413/1313 1950/2117/1819 1947/2070/1796
f 1947/2069/1796 1950/2118/1819 1949/1431/1331 1946/1424/1324
f 1921/1422/1322 1952/1433/1333 1953/2071/1795 1923/2115/1818
f 1923/2114/1818 1953/2068/1795 1951/1411/1311 1922/1410/1310
f 1369/1001/911 1461/1114/1022 1465/1942/1721 1370/2119/1820
f 1370/2120/1820 1465/1941/1721 1460/1081/991 1368/1080/990
f 1326/982/892 1335/981/891 1343/1911/1704 1328/2037/1778
f 1328/2037/1778 1343/1911/1704 1338/998/908 1327/997/907
f 1347/1005/915 1353/1008/918 1355/2121/1821 1349/2039/1780
f 1349/2042/1780 1355/2122/1821 1354/1086/996 1348/978/888
f 1372/1023/933 1374/1053/963 1376/2123/1822 1373/2124/1823
f 1373/2125/1823 1376/2126/1822 1375/1030/940 1371/1015/925
f 1371/1015/925 1386/1014/924 1388/2127/1824 1373/2125/1823
f 1373/2124/1823 1388/2128/1824 1387/1024/934 1372/1023/933
f 1407/1038/948 1410/1037/947 1412/2129/1825 1409/2047/1784
f 1409/2050/1784 1412/2130/1825 1411/1041/951 1408/1025/935
f 1608/1196/1104 1610/1195/1103 1612/2131/1826 1609/2132/1827
f 1609/2133/1827 1612/2134/1826 1611/1184/1092 1607/1176/1084
f 1441/1062/972 1635/1113/1021 1636/2044/1783 1442/2135/1828
f 1442/2136/1828 1636/2045/1783 1634/1229/1135 1440/1135/1043
f 1548/1152/1060 1646/1161/1069 1648/2137/1829 1550/2062/1792
f 1550/2065/1792 1648/2138/1829 1647/1139/1047 1549/1138/1046
f 1683/1344/1247 1686/1258/1163 1687/2082/1801 1684/2139/1830
f 1684/2140/1830 1687/2081/1801 1685/1242/1147 1682/1320/1225
f 1682/1320/1225 1694/1359/1261 1696/2141/1831 1684/2140/1830
f 1684/2139/1830 1696/2142/1831 1695/1266/1171 1683/1344/1247
f 1743/1281/1186 1745/1298/1203 1747/2143/1832 1744/2144/1833
f 1744/2145/1833 1747/2146/1832 1746/1302/1207 1742/1325/1230
f 1637/1228/1134 1772/1379/1279 1774/2147/1834 1639/2073/1797
f 1639/2076/1797 1774/2148/1834 1773/1374/1274 1638/1112/1020
f 1652/1321/1226 1782/1324/1229 1783/2096/1807 1654/2077/1799
f 1654/2080/1799 1783/2093/1807 1781/1330/1235 1653/1335/1240
f 1802/1314/1219 1805/1378/1278 1807/2149/1835 1804/2097/1809
f 1804/2100/1809 1807/2150/1835 1806/1322/1227 1803/1260/1165
f 1839/1437/1337 1842/1436/1336 1845/2012/1760 1840/2151/1836
f 1840/2152/1836 1845/2007/1760 1841/1327/1232 1838/1326/1231
f 1826/1312/1217 1854/1358/1260 1857/2020/1765 1828/2103/1812
f 1828/2106/1812 1857/2015/1765 1853/1362/1264 1827/1361/1263
f 1893/1388/1288 1912/1387/1287 1914/2153/1837 1894/2154/1838
f 1894/2155/1838 1914/2156/1837 1913/1401/1301 1892/1383/1283
f 1838/1326/1231 1915/1434/1334 1917/2157/1839 1840/2152/1836
f 1840/2151/1836 1917/2158/1839 1916/1420/1320 1839/1437/1337
f 1728/1301/1206 1730/1303/1208 1732/2159/1840 1729/2160/1841
f 1729/2161/1841 1732/2162/1840 1731/1270/1175 1727/1269/1174
f 1707/1305/1210 1748/1336/1241 1750/2163/1842 1708/2164/1843
f 1708/2165/1843 1750/2166/1842 1749/1287/1192 1706/1286/1191
f 1727/1269/1174 1733/1289/1194 1735/2167/1844 1729/2161/1841
f 1729/2160/1841 1735/2168/1844 1734/1293/1198 1728/1301/1206
f 1805/1378/1278 1808/1377/1277 1810/2169/1845 1807/2149/1835
f 1807/2150/1835 1810/2170/1845 1809/1323/1228 1806/1322/1227
f 1843/1357/1259 1850/1356/1258 1852/2171/1846 1848/2013/1764
f 1848/2014/1764 1852/2172/1846 1851/1263/1168 1844/1353/1255
f 1842/1436/1336 1855/1435/1335 1859/2018/1768 1847/2010/1763
f 1847/2010/1763 1859/2018/1768 1854/1358/1260 1843/1357/1259
f 1872/1395/1295 1880/1398/1298 1882/2173/1847 1873/2174/1848
f 1873/2175/1848 1882/2176/1847 1881/1380/1280 1871/1381/1281
f 1871/1381/1281 1883/1382/1282 1885/2177/1849 1873/2175/1848
f 1873/2174/1848 1885/2178/1849 1884/1400/1300 1872/1395/1295
f 1895/1443/1343 1903/1446/1344 1905/2030/1774 1898/2023/1770
f 1898/2023/1770 1905/2030/1774 1902/1405/1305 1896/1404/1304
f 1928/1430/1330 1930/1415/1315 1932/2179/1850 1929/2180/1851
f 1929/2181/1851 1932/2182/1850 1931/1426/1326 1927/1425/1325
f 1896/1404/1304 1957/1407/1307 1959/2183/1852 1900/2026/1773
f 1900/2029/1773 1959/2184/1852 1958/1241/1146 1897/1240/1145
f 1564/1159/1067 1904/1166/1074 1907/2036/1777 1565/2185/1853
f 1565/2186/1853 1907/2033/1777 1903/1446/1344 1563/1445/1291
f 1312/987/897 1320/990/900 1322/2187/1854 1313/2188/1855
f 1313/2188/1855 1322/2187/1854 1321/976/886 1311/975/885
f 1311/975/885 1329/992/902 1331/2189/1856 1313/2188/1855
f 1313/2188/1855 1331/2189/1856 1330/1070/980 1312/987/897
f 1351/979/889 1362/1087/997 1364/2190/1857 1352/2191/1858
f 1352/2192/1858 1364/2193/1857 1363/1083/993 1350/1089/999
f 1392/1044/954 1395/1043/953 1397/2194/1859 1394/2195/1860
f 1394/2196/1860 1397/2197/1859 1396/1022/932 1393/1021/931
f 1393/1021/931 1411/1041/951 1412/2130/1825 1394/2196/1860
f 1394/2195/1860 1412/2129/1825 1410/1037/947 1392/1044/954
f 1374/1053/963 1422/1048/958 1424/2198/1861 1376/2123/1822
f 1376/2126/1822 1424/2199/1861 1423/1027/937 1375/1030/940
f 1468/1132/1040 1470/1130/1038 1472/2200/1862 1469/2201/1863
f 1469/2202/1863 1472/2203/1862 1471/1003/913 1467/984/894
f 1467/984/894 1473/983/893 1475/2204/1864 1469/2202/1863
f 1469/2201/1863 1475/2205/1864 1474/1133/1041 1468/1132/1040
f 1552/1142/1050 1557/1145/1053 1559/2206/1865 1553/2207/1866
f 1553/2208/1866 1559/2209/1865 1558/1165/1073 1551/1236/1141
f 1563/1391/1291 1577/1394/1294 1579/1971/1736 1565/2210/1853
f 1565/2185/1853 1579/1966/1736 1576/1160/1068 1564/1159/1067
f 1584/1163/1071 1613/1200/1108 1615/2211/1867 1585/2212/1868
f 1585/2213/1868 1615/2214/1867 1614/1214/1122 1583/1170/1078
f 1620/1177/1085 1622/1185/1093 1624/2215/1869 1621/2216/1870
f 1621/2217/1870 1624/2218/1869 1623/1199/1107 1619/1190/1098
f 1656/1251/1156 1658/1252/1157 1660/2219/1871 1657/2220/1872
f 1657/2220/1872 1660/2219/1871 1659/1244/1149 1655/1334/1239
f 1655/1334/1239 1667/1329/1234 1669/2221/1873 1657/2220/1872
f 1657/2220/1872 1669/2221/1873 1668/1246/1151 1656/1251/1156
f 1706/1286/1191 1709/1268/1173 1711/2222/1874 1708/2165/1843
f 1708/2164/1843 1711/2223/1874 1710/1282/1187 1707/1305/1210
f 1641/1073/983 1778/1072/982 1780/2224/1875 1642/2225/1876
f 1642/2226/1876 1780/2227/1875 1779/1355/1257 1640/1226/1132
f 1730/1303/1208 1746/1302/1207 1747/2146/1832 1732/2159/1840
f 1732/2162/1840 1747/2143/1832 1745/1298/1203 1731/1270/1175
f 1748/1336/1241 1779/1355/1257 1780/2227/1875 1750/2163/1842
f 1750/2166/1842 1780/2224/1875 1778/1072/982 1749/1287/1192
f 1808/1377/1277 1811/1376/1276 1813/2228/1877 1810/2169/1845
f 1810/2170/1845 1813/2229/1877 1812/1332/1237 1809/1323/1228
f 1875/1390/1290 1877/1389/1289 1879/2230/1878 1876/2231/1879
f 1876/2232/1879 1879/2233/1878 1878/1397/1297 1874/1396/1296
f 1874/1396/1296 1886/1399/1299 1888/2234/1880 1876/2232/1879
f 1876/2231/1879 1888/2235/1880 1887/1384/1284 1875/1390/1290
f 1567/1444/1292 1895/1443/1343 1901/2025/1772 1568/2236/1881
f 1568/2237/1881 1901/2027/1772 1897/1240/1145 1566/1239/1144
f 1930/1415/1315 1933/1414/1314 1935/2238/1882 1932/2179/1850
f 1932/2182/1850 1935/2239/1882 1934/1416/1316 1931/1426/1326
f 1904/1166/1074 1960/1167/1075 1962/2240/1883 1908/2034/1776
f 1908/2032/1776 1962/2241/1883 1961/1406/1306 1902/1405/1305
f 1315/986/896 1317/985/895 1319/2242/1884 1316/2243/1885
f 1316/2244/1885 1319/2245/1884 1318/989/899 1314/988/898
f 1353/1008/918 1356/1101/919 1358/2246/1886 1355/2121/1821
f 1355/2122/1821 1358/2247/1886 1357/999/909 1354/1086/996
f 1395/1043/953 1398/1034/944 1400/2248/1887 1397/2194/1859
f 1397/2197/1859 1400/2249/1887 1399/1054/964 1396/1022/932
f 1314/988/898 1446/1069/979 1448/2250/1888 1316/2244/1885
f 1316/2243/1885 1448/2251/1888 1447/1077/987 1315/986/896
f 1413/1033/943 1449/1032/942 1451/2252/1889 1417/1917/1707
f 1417/1917/1707 1451/2252/1889 1450/1058/968 1414/1099/1009
f 1415/1078/988 1460/1081/991 1464/1938/1720 1420/1921/1711
f 1420/1921/1711 1464/1938/1720 1459/1046/956 1416/1045/955
f 1470/1130/1038 1489/1122/1030 1490/2056/1787 1472/2200/1862
f 1472/2203/1862 1490/2053/1787 1488/1006/916 1471/1003/913
f 1492/1092/1002 1494/1131/1039 1496/2253/1890 1493/2254/1891
f 1493/2255/1891 1496/2256/1890 1495/1104/1012 1491/1103/1011
f 1491/1103/1011 1524/1124/1032 1532/1953/1729 1493/2255/1891
f 1493/2254/1891 1532/1958/1729 1527/1093/1003 1492/1092/1002
f 1414/1099/1009 1536/1098/1008 1538/2257/1892 1419/1920/1710
f 1419/1923/1710 1538/2258/1892 1537/1079/989 1415/1078/988
f 1554/1237/1142 1560/1164/1072 1562/2259/1893 1556/2066/1794
f 1556/2067/1794 1562/2260/1893 1561/1146/1054 1555/1149/1057
f 1566/1239/1144 1569/1442/1342 1575/1961/1734 1568/2237/1881
f 1568/2261/1881 1575/1965/1734 1571/1393/1293 1567/1392/1292
f 1622/1185/1093 1625/1209/1117 1627/2262/1894 1624/2215/1869
f 1624/2218/1869 1627/2263/1894 1626/1175/1083 1623/1199/1107
f 1610/1195/1103 1628/1187/1095 1630/2264/1895 1612/2131/1826
f 1612/2134/1826 1630/2265/1895 1629/1208/1116 1611/1184/1092
f 1444/1047/957 1641/1073/983 1642/2225/1876 1445/2266/1896
f 1445/2267/1896 1642/2226/1876 1640/1226/1132 1443/1127/1035
f 1658/1252/1157 1661/1253/1158 1663/2268/1897 1660/2219/1871
f 1660/2219/1871 1663/2268/1897 1662/1245/1150 1659/1244/1149
f 1689/1349/1251 1698/1360/1262 1699/2086/1802 1690/2269/1898
f 1690/2270/1898 1699/2083/1802 1697/1255/1160 1688/1254/1159
f 1688/1254/1159 1700/1337/1242 1702/2271/1899 1690/2270/1898
f 1690/2269/1898 1702/2272/1899 1701/1347/1249 1689/1349/1251
f 1709/1268/1173 1718/1271/1176 1720/2273/1900 1711/2222/1874
f 1711/2223/1874 1720/2274/1900 1719/1283/1188 1710/1282/1187
f 1473/983/893 1476/1076/986 1478/2275/1901 1475/2204/1864
f 1475/2205/1864 1478/2276/1901 1477/1128/1036 1474/1133/1041
f 1317/985/895 1345/1004/914 1346/2040/1781 1319/2242/1884
f 1319/2245/1884 1346/2041/1781 1344/977/887 1318/989/899
f 1356/1009/919 1365/1012/922 1367/2277/1902 1358/2278/1886
f 1358/2247/1886 1367/2279/1902 1366/1000/910 1357/999/909
f 1398/1034/944 1413/1033/943 1421/1919/1709 1400/2248/1887
f 1400/2249/1887 1421/1924/1709 1416/1045/955 1399/1054/964
f 1422/1048/958 1444/1047/957 1445/2266/1896 1424/2198/1861
f 1424/2199/1861 1445/2267/1896 1443/1127/1035 1423/1027/937
f 1507/1094/1004 1509/1107/1015 1517/1945/1724 1508/2280/1903
f 1508/2281/1903 1517/1950/1724 1512/1217/1125 1506/1216/1124
f 1494/1131/1039 1533/1060/970 1535/2282/1904 1496/2253/1890
f 1496/2256/1890 1535/2283/1904 1534/1115/1023 1495/1104/1012
f 1570/1234/1139 1578/1233/1138 1581/1969/1739 1574/1962/1735
f 1574/1962/1735 1581/1969/1739 1577/1394/1294 1571/1393/1293
f 1557/1145/1053 1586/1169/1077 1588/2284/1905 1559/2206/1865
f 1559/2209/1865 1588/2285/1905 1587/1162/1070 1558/1165/1073
f 1506/1216/1124 1595/1212/1120 1597/2286/1906 1508/2281/1903
f 1508/2280/1903 1597/2287/1906 1596/1202/1110 1507/1094/1004
f 1586/1169/1077 1604/1182/1090 1606/2288/1907 1588/2284/1905
f 1588/2285/1905 1606/2289/1907 1605/1201/1109 1587/1162/1070
f 1569/1442/1342 1643/1155/1063 1645/2290/1908 1572/1959/1732
f 1572/1964/1732 1645/2291/1908 1644/1136/1044 1570/1234/1139
f 1661/1253/1158 1664/1067/977 1666/2292/1909 1663/2268/1897
f 1663/2268/1897 1666/2292/1909 1665/1248/1153 1662/1245/1150
f 1692/1267/1172 1695/1266/1171 1696/2142/1831 1693/2293/1910
f 1693/2294/1910 1696/2141/1831 1694/1359/1261 1691/1348/1250
f 1691/1348/1250 1704/1331/1236 1705/2094/1808 1693/2294/1910
f 1693/2295/1910 1705/2095/1808 1703/1333/1238 1692/1342/1172
f 1733/1289/1194 1752/1288/1193 1755/1986/1745 1735/2167/1844
f 1735/2168/1844 1755/1981/1745 1751/1290/1195 1734/1293/1198
f 1754/1316/1221 1784/1319/1224 1786/2296/1911 1759/1983/1747
f 1759/1983/1747 1786/2296/1911 1785/1291/1196 1751/1290/1195
f 1752/1288/1193 1793/1075/985 1797/2003/1759 1757/1984/1748
f 1757/1984/1748 1797/2003/1759 1792/1340/1245 1753/1339/1244
f 1811/1376/1276 1814/1372/1272 1816/2297/1912 1813/2228/1877
f 1813/2229/1877 1816/2298/1912 1815/1341/1169 1812/1332/1237
f 1830/1370/1270 1832/1373/1273 1834/2299/1913 1831/2300/1914
f 1831/2301/1914 1834/2302/1913 1833/1257/1162 1829/1256/1161
f 1829/1256/1161 1851/1263/1168 1852/2172/1846 1831/2301/1914
f 1831/2300/1914 1852/2171/1846 1850/1356/1258 1830/1370/1270
f 1856/1350/1252 1862/1205/1113 1864/2303/1791 1861/2017/1767
f 1861/2017/1767 1864/2303/1791 1863/1363/1031 1853/1362/1264
f 1753/1339/1244 1868/1338/1243 1870/2304/1915 1758/1987/1749
f 1758/1988/1749 1870/2305/1915 1869/1317/1222 1754/1316/1221
f 1933/1414/1314 1936/1419/1319 1938/2306/1916 1935/2238/1882
f 1935/2239/1882 1938/2307/1916 1937/1417/1317 1934/1416/1316
f 1909/1402/1302 1942/1428/1328 1944/2308/1917 1911/2109/1815
f 1911/2112/1815 1944/2309/1917 1943/1429/1329 1910/1386/1286
f 1877/1389/1289 1958/1241/1146 1959/2184/1852 1879/2230/1878
f 1879/2233/1878 1959/2183/1852 1957/1407/1307 1878/1397/1297
f 1320/990/900 1324/980/890 1325/2038/1779 1322/2187/1854
f 1322/2187/1854 1325/2038/1779 1323/1064/974 1321/976/886
f 1360/1084/994 1363/1083/993 1364/2193/1857 1361/2310/1918
f 1361/2311/1918 1364/2190/1857 1362/1087/997 1359/1002/912
f 1359/1002/912 1369/1001/911 1370/2119/1820 1361/2311/1918
f 1361/2310/1918 1370/2120/1820 1368/1080/990 1360/1084/994
f 1378/1020/930 1380/1019/929 1382/2312/1919 1379/2313/1920
f 1379/2314/1920 1382/2315/1919 1381/1051/961 1377/1050/960
f 1377/1050/960 1425/1049/959 1427/2316/1921 1379/2314/1920
f 1379/2313/1920 1427/2317/1921 1426/1035/945 1378/1020/930
f 1425/1049/959 1438/1056/966 1439/2074/1798 1427/2316/1921
f 1427/2317/1921 1439/2075/1798 1437/1061/971 1426/1035/945
f 1329/992/902 1452/991/901 1454/2318/1922 1331/2189/1856
f 1331/2189/1856 1454/2318/1922 1453/1071/981 1330/1070/980
f 1476/1076/986 1479/1011/921 1481/2319/1923 1478/2275/1901
f 1478/2276/1901 1481/2320/1923 1480/1129/1037 1477/1128/1036
f 1560/1164/1072 1584/1163/1071 1585/2212/1868 1562/2259/1893
f 1562/2260/1893 1585/2213/1868 1583/1170/1078 1561/1146/1054
f 1602/1179/1087 1605/1201/1109 1606/2289/1907 1603/2321/1924
f 1603/2322/1924 1606/2288/1907 1604/1182/1090 1601/1181/1089
f 1601/1181/1089 1608/1196/1104 1609/2132/1827 1603/2322/1924
f 1603/2321/1924 1609/2133/1827 1607/1176/1084 1602/1179/1087
f 1578/1233/1138 1647/1139/1047 1648/2138/1829 1582/1972/1738
f 1582/1968/1738 1648/2137/1829 1646/1161/1069 1576/1160/1068
f 1664/1067/977 1671/1068/978 1674/1973/1740 1666/2292/1909
f 1666/2292/1909 1674/1973/1740 1670/1249/1154 1665/1248/1153
f 1713/1276/1181 1715/1307/1212 1717/2323/1925 1714/2324/1926
f 1714/2325/1926 1717/2326/1925 1716/1272/1177 1712/1275/1180
f 1762/1308/1213 1776/1311/1216 1777/2046/1782 1767/1993/1754
f 1767/1998/1754 1777/2043/1782 1775/1375/1275 1763/1294/1199
f 1814/1372/1272 1817/1369/1269 1819/2327/1927 1816/2297/1912
f 1816/2328/1912 1819/2329/1927 1818/1265/1170 1815/1264/1169
f 1631/1232/1031 1863/1363/1031 1864/2303/1791 1633/2072/1791
f 1633/2072/1791 1864/2303/1791 1862/1205/1113 1632/1204/1112
f 1761/1365/1265 1866/1366/1266 1867/2108/1814 1766/1992/1753
f 1766/1995/1753 1867/2107/1814 1865/1309/1214 1762/1308/1213
f 1832/1373/1273 1869/1317/1222 1870/2305/1915 1834/2299/1913
f 1834/2302/1913 1870/2304/1915 1868/1338/1243 1833/1257/1162
f 1712/1275/1180 1769/1295/1200 1771/2330/1928 1714/2325/1926
f 1714/2324/1926 1771/2331/1928 1770/1277/1182 1713/1276/1181
f 1912/1387/1287 1928/1430/1330 1929/2180/1851 1914/2153/1837
f 1914/2156/1837 1929/2181/1851 1927/1425/1325 1913/1401/1301
f 1936/1419/1319 1954/1432/1332 1956/2332/1929 1938/2306/1916
f 1938/2307/1916 1956/2333/1929 1955/1408/1308 1937/1417/1317
f 1880/1398/1298 1961/1406/1306 1962/2241/1883 1882/2173/1847
f 1882/2176/1847 1962/2240/1883 1960/1167/1075 1881/1380/1280
f 1760/1296/1201 1785/1291/1196 1786/2296/1911 1764/1989/1750
f 1764/1989/1750 1786/2296/1911 1784/1319/1224 1761/1365/1265
f 1715/1307/1212 1724/1306/1211 1726/2090/1804 1717/2323/1925
f 1717/2326/1925 1726/2087/1804 1725/1280/1185 1716/1272/1177
f 1769/1295/1200 1773/1374/1274 1774/2148/1834 1771/2330/1928
f 1771/2331/1928 1774/2147/1834 1772/1379/1279 1770/1277/1182
f 1667/1329/1234 1787/1328/1233 1789/2334/1930 1669/2221/1873
f 1669/2221/1873 1789/2334/1930 1788/1247/1152 1668/1246/1151
f 1787/1328/1233 1791/1367/1267 1794/1999/1755 1789/2334/1930
f 1789/2334/1930 1794/1999/1755 1790/1441/1341 1788/1247/1152
f 1817/1369/1269 1821/1371/1271 1822/2102/1811 1819/2327/1927
f 1819/2329/1927 1822/2101/1811 1820/1343/1246 1818/1265/1170
f 1883/1382/1282 1890/1403/1303 1891/2110/1816 1885/2177/1849
f 1885/2178/1849 1891/2111/1816 1889/1385/1285 1884/1400/1300
f 1915/1434/1334 1918/1409/1309 1920/2335/1931 1917/2157/1839
f 1917/2158/1839 1920/2336/1931 1919/1421/1321 1916/1420/1320
f 1940/1412/1312 1943/1429/1329 1944/2309/1917 1941/2337/1932
f 1941/2338/1932 1944/2308/1917 1942/1428/1328 1939/1427/1327
f 1939/1427/1327 1949/1431/1331 1950/2118/1819 1941/2338/1932
f 1941/2337/1932 1950/2117/1819 1948/1413/1313 1940/1412/1312
f 1590/1173/1081 1626/1175/1083 1627/2263/1894 1591/2339/1933
f 1591/2340/1933 1627/2262/1894 1625/1209/1117 1589/1210/1118
f 1431/1059/969 1450/1058/968 1451/2252/1889 1436/1927/1714
f 1436/1927/1714 1451/2252/1889 1449/1032/942 1428/1066/976
f 1333/995/905 1338/998/908 1342/1916/1706 1334/2341/1934
f 1334/2342/1934 1342/1915/1706 1337/1106/1014 1332/1221/1129
f 1380/1019/929 1390/1026/936 1391/2343/1935 1382/2312/1919
f 1382/2315/1919 1391/2344/1935 1389/1052/962 1381/1051/961
f 1429/1036/946 1441/1062/972 1442/2135/1828 1434/1928/1715
f 1434/1933/1715 1442/2136/1828 1440/1135/1043 1430/1134/1042
f 1452/991/901 1458/1231/1137 1466/1937/1719 1454/2318/1922
f 1454/2318/1922 1466/1937/1719 1461/1114/1022 1453/1071/981
f 1479/1011/921 1482/1010/920 1484/2345/1936 1481/2319/1923
f 1481/2320/1923 1484/2346/1936 1483/1126/1034 1480/1129/1037
f 1498/1082/992 1500/1085/995 1502/2347/1937 1499/2348/1938
f 1499/2349/1938 1502/2350/1937 1501/1125/1033 1497/1120/1028
f 1497/1120/1028 1518/1091/1001 1520/2351/1939 1499/2349/1938
f 1499/2348/1938 1520/2352/1939 1519/1088/998 1498/1082/992
f 1511/1090/1000 1527/1093/1003 1531/1955/1731 1516/1947/1726
f 1516/1947/1726 1531/1955/1731 1526/1218/1126 1512/1217/1125
f 1430/1134/1042 1534/1115/1023 1535/2283/1904 1435/1931/1716
f 1435/1934/1716 1535/2282/1904 1533/1060/970 1431/1059/969
f 1540/1154/1062 1542/1143/1051 1544/2353/1940 1541/2354/1941
f 1541/2355/1941 1544/2356/1940 1543/1235/1140 1539/1137/1045
f 1589/1210/1118 1599/1213/1121 1600/2060/1789 1591/2340/1933
f 1591/2339/1933 1600/2057/1789 1598/1109/1017 1590/1173/1081
f 1613/1200/1108 1616/1178/1086 1618/2357/1942 1615/2211/1867
f 1615/2214/1867 1618/2358/1942 1617/1193/1101 1614/1214/1122
f 1510/1439/1339 1519/1088/998 1520/2352/1939 1515/1946/1725
f 1515/1949/1725 1520/2351/1939 1518/1091/1001 1511/1090/1000
f 1539/1137/1045 1644/1136/1044 1645/2291/1908 1541/2355/1941
f 1541/2354/1941 1645/2290/1908 1643/1155/1063 1540/1154/1062
f 1332/1221/1129 1672/1220/1128 1676/1979/1743 1334/2342/1934
f 1334/2341/1934 1676/1976/1743 1671/1068/978 1333/995/905
f 1718/1271/1176 1722/1299/1204 1723/2088/1805 1720/2273/1900
f 1720/2274/1900 1723/2089/1805 1721/1284/1189 1719/1283/1188
f 1737/1304/1209 1740/1297/1202 1741/2091/1806 1738/2359/1943
f 1738/2360/1943 1741/2092/1806 1739/1274/1179 1736/1273/1178
f 1736/1273/1178 1743/1281/1186 1744/2144/1833 1738/2360/1943
f 1738/2359/1943 1744/2145/1833 1742/1325/1230 1737/1304/1209
f 1700/1337/1242 1792/1340/1245 1796/2005/1758 1702/2271/1899
f 1702/2272/1899 1796/2002/1758 1791/1367/1267 1701/1347/1249
f 1672/1220/1128 1841/1327/1232 1849/2009/1762 1677/1977/1744
f 1677/1977/1744 1849/2009/1762 1844/1353/1255 1673/1352/1254
f 1836/1351/1253 1856/1350/1252 1860/2022/1769 1837/2361/1944
f 1837/2362/1944 1860/2021/1769 1855/1435/1335 1835/1438/1338
f 1886/1399/1299 1893/1388/1288 1894/2154/1838 1888/2234/1880
f 1888/2235/1880 1894/2155/1838 1892/1383/1283 1887/1384/1284
f 1835/1438/1338 1925/1423/1323 1926/2116/1817 1837/2362/1944
f 1837/2361/1944 1926/2113/1817 1924/1368/1268 1836/1351/1253
f 1918/1409/1309 1955/1408/1308 1956/2333/1929 1920/2335/1931
f 1920/2336/1931 1956/2332/1929 1954/1432/1332 1919/1421/1321
f 1335/981/891 1351/979/889 1352/2191/1858 1339/1909/1702
f 1339/1914/1702 1352/2192/1858 1350/1089/999 1336/1440/1340
f 1384/1042/952 1387/1024/934 1388/2128/1824 1385/2363/1945
f 1385/2364/1945 1388/2127/1824 1386/1014/924 1383/1013/923
f 1383/1013/923 1389/1052/962 1391/2344/1935 1385/2364/1945
f 1385/2363/1945 1391/2343/1935 1390/1026/936 1384/1042/952
f 1402/1065/975 1405/1039/949 1406/2048/1785 1403/2365/1946
f 1403/2366/1946 1406/2049/1785 1404/1018/928 1401/1017/927
f 1401/1017/927 1429/1036/946 1432/1930/1712 1403/2366/1946
f 1403/2365/1946 1432/1925/1712 1428/1066/976 1402/1065/975
f 1365/1012/922 1447/1077/987 1448/2251/1888 1367/2277/1902
f 1367/2279/1902 1448/2250/1888 1446/1069/979 1366/1000/910
f 1482/1100/920 1486/1007/917 1487/2054/1788 1484/2367/1936
f 1484/2346/1936 1487/2055/1788 1485/1121/1029 1483/1126/1034
f 1336/1440/1340 1510/1439/1339 1513/1943/1722 1341/1912/1705
f 1341/1912/1705 1513/1943/1722 1509/1107/1015 1337/1106/1014
f 1500/1085/995 1537/1079/989 1538/2258/1892 1502/2347/1937
f 1502/2350/1937 1538/2257/1892 1536/1098/1008 1501/1125/1033
f 1542/1143/1051 1552/1142/1050 1553/2207/1866 1544/2353/1940
f 1544/2356/1940 1553/2208/1866 1551/1236/1141 1543/1235/1140
f 1593/1186/1094 1596/1202/1110 1597/2287/1906 1594/2368/1947
f 1594/2369/1947 1597/2286/1906 1595/1212/1120 1592/1211/1119
f 1616/1178/1086 1620/1177/1085 1621/2216/1870 1618/2357/1942
f 1618/2358/1942 1621/2217/1870 1619/1190/1098 1617/1193/1101
f 1592/1211/1119 1629/1208/1116 1630/2265/1895 1594/2369/1947
f 1594/2368/1947 1630/2264/1895 1628/1187/1095 1593/1186/1094
f 1673/1352/1254 1680/1262/1167 1681/2084/1803 1678/1980/1742
f 1678/1975/1742 1681/2085/1803 1679/1250/1155 1670/1249/1154
f 1312/987/897 1330/1070/980 1446/1069/979 1314/988/898
f 1963/2370/1948 1964/2371/1949 1965/2372/1950 1966/2373/1951
f 1967/2374/1952 1968/2375/1953 1964/2371/1949 1963/2370/1948
f 1969/2376/1954 1970/2377/1955 1968/2375/1953 1967/2374/1952
f 1971/2378/1956 1972/2379/1957 1970/2377/1955 1969/2376/1954
f 1973/2380/1958 1974/2381/1959 1972/2379/1957 1971/2378/1956
f 1975/2382/1960 1976/2383/1961 1974/2381/1959 1973/2380/1958
f 1977/2384/1962 1978/2385/1963 1976/2383/1961 1975/2382/1960
f 1979/2386/1964 1980/2387/1965 1978/2385/1963 1977/2384/1962
f 1981/2388/1966 1982/2389/1967 1980/2387/1965 1979/2386/1964
f 1983/2390/1968 1984/2391/1969 1982/2389/1967 1981/2388/1966
f 1985/2392/1970 1986/2393/1971 1984/2391/1969 1983/2390/1968
f 1987/2394/1972 1988/2395/1973 1986/2393/1971 1985/2392/1970
f 1989/2396/1974 1990/2397/1975 1988/2395/1973 1987/2394/1972
f 1991/2398/1976 1992/2399/1977 1990/2397/1975 1989/2396/1974
f 1993/2400/1978 1994/2401/1979 1992/2399/1977 1991/2398/1976
f 1966/2402/1951 1965/2403/1950 1994/2401/1979 1993/2400/1978
f 1995/2404/1980 1986/2405/1971 1988/2406/1973 1996/2407/1981
f 1997/2408/1982 1984/2409/1969 1986/2405/1971 1995/2404/1980
f 1998/2410/1983 1982/2411/1967 1984/2409/1969 1997/2408/1982
f 1999/2412/1984 1980/2413/1965 1982/2411/1967 1998/2410/1983
f 2000/2414/1985 1978/2415/1963 1980/2413/1965 1999/2412/1984
f 2001/2416/1986 1976/2417/1961 1978/2415/1963 2000/2414/1985
f 2002/2418/1987 1974/2419/1959 1976/2417/1961 2001/2416/1986
f 2003/2420/1988 1972/2421/1957 1974/2419/1959 2002/2418/1987
f 2004/2422/1989 1970/2423/1955 1972/2421/1957 2003/2420/1988
f 2005/2424/1990 1968/2425/1953 1970/2423/1955 2004/2422/1989
f 2006/2426/1991 1964/2427/1949 1968/2425/1953 2005/2424/1990
f 2007/2428/1992 1965/2429/1950 1964/2427/1949 2006/2426/1991
f 2008/2430/1993 1994/2431/1979 1965/2429/1950 2007/2428/1992
f 2009/2432/1994 1992/2433/1977 1994/2431/1979 2008/2430/1993
f 2010/2434/1995 1990/2435/1975 1992/2433/1977 2009/2432/1994
f 1996/2407/1981 1988/2406/1973 1990/2435/1975 2010/2434/1995
f 2011/2436/1996 2012/2437/1997 1963/2370/1948 1966/2373/1951
f 2012/2437/1997 2013/2438/1998 1967/2374/1952 1963/2370/1948
f 2013/2438/1998 2014/2439/1999 1969/2376/1954 1967/2374/1952
f 2014/2439/1999 2015/2440/2000 1971/2378/1956 1969/2376/1954
f 2015/2440/2000 2016/2441/2001 1973/2380/1958 1971/2378/1956
f 2016/2441/2001 2017/2442/2002 1975/2382/1960 1973/2380/1958
f 2017/2442/2002 2018/2443/2003 1977/2384/1962 1975/2382/1960
f 2018/2443/2003 2019/2444/2004 1979/2386/1964 1977/2384/1962
f 2019/2444/2004 2020/2445/2005 1981/2388/1966 1979/2386/1964
f 2020/2445/2005 2021/2446/2006 1983/2390/1968 1981/2388/1966
f 2021/2446/2006 2022/2447/2007 1985/2392/1970 1983/2390/1968
f 2022/2447/2007 2023/2448/2008 1987/2394/1972 1985/2392/1970
f 2023/2448/2008 2024/2449/2009 1989/2396/1974 1987/2394/1972
f 2024/2449/2009 2025/2450/2010 1991/2398/1976 1989/2396/1974
f 2025/2450/2010 2026/2451/2011 1993/2400/1978 1991/2398/1976
f 2026/2451/2011 2011/2452/1996 1966/2402/1951 1993/2400/1978
f 1996/2407/1981 2027/2453/2012 2028/2454/2013 1995/2404/1980
f 1995/2404/1980 2028/2454/2013 2029/2455/2014 1997/2408/1982
f 1997/2408/1982 2029/2455/2014 2030/2456/2015 1998/2410/1983
f 1998/2410/1983 2030/2456/2015 2031/2457/2016 1999/2412/1984
f 2031/2457/2016 2032/2458/2017 2000/2414/1985 1999/2412/1984
f 2032/2458/2017 2033/2459/2018 2001/2416/1986 2000/2414/1985
f 2033/2459/2018 2034/2460/2019 2002/2418/1987 2001/2416/1986
f 2034/2460/2019 2035/2461/2020 2003/2420/1988 2002/2418/1987
f 2035/2461/2020 2036/2462/2021 2004/2422/1989 2003/2420/1988
f 2036/2462/2021 2037/2463/2022 2005/2424/1990 2004/2422/1989
f 2037/2463/2022 2038/2464/2023 2006/2426/1991 2005/2424/1990
f 2038/2464/2023 2039/2465/2024 2007/2428/1992 2006/2426/1991
f 2007/2428/1992 2039/2465/2024 2040/2466/2025 2008/2430/1993
f 2008/2430/1993 2040/2466/2025 2041/2467/2026 2009/2432/1994
f 2009/2432/1994 2041/2467/2026 2042/2468/2027 2010/2434/1995
f 2010/2434/1995 2042/2468/2027 2027/2453/2012 1996/2407/1981
f 2043/2469/33 2044/2470/2028 2012/2437/1997 2011/2436/1996
f 2044/2470/2028 2045/2471/2029 2013/2438/1998 2012/2437/1997
f 2045/2471/2029 2046/2472/2030 2014/2439/1999 2013/2438/1998
f 2046/2472/2030 2047/2473/2031 2015/2440/2000 2014/2439/1999
f 2047/2473/2031 2048/2474/2032 2016/2441/2001 2015/2440/2000
f 2048/2474/2032 2049/2475/2033 2017/2442/2002 2016/2441/2001
f 2049/2475/2033 2050/2476/2034 2018/2443/2003 2017/2442/2002
f 2050/2476/2034 2051/2477/488 2019/2444/2004 2018/2443/2003
f 2051/2477/488 2052/2478/2035 2020/2445/2005 2019/2444/2004
f 2052/2478/2035 2053/2479/2036 2021/2446/2006 2020/2445/2005
f 2053/2479/2036 2054/2480/2037 2022/2447/2007 2021/2446/2006
f 2054/2480/2037 2055/2481/2038 2023/2448/2008 2022/2447/2007
f 2055/2481/2038 2056/2482/2039 2024/2449/2009 2023/2448/2008
f 2056/2482/2039 2057/2483/2040 2025/2450/2010 2024/2449/2009
f 2057/2483/2040 2058/2484/2041 2026/2451/2011 2025/2450/2010
f 2058/2484/2041 2043/2485/33 2011/2452/1996 2026/2451/2011
f 2059/2486/2042 2060/2487/2043 2031/2457/2016 2030/2456/2015
f 2029/2455/2014 2028/2454/2013 2059/2486/2042 2030/2456/2015
f 2027/2453/2012 2061/2488/2044 2059/2486/2042 2028/2454/2013
f 2061/2488/2044 2062/2489/2045 2060/2487/2043 2059/2486/2042
f 2063/2490/2046 2064/2491/2047 2035/2461/2020 2034/2460/2019
f 2063/2490/2046 2034/2460/2019 2033/2459/2018 2032/2458/2017
f 2031/2457/2016 2060/2487/2043 2063/2490/2046 2032/2458/2017
f 2060/2487/2043 2062/2489/2045 2064/2491/2047 2063/2490/2046
f 2065/2492/2048 2066/2493/2049 2039/2465/2024 2038/2464/2023
f 2065/2492/2048 2038/2464/2023 2037/2463/2022 2036/2462/2021
f 2035/2461/2020 2064/2491/2047 2065/2492/2048 2036/2462/2021
f 2064/2491/2047 2062/2489/2045 2066/2493/2049 2065/2492/2048
f 2067/2494/2050 2061/2488/2044 2027/2453/2012 2042/2468/2027
f 2041/2467/2026 2040/2466/2025 2067/2494/2050 2042/2468/2027
f 2039/2465/2024 2066/2493/2049 2067/2494/2050 2040/2466/2025
f 2066/2493/2049 2062/2489/2045 2061/2488/2044 2067/2494/2050
f 2068/2495/2051 2069/2496/2052 2070/2497/2053 2071/2498/2054
f 2069/2496/2052 2072/2499/2055 2073/2500/2056 2070/2497/2053
f 2072/2499/2055 2074/2501/2057 2075/2502/2058 2073/2500/2056
f 2074/2501/2057 2076/2503/2059 2077/2504/2060 2075/2502/2058
f 2076/2503/2059 2078/2505/2061 2079/2506/2062 2077/2504/2060
f 2078/2505/2061 2080/2507/2063 2081/2508/2064 2079/2506/2062
f 2080/2507/2063 2082/2509/2065 2083/2510/2066 2081/2508/2064
f 2082/2509/2065 2084/2511/2067 2085/2512/2068 2083/2510/2066
f 2084/2511/2067 2086/2513/2069 2087/2514/2070 2085/2512/2068
f 2086/2513/2069 2088/2515/2071 2089/2516/2072 2087/2514/2070
f 2088/2515/2071 2090/2517/2073 2091/2518/2074 2089/2516/2072
f 2090/2517/2073 2092/2519/2075 2093/2520/2076 2091/2518/2074
f 2092/2519/2075 2094/2521/2077 2095/2522/2078 2093/2520/2076
f 2094/2521/2077 2096/2523/2079 2097/2524/2080 2095/2522/2078
f 2096/2523/2079 2098/2525/2081 2099/2526/2082 2097/2524/2080
f 2098/2525/2081 2068/2527/2051 2071/2528/2054 2099/2526/2082
f 2092/2529/2075 2090/2530/2073 2100/2531/2083 2101/2532/2084
f 2090/2530/2073 2088/2533/2071 2102/2534/2085 2100/2531/2083
f 2088/2533/2071 2086/2535/2069 2103/2536/2086 2102/2534/2085
f 2086/2535/2069 2084/2537/2067 2104/2538/2087 2103/2536/2086
f 2084/2537/2067 2082/2539/2065 2105/2540/2088 2104/2538/2087
f 2082/2539/2065 2080/2541/2063 2106/2542/2089 2105/2540/2088
f 2080/2541/2063 2078/2543/2061 2107/2544/2090 2106/2542/2089
f 2078/2543/2061 2076/2545/2059 2108/2546/2091 2107/2544/2090
f 2076/2545/2059 2074/2547/2057 2109/2548/2092 2108/2546/2091
f 2074/2547/2057 2072/2549/2055 2110/2550/2093 2109/2548/2092
f 2072/2549/2055 2069/2551/2052 2111/2552/2094 2110/2550/2093
f 2069/2551/2052 2068/2553/2051 2112/2554/2095 2111/2552/2094
f 2068/2553/2051 2098/2555/2081 2113/2556/2096 2112/2554/2095
f 2098/2555/2081 2096/2557/2079 2114/2558/2097 2113/2556/2096
f 2096/2557/2079 2094/2559/2077 2115/2560/2098 2114/2558/2097
f 2094/2559/2077 2092/2529/2075 2101/2532/2084 2115/2560/2098
f 2070/2497/2053 2116/2561/2099 2117/2562/2100 2071/2498/2054
f 2073/2500/2056 2118/2563/2101 2116/2561/2099 2070/2497/2053
f 2075/2502/2058 2119/2564/2102 2118/2563/2101 2073/2500/2056
f 2077/2504/2060 2120/2565/2103 2119/2564/2102 2075/2502/2058
f 2079/2506/2062 2121/2566/2104 2120/2565/2103 2077/2504/2060
f 2081/2508/2064 2122/2567/2105 2121/2566/2104 2079/2506/2062
f 2083/2510/2066 2123/2568/2106 2122/2567/2105 2081/2508/2064
f 2085/2512/2068 2124/2569/2107 2123/2568/2106 2083/2510/2066
f 2087/2514/2070 2125/2570/2108 2124/2569/2107 2085/2512/2068
f 2089/2516/2072 2126/2571/2109 2125/2570/2108 2087/2514/2070
f 2091/2518/2074 2127/2572/2110 2126/2571/2109 2089/2516/2072
f 2093/2520/2076 2128/2573/2111 2127/2572/2110 2091/2518/2074
f 2095/2522/2078 2129/2574/2112 2128/2573/2111 2093/2520/2076
f 2097/2524/2080 2130/2575/2113 2129/2574/2112 2095/2522/2078
f 2099/2526/2082 2131/2576/2114 2130/2575/2113 2097/2524/2080
f 2071/2528/2054 2117/2577/2100 2131/2576/2114 2099/2526/2082
f 2132/2578/2115 2133/2579/2116 2101/2532/2084 2100/2531/2083
f 2134/2580/2117 2132/2578/2115 2100/2531/2083 2102/2534/2085
f 2135/2581/2118 2134/2580/2117 2102/2534/2085 2103/2536/2086
f 2136/2582/2119 2135/2581/2118 2103/2536/2086 2104/2538/2087
f 2105/2540/2088 2137/2583/2120 2136/2582/2119 2104/2538/2087
f 2106/2542/2089 2138/2584/2121 2137/2583/2120 2105/2540/2088
f 2107/2544/2090 2139/2585/2122 2138/2584/2121 2106/2542/2089
f 2108/2546/2091 2140/2586/2123 2139/2585/2122 2107/2544/2090
f 2109/2548/2092 2141/2587/2124 2140/2586/2123 2108/2546/2091
f 2110/2550/2093 2142/2588/2125 2141/2587/2124 2109/2548/2092
f 2111/2552/2094 2143/2589/2126 2142/2588/2125 2110/2550/2093
f 2112/2554/2095 2144/2590/2127 2143/2589/2126 2111/2552/2094
f 2145/2591/2128 2144/2590/2127 2112/2554/2095 2113/2556/2096
f 2146/2592/2129 2145/2591/2128 2113/2556/2096 2114/2558/2097
f 2147/2593/2130 2146/2592/2129 2114/2558/2097 2115/2560/2098
f 2133/2579/2116 2147/2593/2130 2115/2560/2098 2101/2532/2084
f 2116/2561/2099 2044/2470/2028 2043/2469/33 2117/2562/2100
f 2118/2563/2101 2045/2471/2029 2044/2470/2028 2116/2561/2099
f 2119/2564/2102 2046/2472/2030 2045/2471/2029 2118/2563/2101
f 2120/2565/2103 2047/2473/2031 2046/2472/2030 2119/2564/2102
f 2121/2566/2104 2048/2474/2032 2047/2473/2031 2120/2565/2103
f 2122/2567/2105 2049/2475/2033 2048/2474/2032 2121/2566/2104
f 2123/2568/2106 2050/2476/2034 2049/2475/2033 2122/2567/2105
f 2124/2569/2107 2051/2477/488 2050/2476/2034 2123/2568/2106
f 2125/2570/2108 2052/2478/2035 2051/2477/488 2124/2569/2107
f 2126/2571/2109 2053/2479/2036 2052/2478/2035 2125/2570/2108
f 2127/2572/2110 2054/2480/2037 2053/2479/2036 2126/2571/2109
f 2128/2573/2111 2055/2481/2038 2054/2480/2037 2127/2572/2110
f 2129/2574/2112 2056/2482/2039 2055/2481/2038 2128/2573/2111
f 2130/2575/2113 2057/2483/2040 2056/2482/2039 2129/2574/2112
f 2131/2576/2114 2058/2484/2041 2057/2483/2040 2130/2575/2113
f 2117/2577/2100 2043/2485/33 2058/2484/2041 2131/2576/2114
f 2136/2582/2119 2148/2594/2131 2149/2595/2132 2135/2581/2118
f 2149/2595/2132 2132/2578/2115 2134/2580/2117 2135/2581/2118
f 2149/2595/2132 2150/2596/2133 2133/2579/2116 2132/2578/2115
f 2148/2594/2131 2151/2597/2134 2150/2596/2133 2149/2595/2132
f 2140/2586/2123 2152/2598/2135 2153/2599/2136 2139/2585/2122
f 2138/2584/2121 2139/2585/2122 2153/2599/2136 2137/2583/2120
f 2153/2599/2136 2148/2594/2131 2136/2582/2119 2137/2583/2120
f 2152/2598/2135 2151/2597/2134 2148/2594/2131 2153/2599/2136
f 2144/2590/2127 2154/2600/2137 2155/2601/2138 2143/2589/2126
f 2142/2588/2125 2143/2589/2126 2155/2601/2138 2141/2587/2124
f 2155/2601/2138 2152/2598/2135 2140/2586/2123 2141/2587/2124
f 2154/2600/2137 2151/2597/2134 2152/2598/2135 2155/2601/2138
f 2133/2579/2116 2150/2596/2133 2156/2602/2139 2147/2593/2130
f 2156/2602/2139 2145/2591/2128 2146/2592/2129 2147/2593/2130
f 2156/2602/2139 2154/2600/2137 2144/2590/2127 2145/2591/2128
f 2150/2596/2133 2151/2597/2134 2154/2600/2137 2156/2602/2139
f 2157/2603/2140 2158/2604/2141 2159/2605/2142 2160/2606/2143
f 2158/2604/2141 2161/2607/2144 2162/2608/2145 2159/2605/2142
f 2161/2607/2144 2163/2609/2146 2164/2610/2147 2162/2608/2145
f 2163/2609/2146 2165/2611/2148 2166/2612/2149 2164/2610/2147
f 2165/2611/2148 2167/2613/2150 2168/2614/2151 2166/2612/2149
f 2167/2613/2150 2169/2615/2152 2170/2616/2153 2168/2614/2151
f 2169/2615/2152 2171/2617/2154 2172/2618/2155 2170/2616/2153
f 2171/2617/2154 2173/2619/2156 2174/2620/2157 2172/2618/2155
f 2173/2619/2156 2175/2621/2158 2176/2622/2159 2174/2620/2157
f 2175/2621/2158 2177/2623/2160 2178/2624/2161 2176/2622/2159
f 2177/2623/2160 2179/2625/2162 2180/2626/2163 2178/2624/2161
f 2179/2625/2162 2181/2627/2164 2182/2628/2165 2180/2626/2163
f 2181/2627/2164 2183/2629/2166 2184/2630/2167 2182/2628/2165
f 2183/2629/2166 2185/2631/2168 2186/2632/2169 2184/2630/2167
f 2185/2631/2168 2187/2633/2170 2188/2634/2171 2186/2632/2169
f 2187/2633/2170 2157/2635/2140 2160/2636/2143 2188/2634/2171
f 2181/2637/2164 2179/2638/2162 2189/2639/2172 2190/2640/2173
f 2179/2638/2162 2177/2641/2160 2191/2642/2174 2189/2639/2172
f 2177/2641/2160 2175/2643/2158 2192/2644/2175 2191/2642/2174
f 2175/2643/2158 2173/2645/2156 2193/2646/2176 2192/2644/2175
f 2173/2645/2156 2171/2647/2154 2194/2648/2177 2193/2646/2176
f 2171/2647/2154 2169/2649/2152 2195/2650/2178 2194/2648/2177
f 2169/2649/2152 2167/2651/2150 2196/2652/2179 2195/2650/2178
f 2167/2651/2150 2165/2653/2148 2197/2654/2180 2196/2652/2179
f 2165/2653/2148 2163/2655/2146 2198/2656/2181 2197/2654/2180
f 2163/2655/2146 2161/2657/2144 2199/2658/2182 2198/2656/2181
f 2161/2657/2144 2158/2659/2141 2200/2660/2183 2199/2658/2182
f 2158/2659/2141 2157/2661/2140 2201/2662/2184 2200/2660/2183
f 2157/2661/2140 2187/2663/2170 2202/2664/2185 2201/2662/2184
f 2187/2663/2170 2185/2665/2168 2203/2666/2186 2202/2664/2185
f 2185/2665/2168 2183/2667/2166 2204/2668/2187 2203/2666/2186
f 2183/2667/2166 2181/2637/2164 2190/2640/2173 2204/2668/2187
f 2159/2605/2142 2205/2669/2188 2206/2670/2189 2160/2606/2143
f 2162/2608/2145 2207/2671/2190 2205/2669/2188 2159/2605/2142
f 2164/2610/2147 2208/2672/2191 2207/2671/2190 2162/2608/2145
f 2166/2612/2149 2209/2673/2192 2208/2672/2191 2164/2610/2147
f 2168/2614/2151 2210/2674/2193 2209/2673/2192 2166/2612/2149
f 2170/2616/2153 2211/2675/2194 2210/2674/2193 2168/2614/2151
f 2172/2618/2155 2212/2676/2195 2211/2675/2194 2170/2616/2153
f 2174/2620/2157 2213/2677/2196 2212/2676/2195 2172/2618/2155
f 2176/2622/2159 2214/2678/2197 2213/2677/2196 2174/2620/2157
f 2178/2624/2161 2215/2679/2198 2214/2678/2197 2176/2622/2159
f 2180/2626/2163 2216/2680/2199 2215/2679/2198 2178/2624/2161
f 2182/2628/2165 2217/2681/2200 2216/2680/2199 2180/2626/2163
f 2184/2630/2167 2218/2682/2201 2217/2681/2200 2182/2628/2165
f 2186/2632/2169 2219/2683/2202 2218/2682/2201 2184/2630/2167
f 2188/2634/2171 2220/2684/2203 2219/2683/2202 2186/2632/2169
f 2160/2636/2143 2206/2685/2189 2220/2684/2203 2188/2634/2171
f 2221/2686/2204 2222/2687/2205 2190/2640/2173 2189/2639/2172
f 2223/2688/2206 2221/2686/2204 2189/2639/2172 2191/2642/2174
f 2224/2689/2207 2223/2688/2206 2191/2642/2174 2192/2644/2175
f 2225/2690/2208 2224/2689/2207 2192/2644/2175 2193/2646/2176
f 2194/2648/2177 2226/2691/2209 2225/2690/2208 2193/2646/2176
f 2195/2650/2178 2227/2692/2210 2226/2691/2209 2194/2648/2177
f 2196/2652/2179 2228/2693/2211 2227/2692/2210 2195/2650/2178
f 2197/2654/2180 2229/2694/2212 2228/2693/2211 2196/2652/2179
f 2198/2656/2181 2230/2695/2213 2229/2694/2212 2197/2654/2180
f 2199/2658/2182 2231/2696/2214 2230/2695/2213 2198/2656/2181
f 2200/2660/2183 2232/2697/2215 2231/2696/2214 2199/2658/2182
f 2201/2662/2184 2233/2698/2216 2232/2697/2215 2200/2660/2183
f 2234/2699/2217 2233/2698/2216 2201/2662/2184 2202/2664/2185
f 2235/2700/2218 2234/2699/2217 2202/2664/2185 2203/2666/2186
f 2236/2701/2219 2235/2700/2218 2203/2666/2186 2204/2668/2187
f 2222/2687/2205 2236/2701/2219 2204/2668/2187 2190/2640/2173
f 2205/2669/2188 2237/2702/2220 2238/2703/33 2206/2670/2189
f 2207/2671/2190 2239/2704/2221 2237/2702/2220 2205/2669/2188
f 2208/2672/2191 2240/2705/2222 2239/2704/2221 2207/2671/2190
f 2209/2673/2192 2241/2706/2223 2240/2705/2222 2208/2672/2191
f 2210/2674/2193 2242/2707/2224 2241/2706/2223 2209/2673/2192
f 2211/2675/2194 2243/2708/2225 2242/2707/2224 2210/2674/2193
f 2212/2676/2195 2244/2709/2226 2243/2708/2225 2211/2675/2194
f 2213/2677/2196 2245/2710/488 2244/2709/2226 2212/2676/2195
f 2214/2678/2197 2246/2711/2227 2245/2710/488 2213/2677/2196
f 2215/2679/2198 2247/2712/2228 2246/2711/2227 2214/2678/2197
f 2216/2680/2199 2248/2713/2229 2247/2712/2228 2215/2679/2198
f 2217/2681/2200 2249/2714/2230 2248/2713/2229 2216/2680/2199
f 2218/2682/2201 2250/2715/2231 2249/2714/2230 2217/2681/2200
f 2219/2683/2202 2251/2716/2232 2250/2715/2231 2218/2682/2201
f 2220/2684/2203 2252/2717/2233 2251/2716/2232 2219/2683/2202
f 2206/2685/2189 2238/2718/33 2252/2717/2233 2220/2684/2203
f 2225/2690/2208 2253/2719/2234 2254/2720/2235 2224/2689/2207
f 2254/2720/2235 2221/2686/2204 2223/2688/2206 2224/2689/2207
f 2254/2720/2235 2255/2721/2236 2222/2687/2205 2221/2686/2204
f 2253/2719/2234 2256/2722/2237 2255/2721/2236 2254/2720/2235
f 2229/2694/2212 2257/2723/2238 2258/2724/2239 2228/2693/2211
f 2227/2692/2210 2228/2693/2211 2258/2724/2239 2226/2691/2209
f 2258/2724/2239 2253/2719/2234 2225/2690/2208 2226/2691/2209
f 2257/2723/2238 2256/2722/2237 2253/2719/2234 2258/2724/2239
f 2233/2698/2216 2259/2725/2240 2260/2726/2241 2232/2697/2215
f 2231/2696/2214 2232/2697/2215 2260/2726/2241 2230/2695/2213
f 2260/2726/2241 2257/2723/2238 2229/2694/2212 2230/2695/2213
f 2259/2725/2240 2256/2722/2237 2257/2723/2238 2260/2726/2241
f 2222/2687/2205 2255/2721/2236 2261/2727/2242 2236/2701/2219
f 2261/2727/2242 2234/2699/2217 2235/2700/2218 2236/2701/2219
f 2261/2727/2242 2259/2725/2240 2233/2698/2216 2234/2699/2217
f 2255/2721/2236 2256/2722/2237 2259/2725/2240 2261/2727/2242
f 2262/2728/2243 2263/2729/2244 2264/2730/2245 2265/2731/2246
f 2266/2732/2247 2267/2733/2248 2263/2729/2244 2262/2728/2243
f 2268/2734/2249 2269/2735/2250 2267/2733/2248 2266/2732/2247
f 2270/2736/2251 2271/2737/2252 2269/2735/2250 2268/2734/2249
f 2272/2738/2253 2273/2739/2254 2271/2737/2252 2270/2736/2251
f 2274/2740/2255 2275/2741/2256 2273/2739/2254 2272/2738/2253
f 2276/2742/2257 2277/2743/2258 2275/2741/2256 2274/2740/2255
f 2278/2744/2259 2279/2745/2260 2277/2743/2258 2276/2742/2257
f 2280/2746/2261 2281/2747/2262 2279/2745/2260 2278/2744/2259
f 2282/2748/2263 2283/2749/2264 2281/2747/2262 2280/2746/2261
f 2284/2750/2265 2285/2751/2266 2283/2749/2264 2282/2748/2263
f 2286/2752/2267 2287/2753/2268 2285/2751/2266 2284/2750/2265
f 2288/2754/2269 2289/2755/2270 2287/2753/2268 2286/2752/2267
f 2290/2756/2271 2291/2757/2272 2289/2755/2270 2288/2754/2269
f 2292/2758/2273 2293/2759/2274 2291/2757/2272 2290/2756/2271
f 2265/2760/2246 2264/2761/2245 2293/2759/2274 2292/2758/2273
f 2294/2762/2275 2285/2763/2266 2287/2764/2268 2295/2765/2276
f 2296/2766/2277 2283/2767/2264 2285/2763/2266 2294/2762/2275
f 2297/2768/2278 2281/2769/2262 2283/2767/2264 2296/2766/2277
f 2298/2770/2279 2279/2771/2260 2281/2769/2262 2297/2768/2278
f 2299/2772/2280 2277/2773/2258 2279/2771/2260 2298/2770/2279
f 2300/2774/2281 2275/2775/2256 2277/2773/2258 2299/2772/2280
f 2301/2776/2282 2273/2777/2254 2275/2775/2256 2300/2774/2281
f 2302/2778/2283 2271/2779/2252 2273/2777/2254 2301/2776/2282
f 2303/2780/2284 2269/2781/2250 2271/2779/2252 2302/2778/2283
f 2304/2782/2285 2267/2783/2248 2269/2781/2250 2303/2780/2284
f 2305/2784/2286 2263/2785/2244 2267/2783/2248 2304/2782/2285
f 2306/2786/2287 2264/2787/2245 2263/2785/2244 2305/2784/2286
f 2307/2788/2288 2293/2789/2274 2264/2787/2245 2306/2786/2287
f 2308/2790/2289 2291/2791/2272 2293/2789/2274 2307/2788/2288
f 2309/2792/2290 2289/2793/2270 2291/2791/2272 2308/2790/2289
f 2295/2765/2276 2287/2764/2268 2289/2793/2270 2309/2792/2290
f 2310/2794/2291 2311/2795/2292 2262/2728/2243 2265/2731/2246
f 2311/2795/2292 2312/2796/2293 2266/2732/2247 2262/2728/2243
f 2312/2796/2293 2313/2797/2294 2268/2734/2249 2266/2732/2247
f 2313/2797/2294 2314/2798/2295 2270/2736/2251 2268/2734/2249
f 2314/2798/2295 2315/2799/2296 2272/2738/2253 2270/2736/2251
f 2315/2799/2296 2316/2800/2297 2274/2740/2255 2272/2738/2253
f 2316/2800/2297 2317/2801/2298 2276/2742/2257 2274/2740/2255
f 2317/2801/2298 2318/2802/2299 2278/2744/2259 2276/2742/2257
f 2318/2802/2299 2319/2803/2300 2280/2746/2261 2278/2744/2259
f 2319/2803/2300 2320/2804/2301 2282/2748/2263 2280/2746/2261
f 2320/2804/2301 2321/2805/2302 2284/2750/2265 2282/2748/2263
f 2321/2805/2302 2322/2806/2303 2286/2752/2267 2284/2750/2265
f 2322/2806/2303 2323/2807/2304 2288/2754/2269 2286/2752/2267
f 2323/2807/2304 2324/2808/2305 2290/2756/2271 2288/2754/2269
f 2324/2808/2305 2325/2809/2306 2292/2758/2273 2290/2756/2271
f 2325/2809/2306 2310/2810/2291 2265/2760/2246 2292/2758/2273
f 2295/2765/2276 2326/2811/2307 2327/2812/2308 2294/2762/2275
f 2294/2762/2275 2327/2812/2308 2328/2813/2309 2296/2766/2277
f 2296/2766/2277 2328/2813/2309 2329/2814/2310 2297/2768/2278
f 2297/2768/2278 2329/2814/2310 2330/2815/2311 2298/2770/2279
f 2330/2815/2311 2331/2816/2312 2299/2772/2280 2298/2770/2279
f 2331/2816/2312 2332/2817/2313 2300/2774/2281 2299/2772/2280
f 2332/2817/2313 2333/2818/2314 2301/2776/2282 2300/2774/2281
f 2333/2818/2314 2334/2819/2315 2302/2778/2283 2301/2776/2282
f 2334/2819/2315 2335/2820/2316 2303/2780/2284 2302/2778/2283
f 2335/2820/2316 2336/2821/2317 2304/2782/2285 2303/2780/2284
f 2336/2821/2317 2337/2822/2318 2305/2784/2286 2304/2782/2285
f 2337/2822/2318 2338/2823/2319 2306/2786/2287 2305/2784/2286
f 2306/2786/2287 2338/2823/2319 2339/2824/2320 2307/2788/2288
f 2307/2788/2288 2339/2824/2320 2340/2825/2321 2308/2790/2289
f 2308/2790/2289 2340/2825/2321 2341/2826/2322 2309/2792/2290
f 2309/2792/2290 2341/2826/2322 2326/2811/2307 2295/2765/2276
f 2238/2703/33 2237/2702/2220 2311/2795/2292 2310/2794/2291
f 2237/2702/2220 2239/2704/2221 2312/2796/2293 2311/2795/2292
f 2239/2704/2221 2240/2705/2222 2313/2797/2294 2312/2796/2293
f 2240/2705/2222 2241/2706/2223 2314/2798/2295 2313/2797/2294
f 2241/2706/2223 2242/2707/2224 2315/2799/2296 2314/2798/2295
f 2242/2707/2224 2243/2708/2225 2316/2800/2297 2315/2799/2296
f 2243/2708/2225 2244/2709/2226 2317/2801/2298 2316/2800/2297
f 2244/2709/2226 2245/2710/488 2318/2802/2299 2317/2801/2298
f 2245/2710/488 2246/2711/2227 2319/2803/2300 2318/2802/2299
f 2246/2711/2227 2247/2712/2228 2320/2804/2301 2319/2803/2300
f 2247/2712/2228 2248/2713/2229 2321/2805/2302 2320/2804/2301
f 2248/2713/2229 2249/2714/2230 2322/2806/2303 2321/2805/2302
f 2249/2714/2230 2250/2715/2231 2323/2807/2304 2322/2806/2303
f 2250/2715/2231 2251/2716/2232 2324/2808/2305 2323/2807/2304
f 2251/2716/2232 2252/2717/2233 2325/2809/2306 2324/2808/2305
f 2252/2717/2233 2238/2718/33 2310/2810/2291 2325/2809/2306
f 2342/2827/2323 2343/2828/2324 2330/2815/2311 2329/2814/2310
f 2328/2813/2309 2327/2812/2308 2342/2827/2323 2329/2814/2310
f 2326/2811/2307 2344/2829/2325 2342/2827/2323 2327/2812/2308
f 2344/2829/2325 2345/2830/2326 2343/2828/2324 2342/2827/2323
f 2346/2831/2327 2347/2832/2328 2334/2819/2315 2333/2818/2314
f 2346/2831/2327 2333/2818/2314 2332/2817/2313 2331/2816/2312
f 2330/2815/2311 2343/2828/2324 2346/2831/2327 2331/2816/2312
f 2343/2828/2324 2345/2830/2326 2347/2832/2328 2346/2831/2327
f 2348/2833/2329 2349/2834/2330 2338/2823/2319 2337/2822/2318
f 2348/2833/2329 2337/2822/2318 2336/2821/2317 2335/2820/2316
f 2334/2819/2315 2347/2832/2328 2348/2833/2329 2335/2820/2316
f 2347/2832/2328 2345/2830/2326 2349/2834/2330 2348/2833/2329
f 2350/2835/2331 2344/2829/2325 2326/2811/2307 2341/2826/2322
f 2340/2825/2321 2339/2824/2320 2350/2835/2331 2341/2826/2322
f 2338/2823/2319 2349/2834/2330 2350/2835/2331 2339/2824/2320
f 2349/2834/2330 2345/2830/2326 2344/2829/2325 2350/2835/2331
f 2367/1487/1383 2369/1486/1382 2371/2836/2332 2368/2837/2333
f 2368/2838/2333 2371/2839/2332 2370/1492/1387 2366/1491/1386
f 2379/1829/1655 2381/1503/1393 2383/2840/2334 2380/2841/2335
f 2380/2842/2335 2383/2843/2334 2382/1500/1391 2378/1498/1390
f 2391/1508/1397 2393/1830/1656 2395/2844/2336 2392/2845/2337
f 2392/2846/2337 2395/2847/2336 2394/1517/1403 2390/1514/1402
f 2381/1503/1393 2384/1502/1392 2386/2848/2338 2383/2840/2334
f 2383/2843/2334 2386/2849/2338 2385/1506/1396 2382/1500/1391
f 2369/1486/1382 2372/1828/1654 2374/2850/2339 2371/2836/2332
f 2371/2839/2332 2374/2851/2339 2373/1494/1388 2370/1492/1387
f 2393/1830/1656 2396/1831/1657 2398/2852/2340 2395/2844/2336
f 2395/2847/2336 2398/2853/2340 2397/1477/1375 2394/1517/1403
f 2358/1472/1370 2360/1518/1404 2362/2854/2341 2359/2855/2342
f 2359/2856/2342 2362/2857/2341 2361/1482/1379 2357/1481/1378
f 2360/1518/1404 2363/1836/1661 2365/2858/2343 2362/2854/2341
f 2362/2857/2341 2365/2859/2343 2364/1484/1380 2361/1482/1379
f 2372/1828/1654 2375/1827/1653 2377/2860/2344 2374/2850/2339
f 2374/2851/2339 2377/2861/2344 2376/1497/1389 2373/1494/1388
f 2384/1502/1392 2387/1509/1398 2389/2862/2345 2386/2848/2338
f 2386/2849/2338 2389/2863/2345 2388/1513/1401 2385/1506/1396
f 2375/1827/1653 2379/1829/1655 2380/2841/2335 2377/2860/2344
f 2377/2861/2344 2380/2842/2335 2378/1498/1390 2376/1497/1389
f 2363/1836/1661 2367/1487/1383 2368/2837/2333 2365/2858/2343
f 2365/2859/2343 2368/2838/2333 2366/1491/1386 2364/1484/1380
f 2352/1834/1659 2354/1478/1376 2356/2864/2346 2353/2865/2347
f 2353/2866/2347 2356/2867/2346 2355/1833/1658 2351/1473/1371
f 2351/1473/1371 2358/1472/1370 2359/2855/2342 2353/2866/2347
f 2353/2865/2347 2359/2856/2342 2357/1481/1378 2352/1834/1659
f 2387/1509/1398 2391/1508/1397 2392/2845/2337 2389/2862/2345
f 2389/2863/2345 2392/2846/2337 2390/1514/1402 2388/1513/1401
f 2354/1478/1376 2397/1477/1375 2398/2853/2340 2356/2864/2346
f 2356/2868/2346 2398/2852/2340 2396/1831/1657 2355/1832/1658
f 1177/1835/1660 2352/1834/1659 2357/1481/1378 1178/1480/1377
o Old_Copper_Jug_Cover
v -0.010000 0.219500 0.000000
v 0.000000 0.219500 0.000000
v 0.011850 0.219000 0.000000
v 0.023700 0.218500 0.000000
v 0.041400 0.198400 0.000000
v 0.040346 0.195854 0.000000
v 0.037800 0.194800 0.000000
v 0.035254 0.195854 0.000000
v 0.034200 0.198400 0.000000
v 0.023200 0.216700 0.000000
v 0.011600 0.216700 0.000000
v 0.000000 0.216700 0.000000
v -0.010000 0.216700 0.000000
v 0.037800 0.198400 0.002400
v 0.023450 0.217600 0.004620
v 0.011725 0.217850 0.008400
v 0.000000 0.218100 0.008400
v -0.010000 0.218100 0.008400
v -0.015940 0.218100 0.005940
v -0.018400 0.218100 0.000000
v -0.015940 0.218100 -0.005940
v -0.010000 0.218100 -0.008400
v 0.000000 0.218100 -0.008400
v 0.011725 0.217850 -0.008400
v 0.023450 0.217600 -0.004620
v 0.037800 0.198400 -0.002400
v 0.033111 0.205575 0.000000
v 0.035925 0.206543 -0.002400
v 0.035925 0.206543 0.002400
v 0.038738 0.207511 0.000000
v 0.030687 0.213072 -0.003510
v 0.032012 0.214281 0.000000
v 0.030687 0.213072 0.003510
v 0.029362 0.211862 0.000000
v 0.026100 0.209200 0.000000
v 0.026334 0.209766 0.000000
v 0.024330 0.209766 0.010078
v 0.024113 0.209200 0.009988
v 0.018621 0.209766 0.018621
v 0.018455 0.209200 0.018456
v 0.010078 0.209766 0.024330
v 0.009988 0.209200 0.024113
v 0.000000 0.209766 0.026334
v 0.000000 0.209200 0.026100
v -0.010078 0.209766 0.024330
v -0.009988 0.209200 0.024113
v -0.018621 0.209766 0.018621
v -0.018455 0.209200 0.018456
v -0.024330 0.209766 0.010078
v -0.024113 0.209200 0.009988
v -0.026334 0.209766 0.000000
v -0.026100 0.209200 0.000000
v -0.024330 0.209766 -0.010078
v -0.024113 0.209200 -0.009988
v -0.018621 0.209766 -0.018621
v -0.018455 0.209200 -0.018455
v -0.010078 0.209766 -0.024330
v -0.009988 0.209200 -0.024113
v 0.000000 0.209766 -0.026334
v 0.000000 0.209200 -0.026100
v 0.010078 0.209766 -0.024330
v 0.009988 0.209200 -0.024113
v 0.018621 0.209766 -0.018621
v 0.018455 0.209200 -0.018455
v 0.024330 0.209766 -0.010078
v 0.024113 0.209200 -0.009988
v 0.024852 0.210000 0.010294
v 0.026900 0.210000 0.000000
v 0.019021 0.210000 0.019021
v 0.010294 0.210000 0.024852
v 0.000000 0.210000 0.026900
v -0.010294 0.210000 0.024852
v -0.019021 0.210000 0.019021
v -0.024852 0.210000 0.010294
v -0.026900 0.210000 0.000000
v -0.024852 0.210000 -0.010294
v -0.019021 0.210000 -0.019021
v -0.010294 0.210000 -0.024852
v 0.000000 0.210000 -0.026900
v 0.010294 0.210000 -0.024852
v 0.019021 0.210000 -0.019021
v 0.024852 0.210000 -0.010294
v 0.010792 0.211500 0.026053
v 0.011008 0.211266 0.026576
v 0.020340 0.211266 0.020340
v 0.019940 0.211500 0.019940
v 0.026576 0.211266 0.011008
v 0.026053 0.211500 0.010792
v 0.028766 0.211266 0.000000
v 0.028200 0.211500 0.000000
v 0.026576 0.211266 -0.011008
v 0.026053 0.211500 -0.010792
v 0.020340 0.211266 -0.020340
v 0.019940 0.211500 -0.019940
v 0.011008 0.211266 -0.026576
v 0.010792 0.211500 -0.026053
v 0.000000 0.211266 -0.028766
v 0.000000 0.211500 -0.028200
v -0.011008 0.211266 -0.026576
v -0.010792 0.211500 -0.026053
v -0.020340 0.211266 -0.020340
v -0.019940 0.211500 -0.019940
v -0.026576 0.211266 -0.011008
v -0.026053 0.211500 -0.010792
v -0.028766 0.211266 0.000000
v -0.028200 0.211500 0.000000
v -0.026576 0.211266 0.011008
v -0.026053 0.211500 0.010792
v -0.020340 0.211266 0.020340
v -0.019940 0.211500 0.019940
v -0.011008 0.211266 0.026576
v -0.010792 0.211500 0.026053
v 0.000000 0.211266 0.028766
v 0.000000 0.211500 0.028200
v 0.020506 0.210700 -0.020506
v 0.026793 0.210700 -0.011098
v 0.011098 0.210700 -0.026792
v 0.000000 0.210700 -0.029000
v -0.011098 0.210700 -0.026792
v -0.020506 0.210700 -0.020506
v -0.026793 0.210700 -0.011098
v -0.029000 0.210700 0.000000
v -0.026793 0.210700 0.011098
v -0.020506 0.210700 0.020506
v -0.011098 0.210700 0.026793
v 0.000000 0.210700 0.029000
v 0.011098 0.210700 0.026793
v 0.020506 0.210700 0.020506
v 0.026793 0.210700 0.011098
v 0.029000 0.210700 0.000000
v 0.016971 0.211500 0.016971
v 0.009184 0.211500 0.022173
v 0.022173 0.211500 0.009184
v 0.024000 0.211500 0.000000
v 0.022173 0.211500 -0.009184
v 0.016971 0.211500 -0.016971
v 0.009184 0.211500 -0.022173
v 0.000000 0.211500 -0.024000
v -0.009184 0.211500 -0.022173
v -0.016971 0.211500 -0.016971
v -0.022173 0.211500 -0.009184
v -0.024000 0.211500 0.000000
v -0.022173 0.211500 0.009184
v -0.016971 0.211500 0.016971
v -0.009184 0.211500 0.022173
v 0.000000 0.211500 0.024000
v 0.016571 0.211734 0.016571
v 0.008968 0.211734 0.021651
v 0.021651 0.211734 0.008968
v 0.023434 0.211734 0.000000
v 0.021651 0.211734 -0.008968
v 0.016571 0.211734 -0.016571
v 0.008968 0.211734 -0.021650
v 0.000000 0.211734 -0.023434
v -0.008968 0.211734 -0.021650
v -0.016571 0.211734 -0.016571
v -0.021651 0.211734 -0.008968
v -0.023434 0.211734 0.000000
v -0.021651 0.211734 0.008968
v -0.016571 0.211734 0.016571
v -0.008968 0.211734 0.021651
v 0.000000 0.211734 0.023434
v 0.008878 0.215700 0.021434
v 0.008789 0.216266 0.021218
v 0.000000 0.216266 0.022966
v 0.000000 0.215700 0.023200
v 0.000000 0.212300 0.023200
v 0.008878 0.212300 0.021434
v 0.016405 0.215700 0.016405
v 0.016239 0.216266 0.016239
v 0.016405 0.212300 0.016405
v 0.021434 0.215700 0.008878
v 0.021218 0.216266 0.008789
v 0.021434 0.212300 0.008878
v 0.023200 0.215700 0.000000
v 0.022966 0.216266 0.000000
v 0.023200 0.212300 0.000000
v 0.021434 0.215700 -0.008878
v 0.021218 0.216266 -0.008789
v 0.021434 0.212300 -0.008878
v 0.016405 0.215700 -0.016405
v 0.016239 0.216266 -0.016239
v 0.016405 0.212300 -0.016405
v 0.008878 0.215700 -0.021434
v 0.008789 0.216266 -0.021217
v 0.008878 0.212300 -0.021434
v 0.000000 0.215700 -0.023200
v 0.000000 0.216266 -0.022966
v 0.000000 0.212300 -0.023200
v -0.008878 0.212300 -0.021434
v -0.008878 0.215700 -0.021434
v -0.008789 0.216266 -0.021217
v -0.016405 0.212300 -0.016405
v -0.016405 0.215700 -0.016405
v -0.016239 0.216266 -0.016239
v -0.021434 0.212300 -0.008878
v -0.021434 0.215700 -0.008878
v -0.021218 0.216266 -0.008789
v -0.023200 0.212300 0.000000
v -0.023200 0.215700 0.000000
v -0.022966 0.216266 0.000000
v -0.021434 0.212300 0.008878
v -0.021434 0.215700 0.008878
v -0.021218 0.216266 0.008789
v -0.016405 0.212300 0.016405
v -0.016405 0.215700 0.016405
v -0.016239 0.216266 0.016239
v -0.008878 0.212300 0.021434
v -0.008878 0.215700 0.021434
v -0.008789 0.216266 0.021218
v 0.008572 0.216500 0.020695
v 0.015839 0.216500 0.015839
v 0.020695 0.216500 0.008572
v 0.022400 0.216500 0.000000
v 0.020695 0.216500 -0.008572
v 0.015839 0.216500 -0.015839
v 0.008572 0.216500 -0.020695
v 0.000000 0.216500 -0.022400
v -0.008572 0.216500 -0.020695
v -0.015839 0.216500 -0.015839
v -0.020695 0.216500 -0.008572
v -0.022400 0.216500 0.000000
v -0.020695 0.216500 0.008572
v -0.015839 0.216500 0.015839
v -0.008572 0.216500 0.020695
v 0.000000 0.216500 0.022400
v -0.000000 0.216500 -0.008164
v -0.000000 0.216500 0.000000
v 0.008164 0.216500 0.000000
v 0.007519 0.216500 -0.007519
v -0.000000 0.216500 -0.015132
v 0.006874 0.216500 -0.013936
v 0.011755 0.216500 -0.011755
v 0.013936 0.216500 -0.006874
v 0.015132 0.216500 0.000000
v -0.008164 0.216500 0.000000
v -0.007519 0.216500 -0.007519
v -0.015132 0.216500 0.000000
v -0.013936 0.216500 -0.006874
v -0.006874 0.216500 -0.013936
v -0.011755 0.216500 -0.011755
v -0.000000 0.216500 0.008164
v -0.007519 0.216500 0.007519
v -0.000000 0.216500 0.015132
v -0.006874 0.216500 0.013936
v -0.013936 0.216500 0.006874
v -0.011755 0.216500 0.011755
v 0.007519 0.216500 0.007519
v 0.013936 0.216500 0.006874
v 0.011755 0.216500 0.011755
v 0.006874 0.216500 0.013936
v 0.006652 0.215200 -0.006652
v 0.006652 0.215200 0.000000
v 0.000000 0.215200 0.000000
v 0.000000 0.215200 -0.006652
v -0.006652 0.215200 0.000000
v -0.006652 0.215200 -0.006652
v 0.000000 0.215200 0.006653
v 0.006652 0.215200 0.006653
v -0.006652 0.215200 0.006653
v 0.010100 0.214041 0.001586
v 0.010100 0.213900 0.000000
v 0.011686 0.214041 0.000000
v 0.011561 0.214136 0.001461
v 0.010100 0.214481 0.002940
v 0.011436 0.214505 0.002708
v 0.012384 0.214708 0.002284
v 0.012808 0.214505 0.001336
v 0.013040 0.214481 0.000000
v 0.008514 0.214041 0.000000
v 0.008639 0.214136 0.001461
v 0.007160 0.214481 0.000000
v 0.007392 0.214505 0.001336
v 0.008764 0.214505 0.002708
v 0.007816 0.214708 0.002284
v 0.010100 0.214041 -0.001586
v 0.008639 0.214136 -0.001461
v 0.010100 0.214481 -0.002940
v 0.008764 0.214505 -0.002708
v 0.007392 0.214505 -0.001336
v 0.007816 0.214708 -0.002284
v 0.011561 0.214136 -0.001461
v 0.012808 0.214505 -0.001336
v 0.012384 0.214708 -0.002284
v 0.011436 0.214505 -0.002708
v 0.010902 0.217000 0.001936
v 0.010100 0.217000 0.002102
v 0.010100 0.215234 0.002102
v 0.010902 0.215234 0.001936
v 0.011586 0.217000 0.001486
v 0.011586 0.215234 0.001486
v 0.012036 0.217000 0.000802
v 0.012036 0.215234 0.000802
v 0.012202 0.217000 0.000000
v 0.012202 0.215234 0.000000
v 0.012036 0.217000 -0.000802
v 0.012036 0.215234 -0.000802
v 0.011586 0.217000 -0.001486
v 0.011586 0.215234 -0.001486
v 0.010902 0.217000 -0.001936
v 0.010902 0.215234 -0.001936
v 0.010100 0.217000 -0.002102
v 0.010100 0.215234 -0.002102
v 0.009298 0.217000 -0.001936
v 0.009298 0.215234 -0.001936
v 0.008614 0.217000 -0.001486
v 0.008614 0.215234 -0.001486
v 0.008164 0.217000 -0.000802
v 0.008164 0.215234 -0.000802
v 0.007998 0.217000 0.000000
v 0.007998 0.215234 0.000000
v 0.008164 0.217000 0.000802
v 0.008164 0.215234 0.000802
v 0.008614 0.217000 0.001486
v 0.008614 0.215234 0.001486
v 0.009298 0.217000 0.001936
v 0.009298 0.215234 0.001936
v 0.013337 0.214976 0.001417
v 0.013631 0.214982 0.000000
v 0.012600 0.214976 0.002500
v 0.011517 0.214976 0.003237
v 0.010100 0.214982 0.003531
v 0.008683 0.214976 0.003237
v 0.007600 0.214976 0.002500
v 0.006863 0.214976 0.001417
v 0.006569 0.214982 0.000000
v 0.006863 0.214976 -0.001417
v 0.007600 0.214976 -0.002500
v 0.008683 0.214976 -0.003237
v 0.010100 0.214982 -0.003531
v 0.011517 0.214976 -0.003237
v 0.012600 0.214976 -0.002500
v 0.013337 0.214976 -0.001417
v 0.010100 0.215234 0.003442
v 0.011413 0.215234 0.003169
v 0.012534 0.215234 0.002434
v 0.013269 0.215234 0.001313
v 0.013542 0.215234 0.000000
v 0.013269 0.215234 -0.001313
v 0.012534 0.215234 -0.002434
v 0.011413 0.215234 -0.003169
v 0.010100 0.215234 -0.003442
v 0.008787 0.215234 -0.003169
v 0.007666 0.215234 -0.002434
v 0.006931 0.215234 -0.001313
v 0.006658 0.215234 0.000000
v 0.006931 0.215234 0.001313
v 0.007666 0.215234 0.002434
v 0.008787 0.215234 0.003169
v 0.013729 0.215160 0.000000
v 0.013437 0.215159 0.001405
v 0.012667 0.215159 0.002567
v 0.011505 0.215159 0.003337
v 0.010100 0.215160 0.003629
v 0.008695 0.215159 0.003337
v 0.007533 0.215159 0.002567
v 0.006763 0.215159 0.001405
v 0.006471 0.215160 0.000000
v 0.006763 0.215159 -0.001405
v 0.007533 0.215159 -0.002567
v 0.008695 0.215159 -0.003337
v 0.010100 0.215160 -0.003629
v 0.011505 0.215159 -0.003337
v 0.012667 0.215159 -0.002567
v 0.013437 0.215159 -0.001405
v 0.011702 0.220253 0.000000
v 0.010122 0.220450 0.000000
v 0.010117 0.220309 0.001586
v 0.011574 0.220164 0.001461
v 0.010101 0.219869 0.002940
v 0.011435 0.219799 0.002708
v 0.012376 0.219563 0.002284
v 0.012807 0.219751 0.001336
v 0.013040 0.219767 0.000000
v 0.008531 0.220364 0.000000
v 0.008653 0.220266 0.001461
v 0.007163 0.219972 0.000000
v 0.007394 0.219940 0.001336
v 0.007811 0.219723 0.002284
v 0.008766 0.219893 0.002708
v 0.010117 0.220309 -0.001586
v 0.008653 0.220266 -0.001461
v 0.010101 0.219869 -0.002940
v 0.008766 0.219893 -0.002708
v 0.007811 0.219723 -0.002284
v 0.007394 0.219940 -0.001336
v 0.011574 0.220164 -0.001461
v 0.012807 0.219751 -0.001336
v 0.012376 0.219563 -0.002284
v 0.011435 0.219799 -0.002708
v 0.010075 0.219117 0.002102
v 0.010876 0.219089 0.001936
v 0.011560 0.219065 0.001486
v 0.012010 0.219049 0.000802
v 0.012176 0.219043 0.000000
v 0.012010 0.219049 -0.000802
v 0.011560 0.219065 -0.001486
v 0.010876 0.219089 -0.001936
v 0.010075 0.219117 -0.002102
v 0.009274 0.219145 -0.001936
v 0.008590 0.219169 -0.001486
v 0.008141 0.219184 -0.000802
v 0.007975 0.219190 0.000000
v 0.008141 0.219184 0.000802
v 0.008590 0.219169 0.001486
v 0.009274 0.219145 0.001936
v 0.013319 0.219262 0.001417
v 0.013613 0.219246 0.000000
v 0.012583 0.219287 0.002500
v 0.011500 0.219326 0.003237
v 0.010084 0.219369 0.003531
v 0.008668 0.219424 0.003237
v 0.007585 0.219462 0.002500
v 0.006849 0.219488 0.001417
v 0.006555 0.219492 0.000000
v 0.006849 0.219488 -0.001417
v 0.007585 0.219462 -0.002500
v 0.008668 0.219424 -0.003237
v 0.010084 0.219369 -0.003531
v 0.011500 0.219326 -0.003237
v 0.012583 0.219287 -0.002500
v 0.013319 0.219262 -0.001417
v 0.010075 0.219117 0.003442
v 0.011387 0.219071 0.003169
v 0.012508 0.219032 0.002434
v 0.013242 0.219006 0.001313
v 0.013515 0.218997 0.000000
v 0.013242 0.219006 -0.001313
v 0.012508 0.219032 -0.002434
v 0.011387 0.219071 -0.003169
v 0.010075 0.219117 -0.003442
v 0.008763 0.219163 -0.003169
v 0.007643 0.219202 -0.002434
v 0.006908 0.219227 -0.001313
v 0.006635 0.219237 0.000000
v 0.006908 0.219227 0.001313
v 0.007643 0.219202 0.002434
v 0.008763 0.219163 0.003169
v 0.013413 0.219076 0.001405
v 0.013704 0.219064 0.000000
v 0.012643 0.219103 0.002567
v 0.011482 0.219143 0.003337
v 0.010078 0.219191 0.003629
v 0.008674 0.219241 0.003337
v 0.007512 0.219282 0.002567
v 0.006743 0.219309 0.001405
v 0.006451 0.219317 0.000000
v 0.006743 0.219309 -0.001405
v 0.007512 0.219282 -0.002567
v 0.008674 0.219241 -0.003337
v 0.010078 0.219191 -0.003629
v 0.011482 0.219143 -0.003337
v 0.012643 0.219103 -0.002567
v 0.013413 0.219076 -0.001405
v -0.005539 0.220117 0.000000
v -0.005878 0.220117 -0.001707
v -0.006090 0.220725 -0.001620
v -0.005768 0.220725 0.000000
v -0.007063 0.221680 0.000000
v -0.007286 0.221680 -0.001124
v -0.008012 0.223201 -0.000823
v -0.007848 0.223201 0.000000
v -0.007618 0.224823 -0.000987
v -0.007421 0.224823 0.000000
v -0.006602 0.226044 -0.001408
v -0.006322 0.226044 0.000000
v -0.005989 0.227220 -0.001661
v -0.005659 0.227220 0.000000
v -0.005882 0.227964 -0.001706
v -0.005543 0.227964 0.000000
v -0.005984 0.228351 -0.001664
v -0.005653 0.228351 0.000000
v -0.006812 0.228692 -0.001321
v -0.006549 0.228692 0.000000
v -0.006880 0.229031 -0.001292
v -0.006623 0.229031 0.000000
v -0.006845 0.220117 -0.003155
v -0.007007 0.220725 -0.002993
v -0.007923 0.221680 -0.002077
v -0.008478 0.223201 -0.001521
v -0.008177 0.224823 -0.001823
v -0.007399 0.226044 -0.002601
v -0.006930 0.227220 -0.003070
v -0.006848 0.227964 -0.003152
v -0.006926 0.228351 -0.003074
v -0.007560 0.228692 -0.002440
v -0.007612 0.229031 -0.002388
v -0.008293 0.220117 -0.004122
v -0.008380 0.220725 -0.003910
v -0.008876 0.221680 -0.002714
v -0.009177 0.223201 -0.001988
v -0.009013 0.224823 -0.002382
v -0.008592 0.226044 -0.003398
v -0.008339 0.227220 -0.004011
v -0.008294 0.227964 -0.004118
v -0.008336 0.228351 -0.004016
v -0.008679 0.228692 -0.003188
v -0.008708 0.229031 -0.003120
v -0.010000 0.220117 -0.004461
v -0.010000 0.220725 -0.004232
v -0.010000 0.221680 -0.002937
v -0.010000 0.223201 -0.002152
v -0.010000 0.224823 -0.002579
v -0.010000 0.226044 -0.003678
v -0.010000 0.227220 -0.004341
v -0.010000 0.227964 -0.004457
v -0.010000 0.228351 -0.004347
v -0.010000 0.228692 -0.003451
v -0.010000 0.229031 -0.003377
v -0.011707 0.220117 -0.004122
v -0.011620 0.220725 -0.003910
v -0.011124 0.221680 -0.002714
v -0.010823 0.223201 -0.001988
v -0.010987 0.224823 -0.002382
v -0.011408 0.226044 -0.003398
v -0.011661 0.227220 -0.004011
v -0.011706 0.227964 -0.004118
v -0.011664 0.228351 -0.004016
v -0.011321 0.228692 -0.003188
v -0.011292 0.229031 -0.003120
v -0.013155 0.220117 -0.003155
v -0.012993 0.220725 -0.002993
v -0.012077 0.221680 -0.002077
v -0.011521 0.223201 -0.001521
v -0.011823 0.224823 -0.001823
v -0.012601 0.226044 -0.002601
v -0.013070 0.227220 -0.003070
v -0.013152 0.227964 -0.003152
v -0.013074 0.228351 -0.003074
v -0.012440 0.228692 -0.002440
v -0.012388 0.229031 -0.002388
v -0.014122 0.220117 -0.001707
v -0.013910 0.220725 -0.001620
v -0.012714 0.221680 -0.001124
v -0.011988 0.223201 -0.000823
v -0.012382 0.224823 -0.000987
v -0.013398 0.226044 -0.001408
v -0.014011 0.227220 -0.001661
v -0.014118 0.227964 -0.001706
v -0.014016 0.228351 -0.001664
v -0.013188 0.228692 -0.001321
v -0.013120 0.229031 -0.001292
v -0.014461 0.220117 0.000000
v -0.014232 0.220725 0.000000
v -0.012937 0.221680 0.000000
v -0.012152 0.223201 0.000000
v -0.012579 0.224823 0.000000
v -0.013678 0.226044 0.000000
v -0.014341 0.227220 0.000000
v -0.014457 0.227964 0.000000
v -0.014347 0.228351 0.000000
v -0.013451 0.228692 0.000000
v -0.013377 0.229031 0.000000
v -0.014122 0.220117 0.001707
v -0.013910 0.220725 0.001620
v -0.012714 0.221680 0.001124
v -0.011988 0.223201 0.000823
v -0.012382 0.224823 0.000987
v -0.013398 0.226044 0.001408
v -0.014011 0.227220 0.001661
v -0.014118 0.227964 0.001706
v -0.014016 0.228351 0.001664
v -0.013188 0.228692 0.001321
v -0.013120 0.229031 0.001292
v -0.013155 0.220117 0.003155
v -0.012993 0.220725 0.002993
v -0.012077 0.221680 0.002077
v -0.011521 0.223201 0.001522
v -0.011823 0.224823 0.001824
v -0.012601 0.226044 0.002601
v -0.013070 0.227220 0.003070
v -0.013152 0.227964 0.003152
v -0.013074 0.228351 0.003074
v -0.012440 0.228692 0.002440
v -0.012388 0.229031 0.002388
v -0.011707 0.220117 0.004122
v -0.011620 0.220725 0.003910
v -0.011124 0.221680 0.002714
v -0.010823 0.223201 0.001988
v -0.010987 0.224823 0.002383
v -0.011408 0.226044 0.003398
v -0.011661 0.227220 0.004011
v -0.011706 0.227964 0.004118
v -0.011664 0.228351 0.004016
v -0.011321 0.228692 0.003188
v -0.011292 0.229031 0.003120
v -0.010000 0.220117 0.004462
v -0.010000 0.220725 0.004232
v -0.010000 0.221680 0.002937
v -0.010000 0.223201 0.002152
v -0.010000 0.224823 0.002579
v -0.010000 0.226044 0.003678
v -0.010000 0.227220 0.004341
v -0.010000 0.227964 0.004457
v -0.010000 0.228351 0.004347
v -0.010000 0.228692 0.003451
v -0.010000 0.229031 0.003377
v -0.008293 0.220117 0.004122
v -0.008380 0.220725 0.003910
v -0.008876 0.221680 0.002714
v -0.009177 0.223201 0.001988
v -0.009013 0.224823 0.002383
v -0.008592 0.226044 0.003398
v -0.008339 0.227220 0.004011
v -0.008294 0.227964 0.004118
v -0.008336 0.228351 0.004016
v -0.008679 0.228692 0.003188
v -0.008708 0.229031 0.003120
v -0.006845 0.220117 0.003155
v -0.007007 0.220725 0.002993
v -0.007923 0.221680 0.002077
v -0.008478 0.223201 0.001522
v -0.008177 0.224823 0.001824
v -0.007399 0.226044 0.002601
v -0.006930 0.227220 0.003070
v -0.006848 0.227964 0.003152
v -0.006926 0.228351 0.003074
v -0.007560 0.228692 0.002440
v -0.007612 0.229031 0.002388
v -0.005878 0.220117 0.001707
v -0.006090 0.220725 0.001620
v -0.007286 0.221680 0.001124
v -0.008012 0.223201 0.000823
v -0.007618 0.224823 0.000987
v -0.006602 0.226044 0.001408
v -0.005989 0.227220 0.001661
v -0.005882 0.227964 0.001706
v -0.005984 0.228351 0.001664
v -0.006812 0.228692 0.001321
v -0.006880 0.229031 0.001292
v -0.013095 0.231136 0.000000
v -0.012859 0.231136 -0.001184
v -0.012859 0.231136 0.001184
v -0.012188 0.231136 -0.002188
v -0.012188 0.231136 0.002188
v -0.011184 0.231136 -0.002859
v -0.011184 0.231136 0.002859
v -0.010000 0.231136 0.003095
v -0.010000 0.231136 -0.003095
v -0.008816 0.231136 0.002859
v -0.008816 0.231136 -0.002859
v -0.007812 0.231136 0.002188
v -0.007812 0.231136 -0.002188
v -0.007141 0.231136 0.001184
v -0.007141 0.231136 -0.001184
v -0.006905 0.231136 0.000000
v -0.010000 0.234388 -0.001051
v -0.010000 0.234500 0.000000
v -0.008949 0.234388 0.000000
v -0.009032 0.234313 -0.000968
v -0.010000 0.234039 -0.001948
v -0.009115 0.234020 -0.001794
v -0.008486 0.233858 -0.001514
v -0.008205 0.234020 -0.000885
v -0.008052 0.234039 0.000000
v -0.011051 0.234388 0.000000
v -0.010968 0.234313 -0.000968
v -0.011948 0.234039 0.000000
v -0.011795 0.234020 -0.000885
v -0.010885 0.234020 -0.001794
v -0.011514 0.233858 -0.001514
v -0.010000 0.234388 0.001051
v -0.010968 0.234313 0.000968
v -0.010000 0.234039 0.001949
v -0.010885 0.234020 0.001795
v -0.011795 0.234020 0.000885
v -0.011514 0.233858 0.001514
v -0.009032 0.234313 0.000968
v -0.008205 0.234020 0.000885
v -0.008486 0.233858 0.001514
v -0.009115 0.234020 0.001795
v -0.010000 0.218469 -0.001823
v -0.008321 0.218550 -0.001679
v -0.008177 0.218469 0.000000
v -0.010000 0.218347 0.000000
v -0.006889 0.218869 -0.001535
v -0.006622 0.218849 0.000000
v -0.008465 0.218869 -0.003111
v -0.007376 0.219045 -0.002624
v -0.010000 0.218849 -0.003378
v -0.011823 0.218469 0.000000
v -0.011679 0.218550 -0.001679
v -0.011534 0.218869 -0.003111
v -0.013111 0.218869 -0.001535
v -0.012624 0.219045 -0.002624
v -0.013378 0.218849 0.000000
v -0.010000 0.218469 0.001823
v -0.011679 0.218550 0.001679
v -0.013111 0.218869 0.001535
v -0.011534 0.218869 0.003111
v -0.012624 0.219045 0.002624
v -0.010000 0.218849 0.003378
v -0.008321 0.218550 0.001679
v -0.008465 0.218869 0.003111
v -0.006889 0.218869 0.001535
v -0.007376 0.219045 0.002624
v -0.005948 0.219500 -0.001679
v -0.005600 0.219500 0.000000
v -0.006889 0.219500 -0.003111
v -0.008321 0.219500 -0.004052
v -0.010000 0.219500 -0.004400
v -0.013111 0.219500 -0.003111
v -0.011679 0.219500 -0.004052
v -0.014400 0.219500 0.000000
v -0.014052 0.219500 -0.001679
v -0.013111 0.219500 0.003111
v -0.014052 0.219500 0.001679
v -0.010000 0.219500 0.004400
v -0.011679 0.219500 0.004052
v -0.008321 0.219500 0.004052
v -0.006889 0.219500 0.003111
v -0.005948 0.219500 0.001679
v -0.010000 0.219500 -0.008073
v -0.010000 0.219187 -0.008400
v -0.010012 0.219408 -0.008299
v -0.015686 0.219500 -0.005717
v -0.015940 0.219187 -0.005940
v -0.015855 0.219408 -0.005870
v -0.015686 0.219500 0.005717
v -0.015940 0.219187 0.005940
v -0.015855 0.219408 0.005870
v -0.010000 0.219187 0.008400
v -0.010000 0.219500 0.008073
v -0.010012 0.219408 0.008299
v -0.010000 0.217025 -0.008400
v -0.010000 0.216700 -0.008072
v -0.010013 0.216795 -0.008299
v -0.010000 0.216700 0.008073
v -0.010000 0.217025 0.008400
v -0.010013 0.216795 0.008299
v -0.015940 0.217024 0.005940
v -0.015686 0.216700 0.005717
v -0.015854 0.216795 0.005870
v -0.015686 0.216700 -0.005717
v -0.015940 0.217024 -0.005940
v -0.015854 0.216795 -0.005870
v 0.000000 0.219500 -0.008074
v 0.000000 0.219189 -0.008400
v 0.000001 0.219409 -0.008304
v 0.000000 0.216700 -0.008073
v 0.000000 0.217026 -0.008400
v 0.000000 0.216795 -0.008304
v 0.000000 0.217026 0.008400
v 0.000000 0.216700 0.008073
v 0.000000 0.216795 0.008304
v 0.000000 0.219189 0.008400
v 0.000000 0.219500 0.008074
v 0.000001 0.219409 0.008304
v 0.023291 0.217028 -0.004620
v 0.023200 0.216700 -0.004294
v 0.023238 0.216802 -0.004520
v 0.023700 0.218500 -0.004295
v 0.023616 0.218198 -0.004620
v 0.023688 0.218407 -0.004523
v 0.023616 0.218198 0.004620
v 0.023700 0.218500 0.004295
v 0.023688 0.218407 0.004523
v 0.023200 0.216700 0.004295
v 0.023291 0.217028 0.004620
v 0.023238 0.216802 0.004520
v 0.035472 0.196110 0.002400
v 0.035254 0.195854 0.002077
v 0.035322 0.195941 0.002305
v 0.040078 0.196090 0.002400
v 0.040346 0.195854 0.002077
v 0.040257 0.195927 0.002306
v 0.035472 0.196110 -0.002400
v 0.035254 0.195854 -0.002077
v 0.035322 0.195941 -0.002305
v 0.040078 0.196090 -0.002400
v 0.040346 0.195854 -0.002077
v 0.040257 0.195927 -0.002305
v 0.041400 0.198400 0.002077
v 0.041034 0.198400 0.002400
v 0.041285 0.198397 0.002305
v 0.041034 0.198400 -0.002400
v 0.041400 0.198400 -0.002077
v 0.041285 0.198397 -0.002305
v 0.034200 0.198400 0.002077
v 0.034523 0.198400 0.002400
v 0.034301 0.198382 0.002305
v 0.034200 0.198400 -0.002077
v 0.034523 0.198400 -0.002400
v 0.034301 0.198382 -0.002305
v 0.011817 0.218692 -0.008400
v 0.011850 0.219000 -0.008074
v 0.011846 0.218910 -0.008302
v 0.011636 0.217027 -0.008400
v 0.011600 0.216700 -0.008074
v 0.011628 0.216796 -0.008300
v 0.011600 0.216700 0.008074
v 0.011636 0.217027 0.008400
v 0.011628 0.216796 0.008300
v 0.011817 0.218692 0.008400
v 0.011850 0.219000 0.008074
v 0.011846 0.218910 0.008302
v -0.018400 0.219186 0.000000
v -0.018054 0.219500 0.000000
v -0.018288 0.219408 0.000000
v -0.018400 0.217024 0.000000
v -0.018054 0.216700 0.000000
v -0.018288 0.216795 0.000000
v 0.037800 0.195146 0.002400
v 0.037800 0.194800 0.002077
v 0.037800 0.194912 0.002306
v 0.037800 0.195146 -0.002400
v 0.037800 0.194800 -0.002077
v 0.037800 0.194912 -0.002305
v 0.033417 0.205680 -0.002400
v 0.033111 0.205575 -0.002076
v 0.033206 0.205602 -0.002303
v 0.033111 0.205575 0.002076
v 0.033417 0.205680 0.002400
v 0.033206 0.205602 0.002303
v 0.038403 0.207396 -0.002400
v 0.038738 0.207511 -0.002076
v 0.038632 0.207484 -0.002307
v 0.038738 0.207511 0.002076
v 0.038403 0.207396 0.002400
v 0.038632 0.207484 0.002307
v 0.032012 0.214281 -0.003186
v 0.031773 0.214063 -0.003510
v 0.031936 0.214219 -0.003416
v 0.031773 0.214063 0.003510
v 0.032012 0.214281 0.003186
v 0.031936 0.214219 0.003416
v 0.029362 0.211862 -0.003185
v 0.029599 0.212078 -0.003510
v 0.029438 0.211921 -0.003414
v 0.029599 0.212078 0.003510
v 0.029362 0.211862 0.003185
v 0.029438 0.211921 0.003414
v 0.023189 0.208560 0.009605
v 0.022587 0.209200 0.009356
v 0.023008 0.209013 0.009530
v 0.024447 0.209200 0.000000
v 0.025100 0.208560 0.000000
v 0.024904 0.209013 0.000000
v 0.017748 0.208560 0.017748
v 0.017287 0.209200 0.017287
v 0.017610 0.209013 0.017610
v 0.009356 0.209200 0.022587
v 0.009605 0.208560 0.023189
v 0.009530 0.209013 0.023008
v 0.000000 0.208560 0.025100
v 0.000000 0.209200 0.024447
v -0.000000 0.209013 0.024904
v -0.009605 0.208560 0.023189
v -0.009356 0.209200 0.022587
v -0.009530 0.209013 0.023008
v -0.017748 0.208560 0.017748
v -0.017287 0.209200 0.017287
v -0.017610 0.209013 0.017610
v -0.022587 0.209200 0.009356
v -0.023189 0.208560 0.009605
v -0.023008 0.209013 0.009530
v -0.025100 0.208560 0.000000
v -0.024447 0.209200 0.000000
v -0.024904 0.209013 0.000000
v -0.023189 0.208560 -0.009605
v -0.022587 0.209200 -0.009356
v -0.023008 0.209013 -0.009530
v -0.017748 0.208560 -0.017748
v -0.017287 0.209200 -0.017287
v -0.017610 0.209013 -0.017610
v -0.009356 0.209200 -0.022586
v -0.009605 0.208560 -0.023189
v -0.009530 0.209013 -0.023008
v 0.000000 0.208560 -0.025100
v 0.000000 0.209200 -0.024447
v 0.000000 0.209013 -0.024904
v 0.009605 0.208560 -0.023189
v 0.009356 0.209200 -0.022586
v 0.009530 0.209013 -0.023008
v 0.017748 0.208560 -0.017748
v 0.017287 0.209200 -0.017287
v 0.017610 0.209013 -0.017610
v 0.022587 0.209200 -0.009356
v 0.023189 0.208560 -0.009605
v 0.023008 0.209013 -0.009530
v -0.021988 0.209200 0.000000
v -0.020981 0.209738 0.000000
v -0.021425 0.209357 0.000000
v -0.019384 0.209738 0.008029
v -0.020314 0.209200 0.008414
v -0.019794 0.209357 0.008199
v -0.014836 0.209738 0.014836
v -0.015548 0.209200 0.015548
v -0.015150 0.209357 0.015150
v -0.008029 0.209738 0.019384
v -0.008414 0.209200 0.020314
v -0.008199 0.209357 0.019794
v 0.000000 0.209738 0.020981
v 0.000000 0.209200 0.021988
v 0.000000 0.209357 0.021425
v 0.008029 0.209738 0.019384
v 0.008414 0.209200 0.020314
v 0.008199 0.209357 0.019794
v 0.014836 0.209738 0.014836
v 0.015548 0.209200 0.015548
v 0.015150 0.209357 0.015150
v 0.020314 0.209200 0.008414
v 0.019384 0.209738 0.008029
v 0.019794 0.209357 0.008199
v 0.020981 0.209738 0.000000
v 0.021988 0.209200 0.000000
v 0.021425 0.209357 0.000000
v 0.019384 0.209738 -0.008029
v 0.020314 0.209200 -0.008414
v 0.019794 0.209357 -0.008199
v 0.014836 0.209738 -0.014836
v 0.015548 0.209200 -0.015547
v 0.015150 0.209357 -0.015150
v 0.008029 0.209738 -0.019384
v 0.008414 0.209200 -0.020314
v 0.008199 0.209357 -0.019794
v 0.000000 0.209738 -0.020981
v 0.000000 0.209200 -0.021988
v -0.000000 0.209357 -0.021425
v -0.008029 0.209738 -0.019384
v -0.008414 0.209200 -0.020314
v -0.008199 0.209357 -0.019794
v -0.014836 0.209738 -0.014836
v -0.015548 0.209200 -0.015547
v -0.015150 0.209357 -0.015150
v -0.020314 0.209200 -0.008414
v -0.019384 0.209738 -0.008029
v -0.019794 0.209357 -0.008199
v -0.017738 0.214662 0.000000
v -0.016684 0.215200 0.000000
v -0.017280 0.215043 0.000000
v -0.015359 0.215200 0.006653
v -0.016388 0.214662 0.006788
v -0.015927 0.215043 0.006743
v -0.011870 0.215200 0.011870
v -0.012543 0.214662 0.012543
v -0.012240 0.215043 0.012240
v -0.006652 0.215200 0.015359
v -0.006788 0.214662 0.016388
v -0.006743 0.215043 0.015927
v 0.000000 0.215200 0.016684
v 0.000000 0.214662 0.017738
v -0.000000 0.215043 0.017280
v 0.006652 0.215200 0.015359
v 0.006788 0.214662 0.016388
v 0.006743 0.215043 0.015927
v 0.011870 0.215200 0.011870
v 0.012543 0.214662 0.012543
v 0.012240 0.215043 0.012240
v 0.016388 0.214662 0.006788
v 0.015359 0.215200 0.006653
v 0.015927 0.215043 0.006743
v 0.016684 0.215200 0.000000
v 0.017738 0.214662 0.000000
v 0.017280 0.215043 0.000000
v 0.015359 0.215200 -0.006652
v 0.016388 0.214662 -0.006788
v 0.015927 0.215043 -0.006743
v 0.011870 0.215200 -0.011870
v 0.012543 0.214662 -0.012543
v 0.012240 0.215043 -0.012240
v 0.006652 0.215200 -0.015359
v 0.006788 0.214662 -0.016388
v 0.006743 0.215043 -0.015927
v 0.000000 0.215200 -0.016684
v 0.000000 0.214662 -0.017738
v 0.000000 0.215043 -0.017280
v -0.006652 0.215200 -0.015359
v -0.006788 0.214662 -0.016388
v -0.006743 0.215043 -0.015927
v -0.011870 0.215200 -0.011870
v -0.012543 0.214662 -0.012543
v -0.012240 0.215043 -0.012240
v -0.016388 0.214662 -0.006788
v -0.015359 0.215200 -0.006652
v -0.015927 0.215043 -0.006743
v 0.025774 0.206500 0.000000
v 0.026100 0.206820 0.000000
v 0.026002 0.206594 0.000000
v 0.024113 0.206820 0.009988
v 0.023812 0.206500 0.009863
v 0.024023 0.206594 0.009951
v 0.018455 0.206820 0.018456
v 0.018225 0.206500 0.018225
v 0.018386 0.206594 0.018386
v 0.009988 0.206820 0.024113
v 0.009863 0.206500 0.023812
v 0.009950 0.206594 0.024023
v 0.000000 0.206820 0.026100
v 0.000000 0.206500 0.025774
v 0.000000 0.206594 0.026002
v -0.009988 0.206820 0.024113
v -0.009863 0.206500 0.023812
v -0.009950 0.206594 0.024023
v -0.018455 0.206820 0.018456
v -0.018225 0.206500 0.018225
v -0.018386 0.206594 0.018386
v -0.024113 0.206820 0.009988
v -0.023812 0.206500 0.009863
v -0.024023 0.206594 0.009951
v -0.025774 0.206500 0.000000
v -0.026100 0.206820 0.000000
v -0.026002 0.206594 0.000000
v -0.024113 0.206820 -0.009988
v -0.023812 0.206500 -0.009863
v -0.024023 0.206594 -0.009950
v -0.018455 0.206820 -0.018455
v -0.018225 0.206500 -0.018225
v -0.018386 0.206594 -0.018386
v -0.009988 0.206820 -0.024113
v -0.009863 0.206500 -0.023812
v -0.009950 0.206594 -0.024023
v 0.000000 0.206820 -0.026100
v 0.000000 0.206500 -0.025774
v -0.000000 0.206594 -0.026002
v 0.009988 0.206820 -0.024113
v 0.009863 0.206500 -0.023812
v 0.009950 0.206594 -0.024023
v 0.018455 0.206820 -0.018455
v 0.018225 0.206500 -0.018225
v 0.018386 0.206594 -0.018386
v 0.023812 0.206500 -0.009863
v 0.024113 0.206820 -0.009988
v 0.024023 0.206594 -0.009950
v 0.023491 0.206500 0.009730
v 0.023189 0.206820 0.009605
v 0.023280 0.206594 0.009643
v 0.025100 0.206820 0.000000
v 0.025426 0.206500 0.000000
v 0.025198 0.206594 0.000000
v 0.017979 0.206500 0.017979
v 0.017748 0.206820 0.017748
v 0.017818 0.206594 0.017818
v 0.009730 0.206500 0.023491
v 0.009605 0.206820 0.023189
v 0.009643 0.206594 0.023280
v 0.000000 0.206820 0.025100
v 0.000000 0.206500 0.025426
v -0.000000 0.206594 0.025198
v -0.009730 0.206500 0.023491
v -0.009605 0.206820 0.023189
v -0.009643 0.206594 0.023280
v -0.017979 0.206500 0.017979
v -0.017748 0.206820 0.017748
v -0.017818 0.206594 0.017818
v -0.023491 0.206500 0.009730
v -0.023189 0.206820 0.009605
v -0.023280 0.206594 0.009643
v -0.025100 0.206820 0.000000
v -0.025426 0.206500 0.000000
v -0.025198 0.206594 0.000000
v -0.023491 0.206500 -0.009730
v -0.023189 0.206820 -0.009605
v -0.023280 0.206594 -0.009643
v -0.017979 0.206500 -0.017979
v -0.017748 0.206820 -0.017748
v -0.017818 0.206594 -0.017818
v -0.009730 0.206500 -0.023491
v -0.009605 0.206820 -0.023189
v -0.009643 0.206594 -0.023280
v 0.000000 0.206820 -0.025100
v 0.000000 0.206500 -0.025426
v 0.000000 0.206594 -0.025198
v 0.009730 0.206500 -0.023491
v 0.009605 0.206820 -0.023189
v 0.009643 0.206594 -0.023280
v 0.017979 0.206500 -0.017979
v 0.017748 0.206820 -0.017748
v 0.017818 0.206594 -0.017818
v 0.023189 0.206820 -0.009605
v 0.023491 0.206500 -0.009730
v 0.023280 0.206594 -0.009643
v 0.028674 0.210000 0.000000
v 0.029000 0.210320 0.000000
v 0.028902 0.210094 0.000000
v 0.026793 0.210320 0.011098
v 0.026491 0.210000 0.010973
v 0.026702 0.210094 0.011060
v 0.020506 0.210320 0.020506
v 0.020275 0.210000 0.020275
v 0.020437 0.210094 0.020437
v 0.011098 0.210320 0.026793
v 0.010973 0.210000 0.026491
v 0.011060 0.210094 0.026702
v 0.000000 0.210320 0.029000
v 0.000000 0.210000 0.028674
v -0.000000 0.210094 0.028902
v -0.011098 0.210320 0.026793
v -0.010973 0.210000 0.026491
v -0.011060 0.210094 0.026702
v -0.020506 0.210320 0.020506
v -0.020275 0.210000 0.020275
v -0.020437 0.210094 0.020437
v -0.026793 0.210320 0.011098
v -0.026491 0.210000 0.010973
v -0.026702 0.210094 0.011060
v -0.028674 0.210000 0.000000
v -0.029000 0.210320 0.000000
v -0.028902 0.210094 0.000000
v -0.026793 0.210320 -0.011098
v -0.026491 0.210000 -0.010973
v -0.026702 0.210094 -0.011060
v -0.020506 0.210320 -0.020506
v -0.020275 0.210000 -0.020275
v -0.020437 0.210094 -0.020437
v -0.011098 0.210320 -0.026792
v -0.010973 0.210000 -0.026491
v -0.011060 0.210094 -0.026702
v 0.000000 0.210320 -0.029000
v 0.000000 0.210000 -0.028674
v 0.000000 0.210094 -0.028902
v 0.011098 0.210320 -0.026792
v 0.010973 0.210000 -0.026491
v 0.011060 0.210094 -0.026702
v 0.020506 0.210320 -0.020506
v 0.020275 0.210000 -0.020275
v 0.020437 0.210094 -0.020437
v 0.026491 0.210000 -0.010973
v 0.026793 0.210320 -0.011098
v 0.026702 0.210094 -0.011060
v -0.012613 0.233129 0.000000
v -0.012307 0.233675 0.000000
v -0.012491 0.233418 0.000000
v -0.012121 0.233676 -0.000936
v -0.012414 0.233129 -0.001000
v -0.012294 0.233418 -0.000979
v -0.012414 0.233129 0.001000
v -0.012121 0.233676 0.000936
v -0.012294 0.233418 0.000979
v -0.011641 0.233669 -0.001641
v -0.011848 0.233129 -0.001848
v -0.011764 0.233416 -0.001764
v -0.011641 0.233669 0.001641
v -0.011848 0.233129 0.001848
v -0.011764 0.233416 0.001764
v -0.011000 0.233129 -0.002414
v -0.010936 0.233676 -0.002121
v -0.010979 0.233418 -0.002294
v -0.011000 0.233129 0.002414
v -0.010936 0.233676 0.002121
v -0.010979 0.233418 0.002294
v -0.010000 0.233129 0.002613
v -0.010000 0.233675 0.002307
v -0.010000 0.233418 0.002491
v -0.010000 0.233129 -0.002613
v -0.010000 0.233675 -0.002307
v -0.010000 0.233418 -0.002491
v -0.009064 0.233676 0.002121
v -0.009000 0.233129 0.002414
v -0.009021 0.233418 0.002294
v -0.009064 0.233676 -0.002121
v -0.009000 0.233129 -0.002414
v -0.009021 0.233418 -0.002294
v -0.008152 0.233129 0.001848
v -0.008359 0.233669 0.001641
v -0.008236 0.233416 0.001764
v -0.008152 0.233129 -0.001848
v -0.008359 0.233669 -0.001641
v -0.008236 0.233416 -0.001764
v -0.007879 0.233676 0.000936
v -0.007586 0.233129 0.001000
v -0.007706 0.233418 0.000979
v -0.007879 0.233676 -0.000936
v -0.007586 0.233129 -0.001000
v -0.007706 0.233418 -0.000979
v -0.007387 0.233129 0.000000
v -0.007693 0.233675 0.000000
v -0.007509 0.233418 0.000000
vt 0.871158 0.700777
vt 0.855532 0.700778
vt 0.855481 0.697344
vt 0.871156 0.697330
vt 0.714093 0.744105
vt 0.729302 0.738653
vt 0.729656 0.744163
vt 0.715828 0.748331
vt 0.871156 0.704225
vt 0.855481 0.704212
vt 0.824965 0.700778
vt 0.837594 0.700778
vt 0.837646 0.704256
vt 0.824977 0.704510
vt 0.824977 0.697045
vt 0.837646 0.697300
vt 0.717605 0.948669
vt 0.730076 0.951526
vt 0.729655 0.957128
vt 0.715825 0.952957
vt 0.811787 0.695074
vt 0.811763 0.700778
vt 0.730076 0.749764
vt 0.717609 0.752618
vt 0.851008 0.700778
vt 0.850946 0.697384
vt 0.729300 0.962639
vt 0.714088 0.957184
vt 0.902798 0.700777
vt 0.902796 0.693439
vt 0.923167 0.686518
vt 0.923234 0.700777
vt 0.923167 0.715036
vt 0.902796 0.708116
vt 0.757393 0.700780
vt 0.757324 0.687351
vt 0.776764 0.687295
vt 0.776905 0.700779
vt 0.776765 0.714263
vt 0.757324 0.714208
vt 0.696735 0.829192
vt 0.698543 0.829186
vt 0.698585 0.839926
vt 0.696782 0.839925
vt 0.944071 0.700777
vt 0.944081 0.686496
vt 0.961721 0.686624
vt 0.961657 0.700777
vt 0.696780 0.850634
vt 0.694973 0.850634
vt 0.694935 0.839921
vt 0.740832 0.700780
vt 0.740750 0.687529
vt 0.975677 0.700777
vt 0.971594 0.710698
vt 0.961721 0.714930
vt 0.696733 0.872077
vt 0.694858 0.872071
vt 0.694934 0.861346
vt 0.696781 0.861343
vt 0.698656 0.850634
vt 0.698584 0.861343
vt 0.944081 0.715057
vt 0.727709 0.700780
vt 0.731520 0.691507
vt 0.740751 0.714030
vt 0.797450 0.692910
vt 0.797444 0.700779
vt 0.703033 0.945021
vt 0.696269 0.930546
vt 0.697326 0.930284
vt 0.704816 0.943219
vt 0.698326 0.930035
vt 0.706603 0.941415
vt 0.842151 0.697453
vt 0.842084 0.700778
vt 0.850946 0.704171
vt 0.698542 0.872083
vt 0.698481 0.888951
vt 0.696633 0.888942
vt 0.696636 0.812329
vt 0.698483 0.812320
vt 0.731520 0.710053
vt 0.696951 0.792353
vt 0.698347 0.792496
vt 0.698343 0.908779
vt 0.696947 0.908922
vt 0.706608 0.759869
vt 0.698331 0.771244
vt 0.697332 0.770996
vt 0.704822 0.758065
vt 0.811788 0.706483
vt 0.797451 0.708647
vt 0.846521 0.700778
vt 0.846494 0.704162
vt 0.842151 0.704103
vt 0.846494 0.697394
vt 0.733834 0.953468
vt 0.735175 0.957520
vt 0.735175 0.743772
vt 0.733834 0.747823
vt 0.733321 0.961259
vt 0.733322 0.740033
vt 0.887030 0.695348
vt 0.887029 0.700777
vt 0.695504 0.909069
vt 0.694758 0.812341
vt 0.695508 0.792206
vt 0.694755 0.888930
vt 0.694860 0.829198
vt 0.696275 0.770733
vt 0.703040 0.756263
vt 0.887030 0.706206
vt 0.012725 0.953826
vt 0.012734 0.952737
vt 0.032553 0.952737
vt 0.032546 0.953826
vt 0.052350 0.952737
vt 0.052344 0.953826
vt 0.072148 0.952737
vt 0.072143 0.953826
vt 0.091967 0.952737
vt 0.091963 0.953826
vt 0.111786 0.952737
vt 0.111784 0.953826
vt 0.131584 0.952737
vt 0.131582 0.953826
vt 0.151381 0.952737
vt 0.151381 0.953826
vt 0.171200 0.952737
vt 0.171201 0.953826
vt 0.191019 0.952737
vt 0.191022 0.953826
vt 0.210817 0.952737
vt 0.210820 0.953826
vt 0.230614 0.952737
vt 0.230619 0.953826
vt 0.250433 0.952737
vt 0.250439 0.953826
vt 0.270252 0.952737
vt 0.270260 0.953826
vt 0.290049 0.952737
vt 0.290058 0.953826
vt 0.309847 0.952737
vt 0.309857 0.953826
vt 0.329666 0.952737
vt 0.329677 0.953826
vt 0.032560 0.951649
vt 0.012743 0.951649
vt 0.052357 0.951649
vt 0.072153 0.951649
vt 0.091971 0.951649
vt 0.111789 0.951649
vt 0.131585 0.951649
vt 0.151381 0.951649
vt 0.171199 0.951649
vt 0.191017 0.951649
vt 0.210813 0.951649
vt 0.230609 0.951649
vt 0.250427 0.951649
vt 0.270245 0.951649
vt 0.290041 0.951649
vt 0.309837 0.951649
vt 0.329655 0.951649
vt 0.032506 0.959550
vt 0.012680 0.959550
vt 0.012684 0.958932
vt 0.032511 0.958932
vt 0.072117 0.959550
vt 0.052312 0.959550
vt 0.052315 0.958932
vt 0.072120 0.958932
vt 0.091944 0.959550
vt 0.091946 0.958932
vt 0.111774 0.958056
vt 0.091949 0.958056
vt 0.111771 0.959550
vt 0.111772 0.958932
vt 0.131576 0.959550
vt 0.131576 0.958932
vt 0.151381 0.959550
vt 0.151381 0.958932
vt 0.191035 0.959550
vt 0.171208 0.959550
vt 0.171207 0.958932
vt 0.191033 0.958932
vt 0.210840 0.959550
vt 0.210838 0.958932
vt 0.230645 0.959550
vt 0.230642 0.958932
vt 0.250472 0.959550
vt 0.250469 0.958932
vt 0.250464 0.958056
vt 0.270289 0.958055
vt 0.270299 0.959550
vt 0.270295 0.958932
vt 0.290103 0.959550
vt 0.290098 0.958932
vt 0.309908 0.959550
vt 0.309903 0.958932
vt 0.329736 0.959550
vt 0.329729 0.958932
vt 0.875244 0.195892
vt 0.874950 0.196603
vt 0.853646 0.192448
vt 0.853647 0.191682
vt 0.832076 0.195915
vt 0.832368 0.196627
vt 0.814157 0.208705
vt 0.813611 0.208158
vt 0.802063 0.226939
vt 0.801352 0.226645
vt 0.797916 0.248264
vt 0.797147 0.248265
vt 0.802114 0.269555
vt 0.801403 0.269849
vt 0.814216 0.287757
vt 0.813671 0.288305
vt 0.832458 0.299827
vt 0.832167 0.300540
vt 0.853772 0.303955
vt 0.853774 0.304721
vt 0.875040 0.299750
vt 0.875335 0.300460
vt 0.893226 0.287656
vt 0.893774 0.288201
vt 0.905288 0.269430
vt 0.905999 0.269721
vt 0.909423 0.248139
vt 0.910186 0.248138
vt 0.905237 0.226883
vt 0.905947 0.226591
vt 0.893166 0.208688
vt 0.893712 0.208143
vt 0.012768 0.948497
vt 0.032582 0.948497
vt 0.804298 0.227851
vt 0.803199 0.227401
vt 0.815033 0.209581
vt 0.815886 0.210434
vt 0.832831 0.197760
vt 0.833281 0.198856
vt 0.853647 0.193658
vt 0.853647 0.194824
vt 0.874488 0.197737
vt 0.874038 0.198835
vt 0.892291 0.209563
vt 0.891439 0.210416
vt 0.904105 0.227345
vt 0.903010 0.227795
vt 0.908214 0.248140
vt 0.907049 0.248141
vt 0.904154 0.268970
vt 0.903056 0.268520
vt 0.892350 0.286782
vt 0.891496 0.285931
vt 0.874577 0.298618
vt 0.874125 0.297522
vt 0.853770 0.302745
vt 0.853768 0.301579
vt 0.832919 0.298692
vt 0.833368 0.297593
vt 0.815091 0.286880
vt 0.815943 0.286026
vt 0.803247 0.269091
vt 0.804344 0.268639
vt 0.799127 0.248263
vt 0.800294 0.248262
vt 0.821527 0.216063
vt 0.811658 0.230877
vt 0.836313 0.206216
vt 0.853645 0.202752
vt 0.871014 0.206188
vt 0.885816 0.216052
vt 0.895657 0.230826
vt 0.899126 0.248143
vt 0.895703 0.265505
vt 0.885854 0.280313
vt 0.871086 0.290169
vt 0.853761 0.293651
vt 0.836386 0.290234
vt 0.821565 0.280379
vt 0.811704 0.265599
vt 0.808227 0.248260
vt 0.290016 0.948497
vt 0.309808 0.948497
vt 0.270223 0.948497
vt 0.250409 0.948497
vt 0.230595 0.948497
vt 0.210802 0.948497
vt 0.191010 0.948497
vt 0.171195 0.948497
vt 0.151381 0.948497
vt 0.131588 0.948497
vt 0.111796 0.948497
vt 0.091982 0.948497
vt 0.072167 0.948497
vt 0.052375 0.948497
vt 0.329623 0.948497
vt 0.822347 0.216881
vt 0.812715 0.231310
vt 0.836744 0.207255
vt 0.853650 0.203891
vt 0.870581 0.207245
vt 0.884998 0.216871
vt 0.894619 0.231257
vt 0.897988 0.248149
vt 0.894647 0.265073
vt 0.885035 0.279496
vt 0.870654 0.289131
vt 0.853755 0.292512
vt 0.836817 0.289176
vt 0.822384 0.279559
vt 0.812743 0.265167
vt 0.809366 0.248255
vt 0.819337 0.233982
vt 0.820275 0.234377
vt 0.817510 0.248204
vt 0.816494 0.248199
vt 0.810492 0.248254
vt 0.813767 0.231744
vt 0.827437 0.221889
vt 0.828154 0.222613
vt 0.823159 0.217693
vt 0.839521 0.213836
vt 0.839905 0.214777
vt 0.837179 0.208304
vt 0.853702 0.211014
vt 0.853697 0.212029
vt 0.853650 0.205016
vt 0.867910 0.213860
vt 0.867514 0.214798
vt 0.870147 0.208296
vt 0.879994 0.221957
vt 0.879270 0.222673
vt 0.884187 0.217682
vt 0.888042 0.234032
vt 0.887103 0.234417
vt 0.893570 0.231691
vt 0.890868 0.248204
vt 0.889854 0.248199
vt 0.896863 0.248150
vt 0.893596 0.264640
vt 0.888031 0.262407
vt 0.887093 0.262013
vt 0.884223 0.278686
vt 0.879945 0.274495
vt 0.879228 0.273772
vt 0.870218 0.288082
vt 0.867873 0.282554
vt 0.867488 0.281614
vt 0.853754 0.291387
vt 0.853697 0.285389
vt 0.853701 0.284374
vt 0.837251 0.288125
vt 0.839484 0.282555
vt 0.839878 0.281617
vt 0.823194 0.278746
vt 0.827387 0.274464
vt 0.828111 0.273747
vt 0.813793 0.264731
vt 0.819325 0.262385
vt 0.820266 0.261999
vt 0.821185 0.234754
vt 0.828859 0.223319
vt 0.840276 0.215672
vt 0.853697 0.213011
vt 0.867137 0.215707
vt 0.878564 0.223378
vt 0.886208 0.234788
vt 0.888873 0.248200
vt 0.886185 0.261636
vt 0.878522 0.273067
vt 0.867116 0.280719
vt 0.853700 0.283392
vt 0.840255 0.280707
vt 0.828817 0.273041
vt 0.821161 0.261628
vt 0.818492 0.248203
vt 0.866507 0.248206
vt 0.853690 0.248202
vt 0.853697 0.235383
vt 0.865500 0.236407
vt 0.877449 0.248208
vt 0.875581 0.237429
vt 0.872158 0.229765
vt 0.864490 0.226324
vt 0.853700 0.224439
vt 0.853687 0.261020
vt 0.865487 0.260010
vt 0.853688 0.271964
vt 0.864469 0.270091
vt 0.875569 0.258995
vt 0.872132 0.266664
vt 0.840871 0.248196
vt 0.841880 0.260000
vt 0.829924 0.248195
vt 0.831795 0.258980
vt 0.842896 0.270085
vt 0.835223 0.266647
vt 0.841894 0.236389
vt 0.842917 0.226305
vt 0.835250 0.229729
vt 0.831807 0.237401
vt 0.052254 0.969645
vt 0.032438 0.969645
vt 0.032467 0.965273
vt 0.052279 0.965273
vt 0.032517 0.958056
vt 0.052320 0.958056
vt 0.012599 0.969645
vt 0.012634 0.965273
vt 0.072124 0.958056
vt 0.072071 0.969645
vt 0.072091 0.965273
vt 0.111769 0.960427
vt 0.131575 0.960427
vt 0.131571 0.963519
vt 0.111762 0.963519
vt 0.131578 0.958056
vt 0.111748 0.969645
vt 0.091909 0.969645
vt 0.091924 0.965273
vt 0.111758 0.965273
vt 0.151381 0.958056
vt 0.131564 0.969645
vt 0.131569 0.965273
vt 0.151381 0.969645
vt 0.151381 0.965273
vt 0.171206 0.958056
vt 0.191037 0.960427
vt 0.210843 0.960427
vt 0.210854 0.963519
vt 0.191044 0.963519
vt 0.191032 0.958056
vt 0.191058 0.969645
vt 0.171219 0.969645
vt 0.171214 0.965273
vt 0.191048 0.965273
vt 0.210835 0.958056
vt 0.210874 0.969645
vt 0.210859 0.965273
vt 0.230638 0.958056
vt 0.230691 0.969645
vt 0.230671 0.965273
vt 0.290110 0.960427
vt 0.290135 0.963519
vt 0.270326 0.963519
vt 0.270305 0.960427
vt 0.290091 0.958055
vt 0.270368 0.969645
vt 0.250529 0.969645
vt 0.250504 0.965273
vt 0.270338 0.965273
vt 0.309895 0.958055
vt 0.290184 0.969645
vt 0.290149 0.965273
vt 0.032500 0.960427
vt 0.032479 0.963519
vt 0.012648 0.963519
vt 0.012673 0.960427
vt 0.310000 0.969645
vt 0.309961 0.965273
vt 0.012691 0.958056
vt 0.329839 0.969645
vt 0.329794 0.965273
vt 0.171209 0.960427
vt 0.171212 0.963519
vt 0.151381 0.960427
vt 0.151381 0.963519
vt 0.091941 0.960427
vt 0.091930 0.963519
vt 0.072113 0.960427
vt 0.072099 0.963519
vt 0.052289 0.963519
vt 0.052307 0.960427
vt 0.171235 0.982203
vt 0.151381 0.982203
vt 0.151381 0.971722
vt 0.171222 0.971722
vt 0.309916 0.960427
vt 0.309945 0.963519
vt 0.250495 0.963519
vt 0.250477 0.960427
vt 0.230649 0.960427
vt 0.230663 0.963519
vt 0.310115 0.982203
vt 0.290283 0.982203
vt 0.290200 0.971722
vt 0.310019 0.971722
vt 0.270453 0.982203
vt 0.270382 0.971722
vt 0.250600 0.982203
vt 0.250541 0.971722
vt 0.230748 0.982203
vt 0.230700 0.971722
vt 0.052184 0.982203
vt 0.032352 0.982203
vt 0.032423 0.971722
vt 0.052243 0.971722
vt 0.210918 0.982203
vt 0.191086 0.982203
vt 0.191063 0.971722
vt 0.210882 0.971722
vt 0.772915 0.153415
vt 0.761488 0.153400
vt 0.761510 0.138455
vt 0.772939 0.136186
vt 0.131549 0.982203
vt 0.131562 0.971722
vt 0.111719 0.982203
vt 0.091866 0.982203
vt 0.091902 0.971722
vt 0.111743 0.971722
vt 0.072014 0.982203
vt 0.072061 0.971722
vt 0.012500 0.982203
vt 0.012583 0.971722
vt 0.784310 0.176286
vt 0.772883 0.176271
vt 0.772899 0.164843
vt 0.784327 0.164859
vt 0.784342 0.153432
vt 0.799287 0.153454
vt 0.801556 0.164883
vt 0.784362 0.138487
vt 0.793309 0.144490
vt 0.761471 0.164827
vt 0.761456 0.176254
vt 0.746511 0.176232
vt 0.761436 0.191199
vt 0.752489 0.185196
vt 0.744242 0.164803
vt 0.799255 0.176306
vt 0.793252 0.185253
vt 0.784288 0.191231
vt 0.772859 0.193500
vt 0.746542 0.153380
vt 0.752546 0.144433
vt 0.557549 0.981420
vt 0.557555 0.984051
vt 0.554924 0.984057
vt 0.555122 0.981629
vt 0.557545 0.979020
vt 0.555268 0.979440
vt 0.553564 0.980077
vt 0.552934 0.981784
vt 0.552523 0.984062
vt 0.560186 0.984046
vt 0.559978 0.981618
vt 0.562587 0.984041
vt 0.562166 0.981765
vt 0.559822 0.979431
vt 0.561530 0.980060
vt 0.557561 0.986682
vt 0.559988 0.986474
vt 0.557565 0.989083
vt 0.559841 0.988662
vt 0.562175 0.986319
vt 0.561546 0.988026
vt 0.555132 0.986484
vt 0.552944 0.986338
vt 0.553580 0.988043
vt 0.555288 0.988672
vt 0.460764 0.945578
vt 0.462453 0.945578
vt 0.462453 0.949193
vt 0.460764 0.949193
vt 0.459209 0.945578
vt 0.459209 0.949193
vt 0.457654 0.945578
vt 0.457654 0.949193
vt 0.455965 0.945578
vt 0.455965 0.949193
vt 0.454276 0.945578
vt 0.454276 0.949193
vt 0.452721 0.945578
vt 0.452721 0.949193
vt 0.451166 0.945578
vt 0.451166 0.949193
vt 0.449477 0.945578
vt 0.449477 0.949193
vt 0.447788 0.945578
vt 0.447788 0.949193
vt 0.446233 0.945578
vt 0.446233 0.949193
vt 0.444678 0.945578
vt 0.444678 0.949193
vt 0.442989 0.945578
vt 0.442989 0.949193
vt 0.467251 0.945578
vt 0.468941 0.945578
vt 0.468941 0.949193
vt 0.467251 0.949193
vt 0.465697 0.945578
vt 0.465697 0.949193
vt 0.464142 0.945578
vt 0.464142 0.949193
vt 0.551705 0.981506
vt 0.551148 0.984065
vt 0.553043 0.979559
vt 0.554986 0.978212
vt 0.557542 0.977644
vt 0.560100 0.978201
vt 0.562048 0.979539
vt 0.563394 0.981482
vt 0.563962 0.984038
vt 0.563405 0.986596
vt 0.562067 0.988544
vt 0.560125 0.989891
vt 0.557568 0.990458
vt 0.555010 0.989902
vt 0.553062 0.988563
vt 0.551716 0.986621
vt 0.462453 0.951932
vt 0.460764 0.951932
vt 0.459209 0.951932
vt 0.457654 0.951932
vt 0.455965 0.951932
vt 0.454276 0.951932
vt 0.452721 0.951932
vt 0.451166 0.951932
vt 0.449477 0.951932
vt 0.447788 0.951932
vt 0.446233 0.951932
vt 0.444678 0.951932
vt 0.442989 0.951932
vt 0.468941 0.951932
vt 0.467251 0.951932
vt 0.465697 0.951932
vt 0.464142 0.951932
vt 0.550771 0.984066
vt 0.551319 0.981440
vt 0.552766 0.979282
vt 0.554917 0.977826
vt 0.557541 0.977267
vt 0.560167 0.977815
vt 0.562324 0.979262
vt 0.563781 0.981414
vt 0.564339 0.984037
vt 0.563792 0.986663
vt 0.562344 0.988821
vt 0.560192 0.990277
vt 0.557569 0.990835
vt 0.554943 0.990288
vt 0.552786 0.988841
vt 0.551329 0.986689
vt 0.462453 0.952348
vt 0.460764 0.952348
vt 0.459209 0.952348
vt 0.457654 0.952348
vt 0.455965 0.952348
vt 0.454276 0.952348
vt 0.452721 0.952348
vt 0.451166 0.952348
vt 0.449477 0.952348
vt 0.447788 0.952348
vt 0.446233 0.952348
vt 0.444678 0.952348
vt 0.442989 0.952348
vt 0.468941 0.952348
vt 0.467251 0.952348
vt 0.465697 0.952348
vt 0.464142 0.952348
vt 0.574205 0.981420
vt 0.574210 0.984051
vt 0.571579 0.984057
vt 0.571777 0.981629
vt 0.569178 0.984063
vt 0.569589 0.981785
vt 0.570218 0.980077
vt 0.571923 0.979440
vt 0.574199 0.979020
vt 0.574217 0.986683
vt 0.571788 0.986484
vt 0.574222 0.989083
vt 0.571944 0.988672
vt 0.570237 0.988043
vt 0.569601 0.986338
vt 0.576842 0.984045
vt 0.576644 0.986473
vt 0.579243 0.984040
vt 0.578831 0.986317
vt 0.578202 0.988025
vt 0.576498 0.988662
vt 0.576633 0.981618
vt 0.576477 0.979430
vt 0.578185 0.980059
vt 0.578821 0.981764
vt 0.462453 0.941244
vt 0.460764 0.941244
vt 0.459209 0.941244
vt 0.457654 0.941244
vt 0.455965 0.941244
vt 0.454276 0.941244
vt 0.452721 0.941244
vt 0.451166 0.941244
vt 0.449477 0.941244
vt 0.447788 0.941244
vt 0.446233 0.941244
vt 0.444678 0.941244
vt 0.442989 0.941244
vt 0.468941 0.941244
vt 0.467251 0.941244
vt 0.465697 0.941244
vt 0.464142 0.941244
vt 0.571640 0.978212
vt 0.574196 0.977645
vt 0.569697 0.979558
vt 0.568361 0.981508
vt 0.567804 0.984066
vt 0.568371 0.986622
vt 0.569718 0.988564
vt 0.571667 0.989902
vt 0.574225 0.990458
vt 0.576781 0.989890
vt 0.578724 0.988544
vt 0.580062 0.986595
vt 0.580617 0.984036
vt 0.580049 0.981481
vt 0.578704 0.979538
vt 0.576754 0.978201
vt 0.462453 0.938505
vt 0.460764 0.938505
vt 0.459209 0.938505
vt 0.457654 0.938505
vt 0.455965 0.938505
vt 0.454276 0.938505
vt 0.452721 0.938505
vt 0.451166 0.938505
vt 0.449477 0.938505
vt 0.447788 0.938505
vt 0.446233 0.938505
vt 0.444678 0.938505
vt 0.442989 0.938505
vt 0.468941 0.938505
vt 0.467251 0.938505
vt 0.465697 0.938505
vt 0.464142 0.938505
vt 0.571572 0.977827
vt 0.574195 0.977266
vt 0.569421 0.979283
vt 0.567974 0.981441
vt 0.567426 0.984067
vt 0.567985 0.986690
vt 0.569442 0.988841
vt 0.571600 0.990288
vt 0.574226 0.990836
vt 0.576849 0.990276
vt 0.579000 0.988820
vt 0.580447 0.986662
vt 0.580995 0.984036
vt 0.580436 0.981413
vt 0.578979 0.979262
vt 0.576821 0.977815
vt 0.460764 0.938088
vt 0.462453 0.938088
vt 0.459209 0.938088
vt 0.457654 0.938088
vt 0.455965 0.938088
vt 0.454276 0.938088
vt 0.452721 0.938088
vt 0.451166 0.938088
vt 0.449477 0.938088
vt 0.447788 0.938088
vt 0.446233 0.938088
vt 0.444678 0.938088
vt 0.442989 0.938088
vt 0.467251 0.938088
vt 0.468941 0.938088
vt 0.465697 0.938088
vt 0.464142 0.938088
vt 0.345419 0.972904
vt 0.345419 0.970682
vt 0.346823 0.970682
vt 0.346823 0.972904
vt 0.350298 0.972904
vt 0.350298 0.970682
vt 0.353996 0.970682
vt 0.353996 0.972904
vt 0.357619 0.970682
vt 0.357619 0.972904
vt 0.361168 0.970682
vt 0.361168 0.972904
vt 0.364084 0.970682
vt 0.364084 0.972904
vt 0.365710 0.970682
vt 0.365710 0.972904
vt 0.366579 0.970682
vt 0.366579 0.972904
vt 0.368651 0.970682
vt 0.368651 0.972904
vt 0.369401 0.970682
vt 0.369401 0.972904
vt 0.345419 0.968552
vt 0.346823 0.968552
vt 0.350298 0.968552
vt 0.353996 0.968552
vt 0.357619 0.968552
vt 0.361168 0.968552
vt 0.364084 0.968552
vt 0.365710 0.968552
vt 0.366579 0.968552
vt 0.368651 0.968552
vt 0.369401 0.968552
vt 0.345419 0.966422
vt 0.346823 0.966422
vt 0.350298 0.966422
vt 0.353996 0.966422
vt 0.357619 0.966422
vt 0.361168 0.966422
vt 0.364084 0.966422
vt 0.365710 0.966422
vt 0.366579 0.966422
vt 0.368651 0.966422
vt 0.369401 0.966422
vt 0.345419 0.964200
vt 0.346823 0.964200
vt 0.350298 0.964200
vt 0.353996 0.964200
vt 0.357619 0.964200
vt 0.361168 0.964200
vt 0.364084 0.964200
vt 0.365710 0.964200
vt 0.366579 0.964200
vt 0.368651 0.964200
vt 0.369401 0.964200
vt 0.345419 0.961978
vt 0.346823 0.961978
vt 0.350298 0.961978
vt 0.353996 0.961978
vt 0.357619 0.961978
vt 0.361168 0.961978
vt 0.364084 0.961978
vt 0.365710 0.961978
vt 0.366579 0.961978
vt 0.368651 0.961978
vt 0.369401 0.961978
vt 0.345419 0.959848
vt 0.346823 0.959848
vt 0.350298 0.959848
vt 0.353996 0.959848
vt 0.357619 0.959848
vt 0.361168 0.959848
vt 0.364084 0.959848
vt 0.365710 0.959848
vt 0.366579 0.959848
vt 0.368651 0.959848
vt 0.369401 0.959848
vt 0.345419 0.957718
vt 0.346823 0.957718
vt 0.350298 0.957718
vt 0.353996 0.957718
vt 0.357619 0.957718
vt 0.361168 0.957718
vt 0.364084 0.957718
vt 0.365710 0.957718
vt 0.366579 0.957718
vt 0.368651 0.957718
vt 0.369401 0.957718
vt 0.345419 0.955496
vt 0.346823 0.955496
vt 0.350298 0.955496
vt 0.353996 0.955496
vt 0.357619 0.955496
vt 0.361168 0.955496
vt 0.364084 0.955496
vt 0.365710 0.955496
vt 0.366579 0.955496
vt 0.368651 0.955496
vt 0.369401 0.955496
vt 0.345419 0.953274
vt 0.346823 0.953274
vt 0.350298 0.953274
vt 0.353996 0.953274
vt 0.357619 0.953274
vt 0.361168 0.953274
vt 0.364084 0.953274
vt 0.365710 0.953274
vt 0.366579 0.953274
vt 0.368651 0.953274
vt 0.369401 0.953274
vt 0.345419 0.951144
vt 0.346823 0.951144
vt 0.350298 0.951144
vt 0.353996 0.951144
vt 0.357619 0.951144
vt 0.361168 0.951144
vt 0.364084 0.951144
vt 0.365710 0.951144
vt 0.366579 0.951144
vt 0.368651 0.951144
vt 0.369401 0.951144
vt 0.345419 0.949013
vt 0.346823 0.949013
vt 0.350298 0.949013
vt 0.353996 0.949013
vt 0.357619 0.949013
vt 0.361168 0.949013
vt 0.364084 0.949013
vt 0.365710 0.949013
vt 0.366579 0.949013
vt 0.368651 0.949013
vt 0.369401 0.949013
vt 0.345419 0.946792
vt 0.346823 0.946792
vt 0.350298 0.946792
vt 0.353996 0.946792
vt 0.357619 0.946792
vt 0.361168 0.946792
vt 0.364084 0.946792
vt 0.365710 0.946792
vt 0.366579 0.946792
vt 0.368651 0.946792
vt 0.369401 0.946792
vt 0.345419 0.944570
vt 0.346823 0.944570
vt 0.350298 0.944570
vt 0.353996 0.944570
vt 0.357619 0.944570
vt 0.361168 0.944570
vt 0.364084 0.944570
vt 0.365710 0.944570
vt 0.366579 0.944570
vt 0.368651 0.944570
vt 0.369401 0.944570
vt 0.345419 0.942439
vt 0.346823 0.942439
vt 0.350298 0.942439
vt 0.353996 0.942439
vt 0.357619 0.942439
vt 0.361168 0.942439
vt 0.364084 0.942439
vt 0.365710 0.942439
vt 0.366579 0.942439
vt 0.368651 0.942439
vt 0.369401 0.942439
vt 0.345419 0.940309
vt 0.346823 0.940309
vt 0.350298 0.940309
vt 0.353996 0.940309
vt 0.357619 0.940309
vt 0.361168 0.940309
vt 0.364084 0.940309
vt 0.365710 0.940309
vt 0.366579 0.940309
vt 0.368651 0.940309
vt 0.369401 0.940309
vt 0.345419 0.938088
vt 0.346823 0.938088
vt 0.350298 0.938088
vt 0.353996 0.938088
vt 0.357619 0.938088
vt 0.361168 0.938088
vt 0.364084 0.938088
vt 0.365710 0.938088
vt 0.366579 0.938088
vt 0.368651 0.938088
vt 0.369401 0.938088
vt 0.589407 0.979889
vt 0.591094 0.980232
vt 0.590896 0.981049
vt 0.589409 0.980782
vt 0.373988 0.957718
vt 0.373988 0.955496
vt 0.378417 0.955496
vt 0.378417 0.957718
vt 0.373988 0.953274
vt 0.373988 0.951144
vt 0.378417 0.951144
vt 0.378417 0.953274
vt 0.373988 0.959848
vt 0.592377 0.981105
vt 0.592042 0.981441
vt 0.585568 0.982399
vt 0.586442 0.981115
vt 0.586778 0.981450
vt 0.586385 0.982596
vt 0.373988 0.961978
vt 0.593255 0.982386
vt 0.592438 0.982586
vt 0.373988 0.949013
vt 0.593603 0.984071
vt 0.592711 0.984073
vt 0.373988 0.946792
vt 0.585226 0.984085
vt 0.586118 0.984084
vt 0.373988 0.964200
vt 0.378417 0.964200
vt 0.378417 0.966422
vt 0.373988 0.966422
vt 0.373988 0.944570
vt 0.585574 0.985770
vt 0.586390 0.985570
vt 0.593261 0.985757
vt 0.592387 0.987041
vt 0.592051 0.986706
vt 0.592443 0.985559
vt 0.373988 0.942439
vt 0.586452 0.987051
vt 0.586786 0.986715
vt 0.373988 0.968552
vt 0.591107 0.987919
vt 0.590906 0.987102
vt 0.373988 0.940309
vt 0.587735 0.987924
vt 0.587933 0.987107
vt 0.373988 0.970682
vt 0.589421 0.988266
vt 0.589420 0.987374
vt 0.373988 0.938088
vt 0.373988 0.972904
vt 0.587712 0.984081
vt 0.589414 0.984078
vt 0.589417 0.985780
vt 0.587845 0.985653
vt 0.589411 0.982376
vt 0.587840 0.982509
vt 0.587923 0.981054
vt 0.591117 0.984075
vt 0.590984 0.982503
vt 0.590989 0.985648
vt 0.378417 0.944570
vt 0.378417 0.946792
vt 0.378417 0.961978
vt 0.378417 0.959848
vt 0.587722 0.980237
vt 0.378417 0.949013
vt 0.378417 0.942439
vt 0.378417 0.940309
vt 0.378417 0.938088
vt 0.378417 0.970682
vt 0.378417 0.972904
vt 0.378417 0.968552
vt 0.542155 0.984055
vt 0.541911 0.986880
vt 0.539086 0.987117
vt 0.539089 0.984051
vt 0.541702 0.989373
vt 0.539083 0.989838
vt 0.544405 0.986676
vt 0.543626 0.988599
vt 0.544876 0.984058
vt 0.539093 0.980986
vt 0.541918 0.981230
vt 0.544411 0.981439
vt 0.541714 0.978736
vt 0.543636 0.979515
vt 0.539096 0.978265
vt 0.536024 0.984048
vt 0.536267 0.981223
vt 0.536477 0.978730
vt 0.533774 0.981427
vt 0.534553 0.979505
vt 0.533303 0.984045
vt 0.536261 0.986874
vt 0.533768 0.986664
vt 0.536465 0.989367
vt 0.534542 0.988588
vt 0.542089 0.991343
vt 0.539080 0.991950
vt 0.544667 0.989642
vt 0.546374 0.987067
vt 0.546988 0.984061
vt 0.544679 0.978474
vt 0.546380 0.981053
vt 0.539098 0.976153
vt 0.542105 0.976767
vt 0.533512 0.978461
vt 0.536090 0.976760
vt 0.531190 0.984043
vt 0.531805 0.981036
vt 0.531798 0.987051
vt 0.533499 0.989629
vt 0.536074 0.991336
vt 0.344078 0.944570
vt 0.344078 0.942439
vt 0.344078 0.946792
vt 0.344078 0.949013
vt 0.344078 0.951144
vt 0.344078 0.953274
vt 0.344078 0.955496
vt 0.344078 0.957718
vt 0.344078 0.959848
vt 0.344078 0.961978
vt 0.344078 0.964200
vt 0.344078 0.966422
vt 0.344078 0.968552
vt 0.344078 0.970682
vt 0.344078 0.972904
vt 0.344078 0.940309
vt 0.344078 0.938088
vt 0.698776 0.792481
vt 0.698912 0.812318
vt 0.757321 0.686932
vt 0.776807 0.686875
vt 0.694539 0.850634
vt 0.694522 0.839906
vt 0.971916 0.690564
vt 0.976119 0.700777
vt 0.971594 0.690855
vt 0.735609 0.957552
vt 0.733600 0.961608
vt 0.850927 0.704599
vt 0.846492 0.704579
vt 0.855462 0.704652
vt 0.729279 0.963101
vt 0.694454 0.872015
vt 0.694521 0.861361
vt 0.971916 0.710989
vt 0.961755 0.715361
vt 0.837735 0.696874
vt 0.842136 0.697049
vt 0.734171 0.748081
vt 0.730150 0.750177
vt 0.776808 0.714683
vt 0.757321 0.714627
vt 0.698909 0.888953
vt 0.698772 0.908794
vt 0.735609 0.743740
vt 0.846492 0.696976
vt 0.811804 0.694636
vt 0.824995 0.696608
vt 0.717793 0.753006
vt 0.706932 0.760143
vt 0.694339 0.888931
vt 0.944077 0.715497
vt 0.729282 0.738191
vt 0.733601 0.739685
vt 0.850927 0.696956
vt 0.855462 0.696903
vt 0.695100 0.909143
vt 0.923159 0.715466
vt 0.871203 0.704646
vt 0.713905 0.957600
vt 0.731217 0.691233
vt 0.740717 0.687123
vt 0.698961 0.829239
vt 0.699011 0.839906
vt 0.797451 0.692460
vt 0.698773 0.771303
vt 0.699010 0.861362
vt 0.698960 0.872030
vt 0.740717 0.714436
vt 0.731217 0.710327
vt 0.695104 0.792132
vt 0.695890 0.770575
vt 0.902766 0.693021
vt 0.923158 0.686089
vt 0.713911 0.743689
vt 0.871203 0.696908
vt 0.887067 0.694925
vt 0.702743 0.755960
vt 0.706927 0.941141
vt 0.717790 0.948281
vt 0.824995 0.704948
vt 0.811805 0.706920
vt 0.902766 0.708533
vt 0.695884 0.930705
vt 0.699103 0.850634
vt 0.727295 0.700780
vt 0.730149 0.951112
vt 0.837735 0.704682
vt 0.702736 0.945324
vt 0.887066 0.706629
vt 0.698766 0.929977
vt 0.797452 0.709097
vt 0.694456 0.829254
vt 0.961754 0.686192
vt 0.944077 0.686057
vt 0.694342 0.812340
vt 0.734172 0.953210
vt 0.842136 0.704506
vt 0.329967 0.982203
vt 0.329860 0.971722
vt 0.091927 0.964396
vt 0.072095 0.964396
vt 0.250499 0.964396
vt 0.230667 0.964396
vt 0.012591 0.970683
vt 0.032431 0.970683
vt 0.772857 0.194561
vt 0.761264 0.192211
vt 0.032345 0.983254
vt 0.012492 0.983254
vt 0.171214 0.964396
vt 0.151381 0.964396
vt 0.151381 0.970683
vt 0.171221 0.970683
vt 0.310010 0.970683
vt 0.329850 0.970683
vt 0.191060 0.970683
vt 0.761340 0.137442
vt 0.772940 0.135125
vt 0.171236 0.983254
vt 0.151381 0.983254
vt 0.784457 0.192244
vt 0.329978 0.983254
vt 0.310124 0.983254
vt 0.191089 0.983254
vt 0.784534 0.137475
vt 0.111760 0.964396
vt 0.191046 0.964396
vt 0.270332 0.964396
vt 0.131563 0.970683
vt 0.290192 0.970683
vt 0.751880 0.143765
vt 0.131548 0.983254
vt 0.793917 0.185921
vt 0.290291 0.983254
vt 0.111745 0.970683
vt 0.270375 0.970683
vt 0.745531 0.153208
vt 0.111717 0.983254
vt 0.800267 0.176478
vt 0.270461 0.983254
vt 0.012641 0.964396
vt 0.032473 0.964396
vt 0.052284 0.964396
vt 0.131570 0.964396
vt 0.210856 0.964396
vt 0.290142 0.964396
vt 0.309953 0.964396
vt 0.329785 0.964396
vt 0.329776 0.963519
vt 0.091906 0.970683
vt 0.250535 0.970683
vt 0.743181 0.164801
vt 0.091862 0.983254
vt 0.802617 0.164885
vt 0.250606 0.983254
vt 0.072066 0.970683
vt 0.230696 0.970683
vt 0.745498 0.176401
vt 0.072009 0.983254
vt 0.800300 0.153284
vt 0.230753 0.983254
vt 0.052249 0.970683
vt 0.210878 0.970683
vt 0.751821 0.185861
vt 0.052178 0.983254
vt 0.793976 0.143825
vt 0.210922 0.983254
vt 0.329745 0.960427
vt 0.032514 0.958494
vt 0.012688 0.958494
vt 0.191032 0.958494
vt 0.171207 0.958494
vt 0.309899 0.958494
vt 0.329725 0.958494
vt 0.329720 0.958055
vt 0.111770 0.959988
vt 0.091942 0.959988
vt 0.270302 0.959988
vt 0.250474 0.959988
vt 0.191036 0.959988
vt 0.171209 0.959988
vt 0.052318 0.958494
vt 0.210836 0.958494
vt 0.012676 0.959988
vt 0.032503 0.959988
vt 0.052309 0.959988
vt 0.072122 0.958494
vt 0.230640 0.958494
vt 0.309913 0.959988
vt 0.329740 0.959988
vt 0.131575 0.959988
vt 0.210841 0.959988
vt 0.290107 0.959988
vt 0.091947 0.958494
vt 0.250466 0.958494
vt 0.111773 0.958494
vt 0.270292 0.958494
vt 0.151381 0.959988
vt 0.230647 0.959988
vt 0.290095 0.958494
vt 0.072115 0.959988
vt 0.131577 0.958494
vt 0.151381 0.958494
vt 0.831885 0.195455
vt 0.853645 0.191186
vt 0.012771 0.948059
vt 0.032585 0.948059
vt 0.875526 0.300919
vt 0.853777 0.305217
vt 0.171195 0.948059
vt 0.191009 0.948059
vt 0.309804 0.948059
vt 0.329618 0.948059
vt 0.875432 0.195430
vt 0.813255 0.207805
vt 0.052377 0.948059
vt 0.894129 0.288553
vt 0.210801 0.948059
vt 0.800889 0.226457
vt 0.072169 0.948059
vt 0.906461 0.269909
vt 0.230593 0.948059
vt 0.796651 0.248267
vt 0.091983 0.948059
vt 0.910682 0.248136
vt 0.250406 0.948059
vt 0.800943 0.270041
vt 0.111797 0.948059
vt 0.906407 0.226399
vt 0.270220 0.948059
vt 0.813318 0.288661
vt 0.131589 0.948059
vt 0.894065 0.207788
vt 0.290012 0.948059
vt 0.831980 0.301002
vt 0.151381 0.948059
vt 0.585009 0.985952
vt 0.584637 0.984086
vt 0.379093 0.964200
vt 0.379093 0.966422
vt 0.587555 0.988490
vt 0.586033 0.987471
vt 0.379093 0.968552
vt 0.379093 0.970682
vt 0.587541 0.979672
vt 0.589406 0.979301
vt 0.379093 0.955496
vt 0.379093 0.957718
vt 0.379093 0.953274
vt 0.591273 0.979666
vt 0.379093 0.949013
vt 0.379093 0.951144
vt 0.592795 0.980686
vt 0.593820 0.982204
vt 0.586022 0.980697
vt 0.379093 0.959848
vt 0.585003 0.982219
vt 0.379093 0.961978
vt 0.379093 0.942439
vt 0.379093 0.944570
vt 0.593826 0.985937
vt 0.592807 0.987459
vt 0.379093 0.938088
vt 0.379093 0.940309
vt 0.591288 0.988483
vt 0.589422 0.988855
vt 0.379093 0.972904
vt 0.379093 0.946792
vt 0.594191 0.984070
vn 0.8612 0.5083 0.0000
vn 0.9985 -0.0541 0.0000
vn 0.9739 -0.0494 -0.2215
vn 0.8517 0.4833 -0.2026
vn 0.2111 0.0638 -0.9754
vn 0.2158 -0.0152 -0.9763
vn 0.0000 0.0000 -1.0000
vn 0.0306 -0.0592 -0.9978
vn 0.8517 0.4833 0.2026
vn 0.9739 -0.0494 0.2215
vn -0.9414 -0.3374 0.0000
vn -0.9633 -0.2683 0.0000
vn -0.9467 -0.2575 0.1934
vn -0.9171 -0.3461 0.1980
vn -0.9171 -0.3461 -0.1980
vn -0.9467 -0.2575 -0.1934
vn -0.1322 -0.1241 0.9834
vn -0.2122 -0.0628 0.9752
vn 0.0000 -0.0000 1.0000
vn 0.0306 -0.0592 0.9978
vn -0.7129 -0.6698 -0.2076
vn -0.7508 -0.6605 0.0000
vn -0.2122 -0.0628 -0.9752
vn -0.1322 -0.1241 -0.9834
vn 0.7071 -0.7071 0.0000
vn 0.6931 -0.6872 -0.2177
vn 0.2158 -0.0152 0.9763
vn 0.2111 0.0638 0.9754
vn 0.2531 0.9674 0.0000
vn 0.2793 0.9442 -0.1748
vn 0.0773 0.9752 -0.2072
vn 0.0422 0.9991 0.0000
vn 0.0773 0.9752 0.2072
vn 0.2793 0.9442 0.1748
vn 0.0000 -1.0000 0.0000
vn -0.0000 -0.9805 -0.1965
vn 0.0356 -0.9760 -0.2150
vn 0.0356 -0.9760 0.2150
vn -0.0000 -0.9805 0.1965
vn -0.1951 0.0000 -0.9808
vn -0.1843 -0.1951 -0.9633
vn -0.6946 -0.2057 -0.6894
vn -0.7071 -0.0000 -0.7071
vn 0.0211 0.9998 0.0000
vn 0.0206 0.9820 -0.1877
vn -0.0471 0.9762 -0.2117
vn 0.0000 1.0000 0.0000
vn -1.0000 -0.0000 -0.0000
vn -0.9752 0.2212 -0.0000
vn -0.6939 0.2112 -0.6884
vn -0.0486 -0.9745 -0.2190
vn -0.2302 0.9732 0.0000
vn -0.1624 0.9725 0.1668
vn -0.0471 0.9762 0.2117
vn -0.1951 -0.0000 0.9808
vn -0.1840 0.2015 0.9620
vn -0.6939 0.2112 0.6884
vn -0.7071 0.0000 0.7071
vn -0.9764 -0.2159 -0.0000
vn -0.6946 -0.2057 0.6894
vn 0.0206 0.9820 0.1877
vn -0.2373 -0.9714 -0.0000
vn -0.1675 -0.9707 -0.1721
vn -0.0486 -0.9745 0.2190
vn -0.2729 -0.9388 -0.2102
vn -0.3267 -0.9451 0.0000
vn 0.2044 0.0933 0.9744
vn 0.2567 0.1579 0.9535
vn 0.2043 -0.0677 0.9766
vn 0.0814 -0.0997 0.9917
vn 0.1650 -0.2116 0.9633
vn -0.0433 -0.2202 0.9745
vn -0.6887 -0.6955 -0.2049
vn -0.7071 -0.7071 0.0000
vn 0.6931 -0.6872 0.2177
vn -0.1843 -0.1951 0.9633
vn -0.0000 -0.2000 0.9798
vn -0.0000 -0.2000 -0.9798
vn -0.1675 -0.9707 0.1721
vn 0.1546 -0.0276 -0.9876
vn 0.1449 -0.2168 -0.9654
vn 0.1449 -0.2168 0.9654
vn 0.1546 -0.0276 0.9876
vn -0.0433 -0.2202 -0.9745
vn 0.1650 -0.2116 -0.9633
vn 0.2043 -0.0677 -0.9766
vn 0.0814 -0.0997 -0.9917
vn -0.7129 -0.6698 0.2076
vn -0.2729 -0.9388 0.2102
vn 0.0001 -0.9766 0.2152
vn -0.6887 -0.6955 0.2049
vn 0.0001 -0.9766 -0.2152
vn -0.1727 -0.1671 0.9707
vn -0.0005 -0.2356 0.9718
vn -0.0005 -0.2356 -0.9718
vn -0.1727 -0.1671 -0.9707
vn 0.1590 -0.1653 0.9734
vn 0.1590 -0.1653 -0.9734
vn 0.5983 0.7782 -0.1911
vn 0.5885 0.8085 0.0000
vn 0.1568 0.1748 0.9720
vn 0.0044 0.2098 -0.9777
vn 0.1568 0.1748 -0.9720
vn 0.0044 0.2098 0.9777
vn -0.1840 0.2015 -0.9620
vn 0.2567 0.1579 -0.9535
vn 0.2044 0.0933 -0.9744
vn 0.5983 0.7782 0.1911
vn 0.9798 -0.1998 -0.0000
vn 0.6815 -0.7318 0.0001
vn 0.6295 -0.7320 0.2607
vn 0.9053 -0.1998 0.3750
vn 0.4818 -0.7320 0.4818
vn 0.6929 -0.1998 0.6929
vn 0.2608 -0.7318 0.6296
vn 0.3750 -0.1998 0.9053
vn -0.0000 -0.7318 0.6815
vn -0.0000 -0.1998 0.9798
vn -0.2608 -0.7319 0.6296
vn -0.3749 -0.1998 0.9053
vn -0.4818 -0.7319 0.4818
vn -0.6929 -0.1998 0.6929
vn -0.6294 -0.7320 0.2607
vn -0.9053 -0.1998 0.3750
vn -0.6814 -0.7319 -0.0000
vn -0.9798 -0.1998 0.0000
vn -0.6296 -0.7319 -0.2608
vn -0.9053 -0.1998 -0.3750
vn -0.4819 -0.7318 -0.4819
vn -0.6929 -0.1998 -0.6929
vn -0.2608 -0.7318 -0.6296
vn -0.3750 -0.1998 -0.9053
vn 0.0000 -0.7318 -0.6815
vn 0.0000 -0.1998 -0.9798
vn 0.2608 -0.7319 -0.6296
vn 0.3749 -0.1998 -0.9053
vn 0.4819 -0.7318 -0.4819
vn 0.6929 -0.1998 -0.6929
vn 0.6296 -0.7319 -0.2608
vn 0.9053 -0.1998 -0.3750
vn 0.1582 -0.9852 0.0655
vn 0.1712 -0.9852 0.0000
vn 0.1211 -0.9852 0.1211
vn 0.0655 -0.9852 0.1582
vn -0.0000 -0.9852 0.1712
vn -0.0655 -0.9852 0.1582
vn -0.1211 -0.9852 0.1211
vn -0.1581 -0.9853 0.0655
vn -0.1712 -0.9852 -0.0000
vn -0.1582 -0.9852 -0.0655
vn -0.1211 -0.9852 -0.1211
vn -0.0655 -0.9852 -0.1582
vn 0.0000 -0.9852 -0.1712
vn 0.0655 -0.9852 -0.1582
vn 0.1211 -0.9852 -0.1211
vn 0.1581 -0.9853 -0.0655
vn -0.1572 -0.9854 -0.0651
vn -0.1702 -0.9854 -0.0000
vn 0.2168 -0.9762 -0.0000
vn 0.2003 -0.9762 0.0829
vn -0.0651 -0.9854 -0.1572
vn -0.1204 -0.9854 -0.1204
vn 0.1533 -0.9762 0.1533
vn 0.0830 -0.9762 0.2003
vn -0.0000 -0.9854 -0.1702
vn -0.0000 -0.9762 0.2168
vn -0.3751 -0.1983 0.9055
vn -0.0000 -0.1983 0.9801
vn 0.0651 -0.9854 -0.1572
vn -0.0830 -0.9762 0.2003
vn 0.1204 -0.9854 -0.1204
vn -0.1533 -0.9762 0.1533
vn 0.1572 -0.9854 -0.0651
vn -0.2003 -0.9762 0.0829
vn 0.1572 -0.9854 0.0651
vn 0.1702 -0.9854 -0.0000
vn -0.2168 -0.9762 -0.0000
vn -0.2003 -0.9762 -0.0829
vn 0.1204 -0.9854 0.1204
vn -0.1533 -0.9762 -0.1533
vn 0.0651 -0.9854 0.1572
vn -0.0830 -0.9762 -0.2003
vn 0.0000 -0.9854 0.1702
vn 0.0000 -0.9762 -0.2168
vn 0.0000 -0.1983 -0.9801
vn 0.3751 -0.1983 -0.9055
vn -0.0651 -0.9854 0.1572
vn 0.0830 -0.9762 -0.2003
vn -0.1204 -0.9854 0.1204
vn 0.1533 -0.9762 -0.1533
vn -0.1572 -0.9854 0.0651
vn 0.2003 -0.9762 -0.0829
vn 0.9055 -0.1983 -0.3751
vn 0.9070 0.1905 -0.3757
vn 0.9817 0.1905 0.0000
vn 0.9801 -0.1983 0.0000
vn 0.9055 -0.1983 0.3751
vn 0.9070 0.1905 0.3757
vn 0.6942 0.1905 0.6942
vn 0.6930 -0.1983 0.6931
vn 0.3757 0.1905 0.9070
vn 0.3751 -0.1983 0.9055
vn 0.0000 0.1905 0.9817
vn -0.3757 0.1905 0.9070
vn -0.6942 0.1905 0.6942
vn -0.6930 -0.1983 0.6931
vn -0.9070 0.1905 0.3757
vn -0.9055 -0.1983 0.3751
vn -0.9817 0.1905 -0.0000
vn -0.9801 -0.1983 0.0000
vn -0.9070 0.1905 -0.3757
vn -0.9055 -0.1983 -0.3751
vn -0.6942 0.1905 -0.6942
vn -0.6930 -0.1983 -0.6931
vn -0.3757 0.1905 -0.9070
vn -0.3751 -0.1983 -0.9055
vn -0.0000 0.1905 -0.9817
vn 0.3757 0.1905 -0.9070
vn 0.6942 0.1905 -0.6942
vn 0.6930 -0.1983 -0.6931
vn 0.2167 -0.9762 0.0000
vn 0.2002 -0.9762 0.0829
vn 0.0834 0.9759 0.2015
vn 0.2796 0.6842 0.6736
vn 0.5157 0.6841 0.5157
vn 0.1542 0.9759 0.1542
vn 0.6738 0.6841 0.2791
vn 0.2015 0.9759 0.0835
vn 0.7294 0.6841 0.0000
vn 0.2181 0.9759 0.0000
vn 0.6738 0.6841 -0.2791
vn 0.2015 0.9759 -0.0834
vn 0.5157 0.6841 -0.5157
vn 0.1542 0.9759 -0.1542
vn 0.2791 0.6841 -0.6738
vn 0.0834 0.9759 -0.2015
vn -0.0000 0.6841 -0.7294
vn -0.0000 0.9759 -0.2181
vn -0.2790 0.6845 -0.6735
vn -0.0834 0.9759 -0.2015
vn -0.5156 0.6843 -0.5156
vn -0.1542 0.9759 -0.1542
vn -0.6738 0.6841 -0.2791
vn -0.2015 0.9759 -0.0835
vn -0.7294 0.6841 -0.0000
vn -0.2181 0.9759 -0.0000
vn -0.6738 0.6841 0.2791
vn -0.2015 0.9759 0.0835
vn -0.5157 0.6841 0.5157
vn -0.1542 0.9759 0.1542
vn -0.2791 0.6841 0.6738
vn -0.0834 0.9759 0.2015
vn 0.0000 0.6841 0.7294
vn 0.0000 0.9759 0.2181
vn 0.1211 0.9852 0.1211
vn 0.0656 0.9852 0.1583
vn 0.1582 0.9852 0.0655
vn 0.1712 0.9852 0.0000
vn 0.1582 0.9852 -0.0655
vn 0.1211 0.9852 -0.1211
vn 0.0655 0.9852 -0.1582
vn -0.0000 0.9852 -0.1712
vn -0.0655 0.9852 -0.1582
vn -0.1211 0.9852 -0.1211
vn -0.1582 0.9852 -0.0655
vn -0.1712 0.9852 -0.0000
vn -0.1582 0.9852 0.0655
vn -0.1211 0.9852 0.1211
vn -0.0656 0.9852 0.1582
vn 0.0000 0.9852 0.1712
vn 0.1532 -0.9762 -0.1532
vn 0.2002 -0.9762 -0.0829
vn 0.0829 -0.9762 -0.2002
vn -0.0829 -0.9762 -0.2002
vn -0.1532 -0.9762 -0.1532
vn -0.2002 -0.9762 -0.0829
vn -0.2167 -0.9762 0.0000
vn -0.2002 -0.9762 0.0829
vn -0.1532 -0.9762 0.1532
vn -0.0829 -0.9762 0.2002
vn 0.0829 -0.9762 0.2002
vn 0.1532 -0.9762 0.1532
vn 0.4819 0.7318 0.4819
vn 0.2608 0.7318 0.6297
vn 0.6296 0.7318 0.2608
vn 0.6815 0.7318 0.0000
vn 0.6296 0.7318 -0.2608
vn 0.4819 0.7318 -0.4819
vn 0.2608 0.7318 -0.6296
vn 0.0000 0.7318 -0.6815
vn -0.2607 0.7319 -0.6296
vn -0.4819 0.7319 -0.4819
vn -0.6296 0.7318 -0.2608
vn -0.6815 0.7318 -0.0000
vn -0.6296 0.7318 0.2608
vn -0.4819 0.7318 0.4819
vn -0.2608 0.7318 0.6296
vn -0.0000 0.7318 0.6815
vn 0.2791 0.6841 0.6739
vn -0.0000 0.1998 0.9798
vn 0.3750 0.1998 0.9053
vn 0.6928 0.1998 0.6928
vn 0.6738 0.6841 0.2792
vn 0.9053 0.1998 0.3750
vn 0.7293 0.6841 0.0001
vn 0.9798 0.1998 -0.0000
vn 0.9053 0.1998 -0.3750
vn 0.6928 0.1998 -0.6928
vn 0.3750 0.1998 -0.9053
vn 0.0000 0.1998 -0.9798
vn -0.3750 0.1998 -0.9053
vn -0.2791 0.6841 -0.6739
vn -0.6928 0.1998 -0.6928
vn -0.5157 0.6841 -0.5157
vn -0.9053 0.1998 -0.3750
vn -0.6738 0.6841 -0.2792
vn -0.9798 0.1998 0.0000
vn -0.7293 0.6841 -0.0001
vn -0.9053 0.1998 0.3750
vn -0.6928 0.1998 0.6928
vn -0.3750 0.1998 0.9053
vn 0.2014 0.9759 0.0835
vn 0.2180 0.9759 0.0000
vn 0.0834 0.9759 -0.2014
vn 0.0000 0.9759 -0.2180
vn -0.2014 0.9759 -0.0835
vn -0.2180 0.9759 -0.0000
vn -0.2015 0.9759 0.0834
vn -0.0834 0.9759 0.2014
vn -0.0000 0.9759 0.2180
vn -0.0843 -0.9929 -0.0843
vn -0.1102 -0.9929 -0.0456
vn 0.6931 -0.1983 0.6931
vn -0.1192 -0.9929 -0.0000
vn -0.0456 -0.9929 -0.1102
vn -0.0829 -0.9762 -0.2003
vn 0.3743 -0.2084 -0.9036
vn 0.6916 -0.2084 -0.6916
vn 0.6931 -0.1983 -0.6931
vn -0.6931 -0.1983 0.6931
vn 0.0456 -0.9929 -0.1102
vn 0.0000 -0.9929 -0.1192
vn 0.0000 -0.9762 -0.2167
vn 0.0843 -0.9929 -0.0843
vn 0.1102 -0.9929 -0.0456
vn 0.9036 -0.2084 0.3743
vn 0.6916 -0.2084 0.6916
vn 0.1102 -0.9929 0.0456
vn 0.1192 -0.9929 0.0000
vn -0.6931 -0.1983 -0.6931
vn 0.0843 -0.9929 0.0843
vn 0.0456 -0.9929 0.1102
vn 0.0829 -0.9762 0.2003
vn -0.6916 -0.2084 0.6916
vn -0.3743 -0.2084 0.9036
vn -0.0456 -0.9929 0.1102
vn -0.0000 -0.9929 0.1192
vn -0.0000 -0.9762 0.2167
vn -0.0843 -0.9929 0.0843
vn -0.9036 -0.2084 -0.3743
vn -0.9780 -0.2084 -0.0000
vn -0.1102 -0.9929 0.0456
vn 0.9780 -0.2084 -0.0000
vn 0.9036 -0.2084 -0.3743
vn -0.0000 -0.2084 -0.9780
vn -0.3743 -0.2084 -0.9036
vn -0.6916 -0.2084 -0.6916
vn 0.7511 -0.6602 0.0000
vn 0.7023 -0.6534 -0.2826
vn 0.6859 -0.6700 -0.2841
vn 0.7424 -0.6700 0.0000
vn -0.9036 -0.2084 0.3743
vn 0.0000 -0.2084 0.9780
vn 0.3743 -0.2084 0.9036
vn -0.7023 -0.6534 0.2826
vn -0.5410 -0.6440 0.5410
vn -0.5250 -0.6700 0.5249
vn -0.6859 -0.6700 0.2841
vn -0.2826 -0.6534 0.7023
vn -0.2841 -0.6700 0.6859
vn 0.0000 -0.6601 0.7511
vn -0.0000 -0.6700 0.7424
vn 0.2826 -0.6534 0.7023
vn 0.2841 -0.6700 0.6859
vn -0.5410 -0.6440 -0.5410
vn -0.7023 -0.6534 -0.2826
vn -0.6859 -0.6700 -0.2841
vn -0.5250 -0.6700 -0.5249
vn 0.5410 -0.6440 0.5410
vn 0.7023 -0.6533 0.2826
vn 0.6859 -0.6700 0.2841
vn 0.5250 -0.6700 0.5249
vn 0.1410 -0.9879 -0.0646
vn 0.1458 -0.9893 0.0000
vn 0.5410 -0.6440 -0.5410
vn 0.5250 -0.6700 -0.5249
vn 0.2826 -0.6534 -0.7023
vn -0.0000 -0.6601 -0.7511
vn 0.0000 -0.6700 -0.7424
vn 0.2841 -0.6700 -0.6859
vn -0.2826 -0.6534 -0.7023
vn -0.2841 -0.6700 -0.6859
vn -0.7511 -0.6602 -0.0000
vn -0.7424 -0.6700 -0.0000
vn 0.0645 -0.9879 0.1410
vn 0.0000 -0.9893 0.1457
vn 0.1410 -0.9879 0.0646
vn 0.1146 -0.9868 0.1146
vn -0.0645 -0.9879 -0.1410
vn -0.1410 -0.9879 -0.0646
vn -0.1146 -0.9868 -0.1146
vn 0.0000 -0.9893 -0.1457
vn -0.0645 -0.9879 0.1410
vn -0.1146 -0.9868 0.1146
vn -0.1410 -0.9879 0.0646
vn -0.1458 -0.9893 0.0000
vn 0.0645 -0.9879 -0.1410
vn 0.1146 -0.9868 -0.1146
vn -0.0000 -0.9835 0.1809
vn 0.0150 -0.9999 -0.0000
vn 0.1955 -0.9806 0.0160
vn 0.1772 -0.9644 0.1963
vn -0.0000 -0.8717 0.4900
vn 0.2052 -0.8553 0.4758
vn 0.4025 -0.8066 0.4328
vn 0.4596 -0.8568 0.2340
vn 0.4990 -0.8665 0.0117
vn -0.1809 -0.9835 -0.0000
vn -0.1963 -0.9644 0.1772
vn -0.4902 -0.8716 -0.0000
vn -0.4750 -0.8549 0.2085
vn -0.2421 -0.8517 0.4648
vn -0.4328 -0.8066 0.4025
vn -0.0000 -0.9835 -0.1809
vn -0.1771 -0.9644 -0.1963
vn -0.0000 -0.8715 -0.4903
vn -0.2085 -0.8549 -0.4750
vn -0.4648 -0.8517 -0.2421
vn -0.4024 -0.8067 -0.4329
vn 0.1963 -0.9644 -0.1771
vn 0.4758 -0.8553 -0.2052
vn 0.4328 -0.8067 -0.4024
vn 0.2340 -0.8568 -0.4595
vn 0.3834 0.0023 0.9236
vn 0.0008 0.0000 1.0000
vn -0.0000 0.7557 0.6549
vn 0.2523 0.7518 0.6092
vn 0.7080 0.0018 0.7062
vn 0.4631 0.7557 0.4631
vn 0.9230 0.0059 0.3848
vn 0.6092 0.7518 0.2523
vn 1.0000 0.0064 0.0000
vn 0.6549 0.7557 0.0000
vn 0.9250 0.0059 -0.3798
vn 0.6092 0.7518 -0.2523
vn 0.7070 0.0019 -0.7073
vn 0.4631 0.7557 -0.4631
vn 0.3834 0.0023 -0.9236
vn 0.2523 0.7518 -0.6092
vn 0.0008 0.0000 -1.0000
vn -0.0000 0.7557 -0.6549
vn -0.3822 -0.0022 -0.9241
vn -0.2523 0.7518 -0.6092
vn -0.7073 -0.0062 -0.7069
vn -0.4631 0.7557 -0.4631
vn -0.9229 -0.0050 -0.3849
vn -0.6092 0.7518 -0.2523
vn -1.0000 -0.0054 -0.0000
vn -0.6549 0.7557 -0.0000
vn -0.9247 -0.0050 0.3806
vn -0.6092 0.7518 0.2523
vn -0.7061 -0.0061 0.7080
vn -0.4631 0.7557 0.4631
vn -0.3822 -0.0022 0.9241
vn -0.2523 0.7518 0.6092
vn 0.7239 -0.6122 0.3182
vn 0.7867 -0.6173 0.0052
vn 0.5625 -0.6060 0.5624
vn 0.3180 -0.6150 0.7216
vn -0.0000 -0.6210 0.7838
vn -0.3180 -0.6149 0.7216
vn -0.5624 -0.6061 0.5624
vn -0.7238 -0.6123 0.3182
vn -0.7840 -0.6208 -0.0000
vn -0.7216 -0.6149 -0.3180
vn -0.5624 -0.6061 -0.5624
vn -0.3182 -0.6123 -0.7238
vn -0.0041 -0.6190 -0.7854
vn 0.3182 -0.6122 -0.7238
vn 0.5625 -0.6060 -0.5625
vn 0.7217 -0.6149 -0.3180
vn 0.0017 0.9773 0.2117
vn 0.0743 0.9781 0.1945
vn 0.1450 0.9786 0.1459
vn 0.1929 0.9782 0.0775
vn 0.2104 0.9776 0.0000
vn 0.1945 0.9781 -0.0743
vn 0.1459 0.9786 -0.1449
vn 0.0775 0.9782 -0.1929
vn -0.0000 0.9776 -0.2103
vn -0.0743 0.9781 -0.1945
vn -0.1450 0.9786 -0.1458
vn -0.1929 0.9782 -0.0775
vn -0.2104 0.9776 -0.0000
vn -0.1945 0.9781 0.0743
vn -0.1458 0.9786 0.1450
vn -0.0775 0.9781 0.1930
vn 0.9494 0.3140 0.0047
vn 0.8809 0.3114 0.3564
vn 0.6709 0.3158 0.6709
vn 0.3576 0.3087 0.8814
vn -0.0000 0.3093 0.9510
vn -0.3564 0.3115 0.8809
vn -0.6709 0.3158 0.6709
vn -0.8814 0.3088 0.3576
vn -0.9510 0.3093 -0.0000
vn -0.8809 0.3114 -0.3564
vn -0.6709 0.3157 -0.6709
vn -0.3576 0.3087 -0.8814
vn -0.0000 0.3093 -0.9510
vn 0.3564 0.3114 -0.8809
vn 0.6709 0.3159 -0.6709
vn 0.8813 0.3088 -0.3575
vn 0.2155 0.9765 0.0000
vn 0.0349 0.9993 0.0145
vn 0.0499 0.9794 0.1954
vn 0.2297 0.9570 0.1773
vn 0.0421 0.8656 0.4990
vn 0.2565 0.8533 0.4540
vn 0.4610 0.7909 0.4025
vn 0.4872 0.8435 0.2261
vn 0.5203 0.8540 0.0000
vn -0.1612 0.9868 0.0156
vn -0.1435 0.9701 0.1960
vn -0.4684 0.8834 0.0116
vn -0.4291 0.8767 0.2173
vn -0.3740 0.8200 0.4332
vn -0.1963 0.8690 0.4542
vn 0.0187 0.9805 -0.1954
vn -0.1623 0.9707 -0.1773
vn 0.0189 0.8664 -0.4991
vn -0.1877 0.8680 -0.4598
vn -0.4046 0.8209 -0.4030
vn -0.4240 0.8769 -0.2264
vn 0.2109 0.9576 -0.1961
vn 0.4840 0.8452 -0.2266
vn 0.4305 0.7920 -0.4330
vn 0.2559 0.8517 -0.4573
vn -0.0304 -0.7552 0.6548
vn 0.2253 -0.7543 0.6166
vn 0.4433 -0.7608 0.4741
vn 0.5975 -0.7585 0.2601
vn 0.6465 -0.7629 0.0000
vn 0.5975 -0.7585 -0.2601
vn 0.4433 -0.7608 -0.4740
vn 0.2253 -0.7543 -0.6166
vn -0.0304 -0.7552 -0.6548
vn -0.2791 -0.7483 -0.6018
vn -0.4824 -0.7498 -0.4528
vn -0.6214 -0.7441 -0.2453
vn -0.6642 -0.7475 -0.0000
vn -0.6214 -0.7441 0.2453
vn -0.4824 -0.7498 0.4528
vn -0.2791 -0.7483 0.6018
vn 0.7607 0.5741 0.3030
vn 0.8052 0.5930 0.0000
vn 0.6185 0.5604 0.5508
vn 0.3594 0.5882 0.7245
vn 0.0274 0.6167 0.7867
vn -0.2778 0.6103 0.7418
vn -0.5299 0.6003 0.5990
vn -0.7050 0.6251 0.3350
vn -0.7631 0.6462 0.0042
vn -0.7202 0.6260 -0.2992
vn -0.5780 0.6020 -0.5510
vn -0.3138 0.6112 -0.7266
vn 0.0168 0.6170 -0.7868
vn 0.3236 0.5892 -0.7404
vn 0.5703 0.5622 -0.5989
vn 0.7449 0.5749 -0.3386
vn -0.0341 -0.9769 0.2108
vn 0.0412 -0.9799 0.1953
vn 0.1171 -0.9823 0.1460
vn 0.1589 -0.9840 0.0802
vn 0.1773 -0.9842 -0.0011
vn 0.1615 -0.9839 -0.0762
vn 0.1163 -0.9824 -0.1464
vn 0.0458 -0.9800 -0.1936
vn -0.0325 -0.9769 -0.2112
vn -0.1086 -0.9748 -0.1949
vn -0.1789 -0.9722 -0.1510
vn -0.2278 -0.9703 -0.0811
vn -0.2457 -0.9694 0.0013
vn -0.2297 -0.9702 0.0765
vn -0.1841 -0.9720 0.1463
vn -0.1134 -0.9745 0.1934
vn 0.8725 -0.3556 0.3350
vn 0.9397 -0.3421 0.0000
vn 0.6721 -0.3667 0.6433
vn 0.3554 -0.3386 0.8712
vn -0.0061 -0.3141 0.9494
vn -0.3469 -0.3140 0.8838
vn -0.6558 -0.3206 0.6835
vn -0.8828 -0.2944 0.3661
vn -0.9599 -0.2803 0.0047
vn -0.8954 -0.2938 -0.3346
vn -0.6965 -0.3193 -0.6426
vn -0.3785 -0.3132 -0.8710
vn -0.0158 -0.3138 -0.9494
vn 0.3239 -0.3372 -0.8840
vn 0.6314 -0.3652 -0.6841
vn 0.8599 -0.3554 -0.3665
vn 0.9926 0.1214 -0.0065
vn 0.9163 0.1279 -0.3795
vn 0.7479 0.5871 -0.3098
vn 0.8095 0.5871 0.0000
vn 0.7485 0.6631 0.0000
vn 0.6915 0.6631 -0.2864
vn 0.9178 0.1146 -0.3802
vn 0.9934 0.1146 0.0000
vn 0.8064 -0.4879 -0.3340
vn 0.8729 -0.4879 -0.0000
vn 0.7544 -0.5773 -0.3125
vn 0.8165 -0.5774 -0.0000
vn 0.8749 -0.3211 -0.3624
vn 0.9470 -0.3211 0.0000
vn 0.9222 0.0596 -0.3820
vn 0.9982 0.0596 0.0000
vn 0.7027 0.6492 -0.2911
vn 0.7606 0.6492 -0.0000
vn 0.6746 0.6833 -0.2794
vn 0.7301 0.6833 -0.0000
vn 0.9098 0.1738 -0.3769
vn 0.9848 0.1738 -0.0000
vn 0.7013 0.1277 -0.7013
vn 0.5724 0.5871 -0.5724
vn 0.5293 0.6631 -0.5293
vn 0.7024 0.1146 -0.7024
vn 0.6172 -0.4879 -0.6172
vn 0.5774 -0.5773 -0.5774
vn 0.6697 -0.3211 -0.6697
vn 0.7059 0.0596 -0.7058
vn 0.5378 0.6492 -0.5378
vn 0.5163 0.6833 -0.5163
vn 0.6963 0.1738 -0.6963
vn 0.3795 0.1279 -0.9163
vn 0.3098 0.5871 -0.7479
vn 0.2864 0.6631 -0.6915
vn 0.3802 0.1146 -0.9178
vn 0.3340 -0.4879 -0.8064
vn 0.3125 -0.5773 -0.7544
vn 0.3624 -0.3211 -0.8749
vn 0.3820 0.0596 -0.9222
vn 0.2911 0.6492 -0.7027
vn 0.2794 0.6833 -0.6746
vn 0.3769 0.1738 -0.9098
vn -0.0000 0.1277 -0.9918
vn -0.0000 0.5871 -0.8095
vn -0.0000 0.6631 -0.7485
vn -0.0000 0.1146 -0.9934
vn 0.0000 -0.4879 -0.8729
vn 0.0001 -0.5773 -0.8165
vn 0.0000 -0.3211 -0.9470
vn -0.0000 0.0596 -0.9982
vn -0.0000 0.6492 -0.7606
vn -0.0000 0.6833 -0.7301
vn -0.0000 0.1738 -0.9848
vn -0.3795 0.1279 -0.9163
vn -0.3098 0.5871 -0.7479
vn -0.2864 0.6631 -0.6915
vn -0.3802 0.1146 -0.9178
vn -0.3340 -0.4879 -0.8064
vn -0.3124 -0.5773 -0.7544
vn -0.3624 -0.3211 -0.8749
vn -0.3820 0.0596 -0.9222
vn -0.2911 0.6492 -0.7027
vn -0.2794 0.6833 -0.6746
vn -0.3768 0.1738 -0.9098
vn -0.7013 0.1277 -0.7013
vn -0.5724 0.5871 -0.5724
vn -0.5293 0.6631 -0.5293
vn -0.7024 0.1146 -0.7025
vn -0.6172 -0.4879 -0.6172
vn -0.5774 -0.5773 -0.5774
vn -0.6696 -0.3212 -0.6697
vn -0.7058 0.0596 -0.7058
vn -0.5378 0.6492 -0.5378
vn -0.5163 0.6833 -0.5163
vn -0.6963 0.1738 -0.6963
vn -0.9163 0.1279 -0.3795
vn -0.7479 0.5871 -0.3098
vn -0.6915 0.6631 -0.2865
vn -0.9178 0.1146 -0.3802
vn -0.8064 -0.4879 -0.3340
vn -0.7544 -0.5773 -0.3125
vn -0.8749 -0.3212 -0.3624
vn -0.9222 0.0596 -0.3820
vn -0.7027 0.6492 -0.2911
vn -0.6746 0.6833 -0.2794
vn -0.9098 0.1738 -0.3769
vn -0.9918 0.1277 0.0000
vn -0.8095 0.5871 0.0000
vn -0.7485 0.6631 0.0000
vn -0.9934 0.1146 -0.0000
vn -0.8729 -0.4879 -0.0000
vn -0.8165 -0.5773 -0.0000
vn -0.9470 -0.3212 0.0000
vn -0.9982 0.0596 0.0000
vn -0.7606 0.6492 0.0000
vn -0.7301 0.6833 -0.0000
vn -0.9848 0.1738 0.0000
vn -0.9163 0.1279 0.3795
vn -0.7479 0.5871 0.3098
vn -0.6915 0.6631 0.2865
vn -0.9178 0.1146 0.3802
vn -0.8064 -0.4879 0.3340
vn -0.7544 -0.5773 0.3125
vn -0.8749 -0.3212 0.3624
vn -0.9222 0.0596 0.3820
vn -0.7027 0.6493 0.2911
vn -0.6746 0.6833 0.2794
vn -0.9098 0.1738 0.3769
vn -0.7013 0.1277 0.7013
vn -0.5724 0.5871 0.5724
vn -0.5293 0.6631 0.5293
vn -0.7024 0.1146 0.7025
vn -0.6172 -0.4879 0.6172
vn -0.5774 -0.5773 0.5774
vn -0.6696 -0.3212 0.6697
vn -0.7059 0.0596 0.7058
vn -0.5378 0.6492 0.5378
vn -0.5163 0.6833 0.5163
vn -0.6963 0.1738 0.6963
vn -0.3795 0.1279 0.9163
vn -0.3098 0.5871 0.7479
vn -0.2864 0.6631 0.6915
vn -0.3802 0.1146 0.9178
vn -0.3340 -0.4879 0.8064
vn -0.3125 -0.5773 0.7544
vn -0.3624 -0.3211 0.8749
vn -0.3820 0.0596 0.9222
vn -0.2911 0.6492 0.7027
vn -0.2794 0.6833 0.6746
vn -0.3768 0.1738 0.9098
vn -0.0000 0.1277 0.9918
vn -0.0000 0.5871 0.8095
vn -0.0000 0.6631 0.7485
vn -0.0000 0.1146 0.9934
vn 0.0000 -0.4879 0.8729
vn -0.0002 -0.5773 0.8165
vn 0.0000 -0.3211 0.9470
vn -0.0000 0.0596 0.9982
vn -0.0000 0.6492 0.7606
vn -0.0000 0.6833 0.7301
vn -0.0000 0.1738 0.9848
vn 0.3795 0.1279 0.9163
vn 0.3098 0.5871 0.7479
vn 0.2864 0.6631 0.6915
vn 0.3802 0.1146 0.9178
vn 0.3340 -0.4879 0.8064
vn 0.3125 -0.5773 0.7544
vn 0.3624 -0.3211 0.8749
vn 0.3820 0.0596 0.9222
vn 0.2911 0.6492 0.7027
vn 0.2794 0.6833 0.6746
vn 0.3769 0.1738 0.9098
vn 0.7013 0.1277 0.7013
vn 0.5724 0.5871 0.5724
vn 0.5293 0.6631 0.5293
vn 0.7024 0.1146 0.7024
vn 0.6172 -0.4879 0.6172
vn 0.5774 -0.5773 0.5774
vn 0.6697 -0.3211 0.6697
vn 0.7059 0.0596 0.7058
vn 0.5378 0.6492 0.5378
vn 0.5163 0.6833 0.5163
vn 0.6963 0.1738 0.6963
vn 0.9163 0.1279 0.3795
vn 0.7479 0.5871 0.3098
vn 0.6915 0.6631 0.2864
vn 0.9178 0.1146 0.3802
vn 0.8064 -0.4879 0.3340
vn 0.7544 -0.5773 0.3125
vn 0.8749 -0.3211 0.3624
vn 0.9222 0.0596 0.3820
vn 0.7027 0.6492 0.2911
vn 0.6746 0.6833 0.2794
vn 0.9098 0.1738 0.3768
vn -0.7709 0.6370 -0.0000
vn -0.7183 0.6263 0.3029
vn -0.5301 0.8127 0.2419
vn -0.5658 0.8245 -0.0000
vn -0.9083 0.1830 -0.3762
vn -0.9831 0.1830 -0.0000
vn -0.9503 0.3115 -0.0000
vn -0.8807 0.3071 -0.3607
vn -0.9083 0.1830 0.3762
vn -0.6952 0.1830 0.6952
vn -0.6741 0.3020 0.6741
vn -0.8807 0.3071 0.3607
vn -0.6952 0.1830 -0.6952
vn -0.5595 0.6114 0.5595
vn -0.4738 0.7501 0.4614
vn -0.3029 0.6263 -0.7183
vn -0.5595 0.6114 -0.5595
vn -0.4614 0.7501 -0.4738
vn -0.2537 0.8074 -0.5327
vn -0.3762 0.1830 -0.9083
vn -0.3029 0.6263 0.7183
vn -0.2565 0.8066 0.5326
vn -0.3762 0.1830 0.9083
vn 0.0000 0.6369 0.7709
vn -0.0057 0.8282 0.5605
vn -0.0000 0.1830 0.9831
vn 0.0000 0.6369 -0.7709
vn -0.0000 0.8245 -0.5658
vn -0.0000 0.1830 -0.9831
vn -0.0000 0.3115 -0.9503
vn 0.3607 0.3071 -0.8807
vn 0.3762 0.1830 -0.9083
vn 0.3762 0.1830 0.9083
vn 0.3029 0.6263 -0.7183
vn 0.2488 0.8072 -0.5353
vn 0.3029 0.6263 0.7183
vn 0.5595 0.6114 0.5596
vn 0.4614 0.7501 0.4738
vn 0.2583 0.8088 0.5283
vn 0.6952 0.1830 0.6952
vn 0.5595 0.6114 -0.5596
vn 0.4748 0.7410 -0.4748
vn 0.6952 0.1830 -0.6952
vn 0.7183 0.6263 0.3029
vn 0.5255 0.8099 0.2607
vn 0.9083 0.1830 0.3762
vn 0.7183 0.6263 -0.3029
vn 0.5283 0.8088 -0.2583
vn 0.9083 0.1830 -0.3762
vn 0.7709 0.6369 0.0000
vn 0.5605 0.8282 0.0057
vn 0.9831 0.1830 -0.0000
vn -0.0000 0.9769 -0.2137
vn 0.0177 0.9998 0.0000
vn 0.2306 0.9729 -0.0186
vn 0.2071 0.9511 -0.2293
vn -0.2137 0.9769 0.0000
vn -0.2293 0.9511 -0.2071
vn -0.5191 0.8189 -0.2447
vn -0.0000 0.9769 0.2137
vn -0.2071 0.9511 0.2293
vn 0.2293 0.9511 0.2071
vn 0.3607 0.3071 0.8807
vn -0.0000 0.3115 0.9503
vn -0.3607 0.3071 -0.8807
vn -0.6741 0.3020 -0.6741
vn -0.7183 0.6263 -0.3029
vn -0.3607 0.3071 0.8807
vn 0.6741 0.3020 0.6741
vn 0.8807 0.3071 0.3607
vn 0.9503 0.3115 0.0000
vn 0.8807 0.3071 -0.3607
vn 0.6741 0.3020 -0.6741
vn 0.0101 -0.9887 -0.1494
vn 0.1514 -0.9788 -0.1379
vn 0.1402 -0.9901 0.0000
vn 0.0000 -1.0000 0.0096
vn 0.3889 -0.9067 -0.1634
vn 0.3984 -0.9172 -0.0000
vn 0.1993 -0.9040 -0.3781
vn 0.3596 -0.8770 -0.3187
vn 0.0087 -0.9142 -0.4052
vn -0.1494 -0.9887 -0.0101
vn -0.1378 -0.9788 -0.1514
vn -0.1634 -0.9067 -0.3889
vn -0.3781 -0.9041 -0.1993
vn -0.3187 -0.8770 -0.3596
vn -0.4052 -0.9142 -0.0086
vn -0.0101 -0.9887 0.1494
vn -0.1514 -0.9788 0.1378
vn -0.3889 -0.9067 0.1634
vn -0.1993 -0.9041 0.3781
vn -0.3596 -0.8770 0.3187
vn -0.0087 -0.9142 0.4052
vn 0.1378 -0.9788 0.1514
vn 0.1634 -0.9067 0.3889
vn 0.3781 -0.9041 0.1993
vn 0.3187 -0.8770 0.3596
vn 0.7943 -0.5155 -0.3214
vn 0.8588 -0.5124 -0.0000
vn 0.6352 -0.4914 -0.5958
vn 0.3198 -0.5153 -0.7951
vn 0.0104 -0.5043 -0.8635
vn -0.5958 -0.4914 -0.6352
vn -0.3451 -0.4988 -0.7951
vn -0.8635 -0.5042 -0.0104
vn -0.8087 -0.5006 -0.3090
vn -0.6352 -0.4914 0.5958
vn -0.7951 -0.4988 0.3451
vn -0.0104 -0.5043 0.8635
vn -0.3090 -0.5006 0.8087
vn 0.3214 -0.5156 0.7943
vn 0.5958 -0.4914 0.6352
vn 0.7951 -0.5153 0.3198
vn 0.1135 -0.6963 -0.7088
vn -0.0000 -0.7096 -0.7046
vn -0.7151 0.6990 0.0000
vn -0.5087 0.6886 -0.5168
vn -0.1624 0.9725 -0.1668
vn -0.0002 -0.7228 0.6910
vn 0.5033 -0.5117 0.6963
vn 0.7057 -0.0427 0.7072
vn -0.1474 0.6937 0.7050
vn -0.5087 0.6886 0.5168
vn -0.7000 -0.2005 -0.6854
vn -0.5236 -0.5142 -0.6793
vn 0.1135 -0.6963 0.7088
vn -0.0000 -0.7096 0.7046
vn -0.0002 -0.7228 -0.6910
vn -0.4393 -0.5283 -0.7266
vn -0.6260 -0.2819 -0.7271
vn 0.0152 0.7230 0.6907
vn 0.7057 -0.0427 -0.7072
vn 0.5033 -0.5117 -0.6963
vn 0.1466 0.6843 0.7143
vn 0.6348 0.3435 0.6921
vn -0.5144 -0.6801 -0.5224
vn -0.1489 -0.6842 -0.7140
vn -0.0496 -0.6699 -0.7408
vn -0.5144 -0.6801 0.5224
vn -0.1489 -0.6842 0.7140
vn 0.1466 0.6843 -0.7143
vn 0.3181 0.6842 -0.6562
vn 0.6348 0.3435 -0.6921
vn 0.4833 0.5416 -0.6878
vn -0.4393 -0.5283 0.7266
vn -0.6260 -0.2819 0.7271
vn 0.3181 0.6842 0.6562
vn -0.7231 -0.6908 0.0000
vn -0.7000 -0.2005 0.6854
vn 0.4833 0.5416 0.6878
vn -0.0496 -0.6699 0.7408
vn -0.1474 0.6937 -0.7050
vn 0.0152 0.7230 -0.6907
vn -0.5236 -0.5142 0.6793
vn 0.0000 -0.6912 -0.7226
vn -0.2765 -0.6912 -0.6676
vn -0.0000 -0.6912 0.7226
vn 0.2765 -0.6912 0.6676
vn -0.4496 -0.8932 0.0000
vn -0.4154 -0.8932 -0.1721
vn -0.4766 -0.8791 0.0000
vn -0.4527 -0.8695 -0.1975
vn 0.7226 -0.6912 0.0000
vn 0.6676 -0.6912 -0.2765
vn 0.4154 -0.8932 -0.1720
vn 0.4496 -0.8932 0.0000
vn -0.4154 -0.8932 0.1720
vn 0.4154 -0.8932 0.1721
vn 0.4527 -0.8695 -0.1975
vn 0.4766 -0.8791 0.0000
vn -0.4527 -0.8695 0.1975
vn 0.4527 -0.8695 0.1975
vn 0.2765 -0.6912 -0.6676
vn 0.6676 -0.6912 0.2765
vn -0.2765 -0.6912 0.6676
vn 0.3179 -0.8932 -0.3179
vn -0.3179 -0.8932 0.3179
vn 0.3605 -0.8603 -0.3605
vn -0.3605 -0.8603 0.3605
vn 0.1721 -0.8932 -0.4154
vn -0.1721 -0.8932 0.4154
vn 0.1975 -0.8695 -0.4527
vn -0.1975 -0.8695 0.4527
vn -0.7226 -0.6912 0.0000
vn -0.6676 -0.6912 -0.2765
vn -0.5110 -0.6912 -0.5110
vn 0.5110 -0.6912 -0.5110
vn 0.5110 -0.6912 0.5110
vn -0.5110 -0.6912 0.5110
vn -0.6676 -0.6912 0.2765
vn -0.0000 -0.8932 -0.4496
vn -0.0000 -0.8932 0.4496
vn 0.0000 -0.8791 -0.4766
vn -0.0000 -0.8791 0.4766
vn -0.1721 -0.8932 -0.4154
vn 0.1721 -0.8932 0.4154
vn -0.1975 -0.8695 -0.4527
vn 0.1975 -0.8695 0.4527
vn -0.3179 -0.8932 -0.3179
vn 0.3179 -0.8932 0.3179
vn -0.3605 -0.8603 -0.3605
vn 0.3605 -0.8603 0.3605
vn 0.7227 -0.6912 0.0000
vn -0.7227 -0.6912 0.0000
vn 0.2582 -0.7381 -0.6233
vn 0.0000 -0.7381 -0.6747
vn -0.2582 -0.7381 0.6233
vn -0.0000 -0.7381 0.6747
vn 0.6233 -0.7381 0.2582
vn 0.6747 -0.7381 0.0000
vn -0.6747 -0.7381 0.0000
vn -0.6233 -0.7381 -0.2582
vn -0.4771 -0.7381 -0.4771
vn 0.2765 -0.6912 0.6677
vn -0.2765 -0.6912 -0.6677
vn -0.6233 -0.7381 0.2582
vn 0.4771 -0.7381 -0.4771
vn 0.4771 -0.7381 0.4771
vn -0.4771 -0.7381 0.4771
vn 0.0000 -0.6912 0.7227
vn -0.0000 -0.6912 -0.7227
vn -0.2765 -0.6912 0.6677
vn 0.2765 -0.6912 -0.6677
vn 0.6233 -0.7381 -0.2582
vn 0.2582 -0.7381 0.6233
vn -0.2582 -0.7381 -0.6233
vn 0.3409 0.4736 -0.8121
vn -0.0000 0.4827 -0.8758
vn 0.8121 0.4736 -0.3409
vn 0.6266 0.4633 -0.6266
vn -0.8121 0.4736 -0.3409
vn -0.8758 0.4827 -0.0000
vn -0.8121 0.4736 0.3409
vn -0.3410 0.4736 0.8121
vn -0.6266 0.4633 0.6266
vn -0.6266 0.4633 -0.6266
vn -0.3410 0.4736 -0.8121
vn 0.6267 0.4633 0.6266
vn 0.3409 0.4736 0.8121
vn 0.8758 0.4827 0.0000
vn 0.8121 0.4736 0.3409
vn -0.0000 0.4827 0.8758
g Old_Copper_Jug_Cover_Old_Copper_Jug_Cover_Old_Copper_Jug_Material
usemtl Old_Copper_Jug_Material
s 1
f 2428/2869/2348 2403/2870/2349 3175/2871/2350 3214/2872/2351
f 3213/2873/2352 3174/2874/2353 2424/2875/2354 2426/2876/2355
f 3216/2877/2356 3171/2878/2357 2403/2870/2349 2428/2869/2348
f 2425/2879/2358 2407/2880/2359 3177/2881/2360 3210/2882/2361
f 3208/2883/2362 3180/2884/2363 2407/2880/2359 2425/2879/2358
f 3211/2885/2364 3178/2886/2365 2412/2887/2366 2427/2888/2367
f 3225/2889/2368 3208/2883/2362 2425/2879/2358 2432/2890/2369
f 2426/2876/2355 2424/2875/2354 3181/2891/2370 3207/2892/2371
f 2404/2893/2372 3169/2894/2373 3175/2871/2350 2403/2870/2349
f 2427/2888/2367 2412/2887/2366 3172/2895/2374 3217/2896/2375
f 2402/2897/2376 3150/2898/2377 3184/2899/2378 2401/2900/2379
f 2401/2900/2379 3193/2901/2380 3154/2902/2381 2402/2897/2376
f 2410/2903/2382 3138/2904/2383 3187/2905/2384 2409/2906/2382
f 2409/2906/2382 3189/2907/2385 3142/2908/2386 2410/2903/2382
f 2420/2909/2387 3123/2910/2388 3133/2911/2389 2419/2912/2390
f 2400/2913/2391 3135/2914/2392 3111/2915/2393 2399/2916/2394
f 2418/2917/2395 3195/2918/2396 3115/2919/2397 2419/2912/2390
f 2411/2920/2382 3124/2921/2398 3138/2904/2383 2410/2903/2382
f 2401/2900/2379 3184/2899/2378 3135/2914/2392 2400/2913/2391
f 3196/2922/2399 3117/2923/2400 3121/2924/2401 2399/2916/2394
f 2416/2925/2402 3120/2926/2403 3118/2927/2404 2417/2928/2405
f 2419/2912/2390 3133/2911/2389 3198/2929/2406 2418/2917/2395
f 2418/2917/2395 3198/2929/2406 3129/2930/2407 2417/2928/2405
f 2399/2916/2394 3121/2924/2401 3145/2931/2408 2400/2913/2391
f 3199/2932/2409 3132/2933/2410 3124/2921/2398 2411/2920/2382
f 2410/2903/2382 3142/2908/2386 3126/2934/2411 2411/2920/2382
f 2400/2913/2391 3145/2931/2408 3193/2901/2380 2401/2900/2379
f 2409/2906/2382 3187/2905/2384 3148/2935/2412 2408/2936/2413
f 3222/2937/2414 3153/2938/2415 2413/2939/2416 2431/2940/2417
f 2431/2940/2417 2413/2939/2416 3157/2941/2418 3228/2942/2419
f 2407/2880/2359 3180/2884/2363 3166/2943/2420 2406/2944/2421
f 2403/2870/2349 3171/2878/2357 3163/2945/2422 2404/2893/2372
f 2416/2925/2402 3127/2946/2423 3141/2947/2424 2415/2948/2366
f 2421/2949/2354 3139/2950/2425 3123/2910/2388 2420/2909/2387
f 2411/2920/2382 3126/2934/2411 3130/2951/2426 3199/2932/2409
f 2417/2928/2405 3129/2930/2407 3127/2946/2423 2416/2925/2402
f 2422/2952/2427 3186/2953/2428 3139/2950/2425 2421/2949/2354
f 2415/2948/2366 3141/2947/2424 3190/2954/2429 2414/2955/2430
f 3226/2956/2431 3147/2957/2432 2423/2958/2433 2429/2959/2434
f 3229/2960/2435 3156/2961/2436 2408/2936/2413 2432/2890/2369
f 2405/2962/2382 3202/2963/2437 3160/2964/2438 2406/2944/2421
f 2406/2944/2421 3166/2943/2420 3205/2965/2439 2405/2962/2382
f 2412/2887/2366 3178/2886/2365 3159/2966/2440 3201/2967/2441
f 3204/2968/2442 3165/2969/2443 3181/2891/2370 2424/2875/2354
f 3201/2967/2441 3162/2970/2444 3172/2895/2374 2412/2887/2366
f 2424/2875/2354 3174/2874/2353 3168/2971/2445 3204/2968/2442
f 2404/2893/2372 3163/2945/2422 3202/2963/2437 2405/2962/2382
f 2405/2962/2382 3205/2965/2439 3169/2894/2373 2404/2893/2372
f 3219/2972/2446 3150/2898/2377 2402/2897/2376 2430/2973/2447
f 2413/2939/2416 3153/2938/2415 3192/2974/2448 2414/2955/2430
f 2421/2949/2354 3136/2975/2449 3183/2976/2450 2422/2952/2427
f 2414/2955/2430 3192/2974/2448 3144/2977/2451 2415/2948/2366
f 2419/2912/2390 3115/2919/2397 3112/2978/2452 2420/2909/2387
f 2415/2948/2366 3144/2977/2451 3120/2926/2403 2416/2925/2402
f 2417/2928/2405 3118/2927/2404 3195/2918/2396 2418/2917/2395
f 2420/2909/2387 3112/2978/2452 3136/2975/2449 2421/2949/2354
f 2430/2973/2447 2428/2869/2348 3214/2872/2351 3219/2972/2446
f 2422/2952/2427 3183/2976/2450 3151/2979/2453 2423/2958/2433
f 2431/2940/2417 2427/2888/2367 3217/2896/2375 3222/2937/2414
f 2429/2959/2434 2423/2958/2433 3151/2979/2453 3220/2980/2454
f 2408/2936/2413 3156/2961/2436 3189/2907/2385 2409/2906/2382
f 2430/2973/2447 2402/2897/2376 3154/2902/2381 3223/2981/2455
f 3223/2981/2455 3216/2877/2356 2428/2869/2348 2430/2973/2447
f 2432/2890/2369 2425/2879/2358 3210/2882/2361 3229/2960/2435
f 2432/2890/2369 2408/2936/2413 3148/2935/2412 3225/2889/2368
f 2429/2959/2434 2426/2876/2355 3207/2892/2371 3226/2956/2431
f 2423/2958/2433 3147/2957/2432 3186/2953/2428 2422/2952/2427
f 3228/2942/2419 3211/2885/2364 2427/2888/2367 2431/2940/2417
f 2414/2955/2430 3190/2954/2429 3157/2941/2418 2413/2939/2416
f 2406/2944/2421 3160/2964/2438 3177/2881/2360 2407/2880/2359
f 3220/2980/2454 3213/2873/2352 2426/2876/2355 2429/2959/2434
f 2433/2982/2456 2434/2983/2457 2435/2984/2458 2436/2985/2459
f 2436/2985/2459 2435/2984/2458 2437/2986/2460 2438/2987/2461
f 2438/2987/2461 2437/2986/2460 2439/2988/2462 2440/2989/2463
f 2440/2989/2463 2439/2988/2462 2441/2990/2464 2442/2991/2465
f 2442/2991/2465 2441/2990/2464 2443/2992/2466 2444/2993/2467
f 2444/2993/2467 2443/2992/2466 2445/2994/2468 2446/2995/2469
f 2446/2995/2469 2445/2994/2468 2447/2996/2470 2448/2997/2471
f 2448/2997/2471 2447/2996/2470 2449/2998/2472 2450/2999/2473
f 2450/2999/2473 2449/2998/2472 2451/3000/2474 2452/3001/2475
f 2452/3001/2475 2451/3000/2474 2453/3002/2476 2454/3003/2477
f 2454/3003/2477 2453/3002/2476 2455/3004/2478 2456/3005/2479
f 2456/3005/2479 2455/3004/2478 2457/3006/2480 2458/3007/2481
f 2458/3007/2481 2457/3006/2480 2459/3008/2482 2460/3009/2483
f 2460/3009/2483 2459/3008/2482 2461/3010/2484 2462/3011/2485
f 2462/3011/2485 2461/3010/2484 2463/3012/2486 2464/3013/2487
f 2464/3013/2487 2463/3012/2486 2434/3014/2457 2433/3015/2456
f 2465/3016/2488 2435/2984/2458 2434/2983/2457 2466/3017/2489
f 2467/3018/2490 2437/2986/2460 2435/2984/2458 2465/3016/2488
f 2468/3019/2491 2439/2988/2462 2437/2986/2460 2467/3018/2490
f 2469/3020/2492 2441/2990/2464 2439/2988/2462 2468/3019/2491
f 2470/3021/2493 2443/2992/2466 2441/2990/2464 2469/3020/2492
f 2471/3022/2494 2445/2994/2468 2443/2992/2466 2470/3021/2493
f 2472/3023/2495 2447/2996/2470 2445/2994/2468 2471/3022/2494
f 2473/3024/2496 2449/2998/2472 2447/2996/2470 2472/3023/2495
f 2474/3025/2497 2451/3000/2474 2449/2998/2472 2473/3024/2496
f 2475/3026/2498 2453/3002/2476 2451/3000/2474 2474/3025/2497
f 2476/3027/2499 2455/3004/2478 2453/3002/2476 2475/3026/2498
f 2477/3028/2500 2457/3006/2480 2455/3004/2478 2476/3027/2499
f 2478/3029/2501 2459/3008/2482 2457/3006/2480 2477/3028/2500
f 2479/3030/2502 2461/3010/2484 2459/3008/2482 2478/3029/2501
f 2480/3031/2503 2463/3012/2486 2461/3010/2484 2479/3030/2502
f 2466/3032/2489 2434/3014/2457 2463/3012/2486 2480/3031/2503
f 3423/3033/2504 3427/3034/2505 3375/3035/2506 3379/3036/2507
f 3432/3037/2508 3429/3038/2509 3382/3039/2510 3385/3040/2511
f 3436/3041/2512 3432/3037/2508 3385/3040/2511 3388/3042/2513
f 2442/2991/2465 2444/2993/2467 3390/3043/2514 3387/3044/2515
f 3438/3045/2516 3436/3041/2512 3388/3042/2513 3391/3046/2517
f 3441/3047/2518 3438/3045/2516 3391/3046/2517 3394/3048/2519
f 3444/3049/2520 3441/3047/2518 3394/3048/2519 3397/3050/2521
f 3450/3051/2522 3448/3052/2523 3399/3053/2524 3403/3054/2525
f 3453/3055/2526 3450/3051/2522 3403/3054/2525 3406/3056/2527
f 3456/3057/2528 3453/3055/2526 3406/3056/2527 3409/3058/2529
f 3460/3059/2530 3456/3057/2528 3409/3058/2529 3412/3060/2531
f 3411/3061/2532 2458/3007/2481 2460/3009/2483 3414/3062/2533
f 3462/3063/2534 3460/3059/2530 3412/3060/2531 3415/3064/2535
f 3465/3065/2536 3462/3063/2534 3415/3064/2535 3418/3066/2537
f 3469/3067/2538 3465/3065/2536 3418/3066/2537 3420/3068/2539
f 3427/3069/2505 3469/3067/2538 3420/3068/2539 3375/3070/2506
f 3517/3071/2540 2514/3072/2541 2528/3073/2542 3472/3074/2543
f 3474/3075/2544 2527/3076/2545 2526/3077/2546 3477/3078/2547
f 3477/3078/2547 2526/3077/2546 2525/3079/2548 3480/3080/2549
f 3480/3080/2549 2525/3079/2548 2524/3081/2550 3483/3082/2515
f 2524/3081/2550 2523/3083/2551 3486/3084/2514 3483/3082/2515
f 2523/3083/2551 2522/3085/2552 3489/3086/2553 3486/3084/2514
f 2522/3085/2552 2521/3087/2554 3492/3088/2555 3489/3086/2553
f 2521/3087/2554 2520/3089/2556 3496/3090/2557 3492/3088/2555
f 2520/3089/2556 2519/3091/2558 3498/3092/2559 3496/3090/2557
f 2519/3091/2558 2518/3093/2560 3501/3094/2561 3498/3092/2559
f 2518/3093/2560 2517/3095/2562 3504/3096/2563 3501/3094/2561
f 2517/3095/2562 2516/3097/2564 3507/3098/2532 3504/3096/2563
f 3507/3098/2532 2516/3097/2564 2515/3099/2565 3510/3100/2533
f 3510/3100/2533 2515/3099/2565 2513/3101/2566 3513/3102/2567
f 3513/3102/2567 2513/3101/2566 2514/3072/2541 3517/3071/2540
f 2466/3017/2489 3471/3103/2568 3475/3104/2569 2465/3016/2488
f 2481/3105/2570 2482/3106/2571 2483/3107/2572 2484/3108/2573
f 2484/3108/2573 2483/3107/2572 2485/3109/2574 2486/3110/2575
f 2486/3110/2575 2485/3109/2574 2487/3111/2576 2488/3112/2577
f 2488/3112/2577 2487/3111/2576 2489/3113/2578 2490/3114/2579
f 2490/3114/2579 2489/3113/2578 2491/3115/2580 2492/3116/2581
f 2492/3116/2581 2491/3115/2580 2493/3117/2582 2494/3118/2583
f 2494/3118/2583 2493/3117/2582 2495/3119/2584 2496/3120/2585
f 2496/3120/2585 2495/3119/2584 2497/3121/2586 2498/3122/2587
f 2498/3122/2587 2497/3121/2586 2499/3123/2588 2500/3124/2589
f 2500/3124/2589 2499/3123/2588 2501/3125/2590 2502/3126/2591
f 2502/3126/2591 2501/3125/2590 2503/3127/2592 2504/3128/2593
f 2504/3128/2593 2503/3127/2592 2505/3129/2594 2506/3130/2595
f 2506/3130/2595 2505/3129/2594 2507/3131/2596 2508/3132/2597
f 2508/3132/2597 2507/3131/2596 2509/3133/2598 2510/3134/2599
f 2510/3134/2599 2509/3133/2598 2511/3135/2600 2512/3136/2601
f 2512/3136/2601 2511/3135/2600 2482/3106/2571 2481/3105/2570
f 2513/3101/2566 2491/3115/2580 2489/3113/2578 2514/3072/2541
f 2515/3099/2565 2493/3117/2582 2491/3115/2580 2513/3101/2566
f 2516/3097/2564 2495/3119/2584 2493/3117/2582 2515/3099/2565
f 2517/3095/2562 2497/3121/2586 2495/3119/2584 2516/3097/2564
f 2518/3093/2560 2499/3123/2588 2497/3121/2586 2517/3095/2562
f 2519/3091/2558 2501/3125/2590 2499/3123/2588 2518/3093/2560
f 2520/3089/2556 2503/3127/2592 2501/3125/2590 2519/3091/2558
f 2521/3087/2554 2505/3129/2594 2503/3127/2592 2520/3089/2556
f 2522/3085/2552 2507/3131/2596 2505/3129/2594 2521/3087/2554
f 2523/3083/2551 2509/3133/2598 2507/3131/2596 2522/3085/2552
f 2524/3081/2550 2511/3135/2600 2509/3133/2598 2523/3083/2551
f 2525/3079/2548 2482/3106/2571 2511/3135/2600 2524/3081/2550
f 2526/3077/2546 2483/3107/2572 2482/3106/2571 2525/3079/2548
f 2527/3076/2545 2485/3109/2574 2483/3107/2572 2526/3077/2546
f 2528/3073/2542 2487/3111/2576 2485/3109/2574 2527/3076/2545
f 2514/3072/2541 2489/3113/2578 2487/3111/2576 2528/3073/2542
f 2529/3137/2602 2530/3138/2603 2481/3105/2570 2484/3108/2573
f 2486/3110/2575 2531/3139/2604 2529/3137/2602 2484/3108/2573
f 2532/3140/2605 2531/3139/2604 2486/3110/2575 2488/3112/2577
f 2490/3114/2579 2533/3141/2606 2532/3140/2605 2488/3112/2577
f 2534/3142/2607 2533/3141/2606 2490/3114/2579 2492/3116/2581
f 2494/3118/2583 2535/3143/2608 2534/3142/2607 2492/3116/2581
f 2536/3144/2609 2535/3143/2608 2494/3118/2583 2496/3120/2585
f 2498/3122/2587 2537/3145/2610 2536/3144/2609 2496/3120/2585
f 2538/3146/2611 2537/3145/2610 2498/3122/2587 2500/3124/2589
f 2502/3126/2591 2539/3147/2612 2538/3146/2611 2500/3124/2589
f 2540/3148/2613 2539/3147/2612 2502/3126/2591 2504/3128/2593
f 2506/3130/2595 2541/3149/2614 2540/3148/2613 2504/3128/2593
f 2542/3150/2615 2541/3149/2614 2506/3130/2595 2508/3132/2597
f 2510/3134/2599 2543/3151/2616 2542/3150/2615 2508/3132/2597
f 2544/3152/2617 2543/3151/2616 2510/3134/2599 2512/3136/2601
f 2481/3105/2570 2530/3138/2603 2544/3152/2617 2512/3136/2601
f 2479/3030/2502 3514/3153/2618 3516/3154/2619 2480/3031/2503
f 2478/3029/2501 3511/3155/2620 3514/3153/2618 2479/3030/2502
f 2477/3028/2500 3508/3156/2531 3511/3155/2620 2478/3029/2501
f 3505/3157/2621 3508/3156/2531 2477/3028/2500 2476/3027/2499
f 3502/3158/2622 3505/3157/2621 2476/3027/2499 2475/3026/2498
f 3499/3159/2623 3502/3158/2622 2475/3026/2498 2474/3025/2497
f 3495/3160/2624 3499/3159/2623 2474/3025/2497 2473/3024/2496
f 3493/3161/2625 3495/3160/2624 2473/3024/2496 2472/3023/2495
f 3490/3162/2626 3493/3161/2625 2472/3023/2495 2471/3022/2494
f 3487/3163/2627 3490/3162/2626 2471/3022/2494 2470/3021/2493
f 3484/3164/2513 3487/3163/2627 2470/3021/2493 2469/3020/2492
f 2468/3019/2491 3481/3165/2628 3484/3164/2513 2469/3020/2492
f 2467/3018/2490 3478/3166/2629 3481/3165/2628 2468/3019/2491
f 2480/3031/2503 3516/3154/2619 3471/3167/2568 2466/3032/2489
f 2465/3016/2488 3475/3104/2569 3478/3166/2629 2467/3018/2490
f 2529/3137/2602 2545/3168/2630 2546/3169/2631 2530/3138/2603
f 2531/3139/2604 2547/3170/2632 2545/3168/2630 2529/3137/2602
f 2532/3140/2605 2548/3171/2633 2547/3170/2632 2531/3139/2604
f 2533/3141/2606 2549/3172/2634 2548/3171/2633 2532/3140/2605
f 2534/3142/2607 2550/3173/2635 2549/3172/2634 2533/3141/2606
f 2535/3143/2608 2551/3174/2636 2550/3173/2635 2534/3142/2607
f 2536/3144/2609 2552/3175/2637 2551/3174/2636 2535/3143/2608
f 2537/3145/2610 2553/3176/2638 2552/3175/2637 2536/3144/2609
f 2538/3146/2611 2554/3177/2639 2553/3176/2638 2537/3145/2610
f 2539/3147/2612 2555/3178/2640 2554/3177/2639 2538/3146/2611
f 2540/3148/2613 2556/3179/2641 2555/3178/2640 2539/3147/2612
f 2541/3149/2614 2557/3180/2642 2556/3179/2641 2540/3148/2613
f 2542/3150/2615 2558/3181/2643 2557/3180/2642 2541/3149/2614
f 2543/3151/2616 2559/3182/2644 2558/3181/2643 2542/3150/2615
f 2544/3152/2617 2560/3183/2645 2559/3182/2644 2543/3151/2616
f 2530/3138/2603 2546/3169/2631 2560/3183/2645 2544/3152/2617
f 2561/3184/2548 2562/3185/2646 2563/3186/2600 2564/3187/2550
f 2565/3188/2647 2560/3183/2645 2546/3169/2631 2566/3189/2648
f 2567/3190/2546 2568/3191/2572 2562/3185/2646 2561/3184/2548
f 2566/3189/2648 2546/3169/2631 2545/3168/2630 2569/3192/2649
f 2570/3193/2545 2571/3194/2650 2568/3191/2572 2567/3190/2546
f 2569/3192/2649 2545/3168/2630 2547/3170/2632 2572/3195/2651
f 2573/3196/2542 2574/3197/2652 2571/3194/2650 2570/3193/2545
f 2572/3195/2651 2547/3170/2632 2548/3171/2633 2575/3198/2653
f 2576/3199/2541 2577/3200/2578 2574/3197/2652 2573/3196/2542
f 2575/3198/2653 2548/3171/2633 2549/3172/2634 2578/3201/2654
f 2579/3202/2566 2580/3203/2580 2577/3200/2578 2576/3199/2541
f 2578/3201/2654 2549/3172/2634 2550/3173/2635 2581/3204/2655
f 2582/3205/2565 2583/3206/2582 2580/3203/2580 2579/3202/2566
f 2581/3204/2655 2550/3173/2635 2551/3174/2636 2584/3207/2656
f 2585/3208/2564 2586/3209/2584 2583/3206/2582 2582/3205/2565
f 2584/3207/2656 2551/3174/2636 2552/3175/2637 2587/3210/2657
f 2587/3210/2657 2552/3175/2637 2553/3176/2638 2588/3211/2658
f 2589/3212/2562 2590/3213/2659 2586/3209/2584 2585/3208/2564
f 2588/3211/2658 2553/3176/2638 2554/3177/2639 2591/3214/2660
f 2592/3215/2560 2593/3216/2661 2590/3213/2659 2589/3212/2562
f 2591/3214/2660 2554/3177/2639 2555/3178/2640 2594/3217/2662
f 2595/3218/2558 2596/3219/2663 2593/3216/2661 2592/3215/2560
f 2594/3217/2662 2555/3178/2640 2556/3179/2641 2597/3220/2664
f 2598/3221/2556 2599/3222/2665 2596/3219/2663 2595/3218/2558
f 2597/3220/2664 2556/3179/2641 2557/3180/2642 2600/3223/2666
f 2601/3224/2554 2602/3225/2594 2599/3222/2665 2598/3221/2556
f 2600/3223/2666 2557/3180/2642 2558/3181/2643 2603/3226/2667
f 2604/3227/2552 2605/3228/2596 2602/3225/2594 2601/3224/2554
f 2603/3226/2667 2558/3181/2643 2559/3182/2644 2606/3229/2668
f 2607/3230/2551 2608/3231/2598 2605/3228/2596 2604/3227/2552
f 2606/3229/2668 2559/3182/2644 2560/3183/2645 2565/3188/2647
f 2564/3187/2550 2563/3186/2600 2608/3231/2598 2607/3230/2551
f 2609/3232/2570 2562/3185/2646 2568/3191/2572 2610/3233/2573
f 2610/3233/2573 2568/3191/2572 2571/3194/2650 2611/3234/2669
f 2611/3234/2669 2571/3194/2650 2574/3197/2652 2612/3235/2670
f 2612/3235/2670 2574/3197/2652 2577/3200/2578 2613/3236/2579
f 2613/3236/2579 2577/3200/2578 2580/3203/2580 2614/3237/2581
f 2614/3237/2581 2580/3203/2580 2583/3206/2582 2615/3238/2671
f 2615/3238/2671 2583/3206/2582 2586/3209/2584 2616/3239/2672
f 2616/3239/2672 2586/3209/2584 2590/3213/2659 2617/3240/2587
f 2617/3240/2587 2590/3213/2659 2593/3216/2661 2618/3241/2589
f 2618/3241/2589 2593/3216/2661 2596/3219/2663 2619/3242/2673
f 2619/3242/2673 2596/3219/2663 2599/3222/2665 2620/3243/2674
f 2620/3243/2674 2599/3222/2665 2602/3225/2594 2621/3244/2675
f 2621/3244/2675 2602/3225/2594 2605/3228/2596 2622/3245/2597
f 2622/3245/2597 2605/3228/2596 2608/3231/2598 2623/3246/2676
f 2623/3246/2676 2608/3231/2598 2563/3186/2600 2624/3247/2677
f 2624/3247/2677 2563/3186/2600 2562/3185/2646 2609/3232/2570
f 2561/3184/2548 2564/3187/2550 2565/3188/2647 2566/3189/2648
f 2567/3190/2546 2561/3184/2548 2566/3189/2648 2569/3192/2649
f 2570/3193/2545 2567/3190/2546 2569/3192/2649 2572/3195/2651
f 2573/3196/2542 2570/3193/2545 2572/3195/2651 2575/3198/2653
f 2576/3199/2541 2573/3196/2542 2575/3198/2653 2578/3201/2654
f 2579/3202/2566 2576/3199/2541 2578/3201/2654 2581/3204/2655
f 2582/3205/2565 2579/3202/2566 2581/3204/2655 2584/3207/2656
f 2585/3208/2564 2582/3205/2565 2584/3207/2656 2587/3210/2657
f 2589/3212/2562 2585/3208/2564 2587/3210/2657 2588/3211/2658
f 2592/3215/2560 2589/3212/2562 2588/3211/2658 2591/3214/2660
f 2595/3218/2558 2592/3215/2560 2591/3214/2660 2594/3217/2662
f 2598/3221/2556 2595/3218/2558 2594/3217/2662 2597/3220/2664
f 2601/3224/2554 2598/3221/2556 2597/3220/2664 2600/3223/2666
f 2604/3227/2552 2601/3224/2554 2600/3223/2666 2603/3226/2667
f 2607/3230/2551 2604/3227/2552 2603/3226/2667 2606/3229/2668
f 2564/3187/2550 2607/3230/2551 2606/3229/2668 2565/3188/2647
f 2625/3248/2394 2626/3249/2394 2627/3250/2394 2628/3251/2394
f 2629/3252/2394 2625/3248/2394 2628/3251/2394 2630/3253/2394
f 2631/3254/2394 2630/3253/2394 2628/3251/2394 2632/3255/2394
f 2628/3251/2394 2627/3250/2394 2633/3256/2394 2632/3255/2394
f 2634/3257/2394 2626/3249/2394 2625/3248/2394 2635/3258/2394
f 2636/3259/2394 2634/3257/2394 2635/3258/2394 2637/3260/2394
f 2635/3258/2394 2638/3261/2394 2639/3262/2394 2637/3260/2394
f 2635/3258/2394 2625/3248/2394 2629/3252/2394 2638/3261/2394
f 2640/3263/2394 2626/3249/2394 2634/3257/2394 2641/3264/2394
f 2642/3265/2394 2640/3263/2394 2641/3264/2394 2643/3266/2394
f 2641/3264/2394 2644/3267/2394 2645/3268/2394 2643/3266/2394
f 2641/3264/2394 2634/3257/2394 2636/3259/2394 2644/3267/2394
f 2627/3250/2394 2626/3249/2394 2640/3263/2394 2646/3269/2394
f 2633/3256/2394 2627/3250/2394 2646/3269/2394 2647/3270/2394
f 2648/3271/2394 2647/3270/2394 2646/3269/2394 2649/3272/2394
f 2646/3269/2394 2640/3263/2394 2642/3265/2394 2649/3272/2394
f 2632/3255/2394 2633/3256/2394 2612/3235/2670 2613/3236/2579
f 2612/3235/2670 2633/3256/2394 2647/3270/2394 2611/3234/2669
f 2611/3234/2669 2647/3270/2394 2648/3271/2394 2610/3233/2573
f 2648/3271/2394 2649/3272/2394 2609/3232/2570 2610/3233/2573
f 2649/3272/2394 2642/3265/2394 2624/3247/2677 2609/3232/2570
f 2624/3247/2677 2642/3265/2394 2643/3266/2394 2623/3246/2676
f 2623/3246/2676 2643/3266/2394 2645/3268/2394 2622/3245/2597
f 2645/3268/2394 2644/3267/2394 2621/3244/2675 2622/3245/2597
f 2644/3267/2394 2636/3259/2394 2620/3243/2674 2621/3244/2675
f 2620/3243/2674 2636/3259/2394 2637/3260/2394 2619/3242/2673
f 2619/3242/2673 2637/3260/2394 2639/3262/2394 2618/3241/2589
f 2639/3262/2394 2638/3261/2394 2617/3240/2587 2618/3241/2589
f 2638/3261/2394 2629/3252/2394 2616/3239/2672 2617/3240/2587
f 2616/3239/2672 2629/3252/2394 2630/3253/2394 2615/3238/2671
f 2615/3238/2671 2630/3253/2394 2631/3254/2394 2614/3237/2581
f 2631/3254/2394 2632/3255/2394 2613/3236/2579 2614/3237/2581
f 3429/3038/2509 3423/3033/2504 3379/3036/2507 3382/3039/2510
f 3298/3273/2678 3300/3274/2679 3232/3275/2623 3238/3276/2527
f 3378/3277/2544 2436/2985/2459 2438/2987/2461 3381/3278/2680
f 3300/3274/2679 3304/3279/2681 3234/3280/2624 3232/3275/2623
f 3381/3278/2680 2438/2987/2461 2440/2989/2463 3384/3281/2549
f 3295/3282/2682 3298/3273/2678 3238/3276/2527 3240/3283/2683
f 3384/3281/2549 2440/2989/2463 2442/2991/2465 3387/3044/2515
f 3439/3284/2684 3442/3285/2685 3249/3286/2686 3246/3287/2533
f 2444/2993/2467 2446/2995/2469 3393/3288/2687 3390/3043/2514
f 3289/3289/2688 3292/3290/2689 3244/3291/2690 3247/3292/2620
f 2446/2995/2469 2448/2997/2471 3396/3293/2555 3393/3288/2687
f 3286/3294/2691 3289/3289/2688 3247/3292/2620 3250/3295/2537
f 3448/3052/2523 3444/3049/2520 3397/3050/2521 3399/3053/2524
f 3283/3296/2692 3286/3294/2691 3250/3295/2537 3252/3297/2619
f 2448/2997/2471 2450/2999/2473 3400/3298/2557 3396/3293/2555
f 3451/3299/2693 3454/3300/2694 3261/3301/2680 3258/3302/2544
f 2450/2999/2473 2452/3001/2475 3402/3303/2559 3400/3298/2557
f 3324/3304/2695 3279/3305/2696 3256/3306/2568 3259/3307/2569
f 2452/3001/2475 2454/3003/2477 3405/3308/2697 3402/3303/2559
f 3322/3309/2698 3324/3304/2695 3259/3307/2569 3262/3310/2510
f 2454/3003/2477 2456/3005/2479 3408/3311/2563 3405/3308/2697
f 3319/3312/2699 3322/3309/2698 3262/3310/2510 3264/3313/2700
f 2456/3005/2479 2458/3007/2481 3411/3061/2532 3408/3311/2563
f 3466/3314/2701 3273/3315/2687 3270/3316/2514 3463/3317/2702
f 3414/3062/2533 2460/3009/2483 2462/3011/2485 3417/3318/2686
f 3313/3319/2703 3316/3320/2704 3268/3321/2705 3271/3322/2627
f 3417/3318/2686 2462/3011/2485 2464/3013/2487 3421/3323/2540
f 3310/3324/2706 3313/3319/2703 3271/3322/2627 3274/3325/2519
f 3424/3326/2707 3231/3327/2559 3235/3328/2557 3426/3329/2708
f 3307/3330/2709 3310/3324/2706 3274/3325/2519 3276/3331/2521
f 3376/3332/2543 2433/2982/2456 2436/2985/2459 3378/3277/2544
f 3304/3333/2681 3307/3330/2709 3276/3331/2521 3234/3334/2624
f 3447/3335/2710 3451/3299/2693 3258/3302/2544 3255/3336/2543
f 3279/3305/2696 3283/3296/2692 3252/3297/2619 3256/3306/2568
f 3445/3337/2711 3447/3335/2710 3255/3336/2543 3253/3338/2540
f 3442/3285/2685 3445/3337/2711 3253/3338/2540 3249/3286/2686
f 3435/3339/2712 3439/3284/2684 3246/3287/2533 3243/3340/2532
f 3292/3290/2689 3295/3282/2682 3240/3283/2683 3244/3291/2690
f 3433/3341/2713 3241/3342/2563 3237/3343/2697 3430/3344/2714
f 3430/3344/2714 3237/3343/2697 3231/3327/2559 3424/3326/2707
f 3435/3339/2712 3243/3340/2532 3241/3342/2563 3433/3341/2713
f 3327/3345/2715 3331/3346/2716 3282/3347/2717 3280/3348/2718
f 3468/3349/2719 3277/3350/2555 3273/3315/2687 3466/3314/2701
f 3463/3317/2702 3270/3316/2514 3267/3351/2515 3459/3352/2720
f 3316/3320/2704 3319/3312/2699 3264/3313/2700 3268/3321/2705
f 3457/3353/2721 3459/3352/2720 3267/3351/2515 3265/3354/2549
f 3454/3300/2694 3457/3353/2721 3265/3354/2549 3261/3301/2680
f 3355/3355/2722 3358/3356/2723 3309/3357/2724 3306/3358/2725
f 3358/3356/2723 3361/3359/2726 3312/3360/2727 3309/3357/2724
f 3361/3359/2726 3364/3361/2728 3315/3362/2729 3312/3360/2727
f 3364/3361/2728 3367/3363/2730 3318/3364/2731 3315/3362/2729
f 3346/3365/2732 3348/3366/2733 3301/3367/2734 3297/3368/2735
f 3370/3369/2736 3372/3370/2737 3325/3371/2738 3321/3372/2739
f 2654/3373/2382 2658/3374/2382 3330/3375/2740 3328/3376/2741
f 3372/3370/2737 3327/3345/2715 3280/3348/2718 3325/3371/2738
f 3331/3346/2716 3334/3377/2742 3285/3378/2743 3282/3347/2717
f 3337/3379/2744 3340/3380/2745 3291/3381/2746 3288/3382/2747
f 3340/3380/2745 3343/3383/2748 3294/3384/2749 3291/3381/2746
f 3367/3363/2730 3370/3369/2736 3321/3372/2739 3318/3364/2731
f 3343/3383/2748 3346/3365/2732 3297/3368/2735 3294/3384/2749
f 3348/3366/2733 3352/3385/2750 3303/3386/2751 3301/3367/2734
f 3334/3377/2742 3337/3379/2744 3288/3382/2747 3285/3378/2743
f 2650/3387/2382 2651/3388/2382 2652/3389/2382 2653/3390/2382
f 2655/3391/2382 3366/3392/2752 3363/3393/2753 2653/3390/2382
f 2653/3390/2382 2652/3389/2382 2654/3373/2382 2655/3391/2382
f 3366/3392/2752 2655/3391/2382 3373/3394/2754 3369/3395/2755
f 2656/3396/2382 2652/3389/2382 2651/3388/2382 2657/3397/2382
f 3342/3398/2756 2657/3397/2382 3349/3399/2757 3345/3400/2758
f 2658/3374/2382 2654/3373/2382 2652/3389/2382 2656/3396/2382
f 2657/3397/2382 3342/3398/2756 3339/3401/2759 2656/3396/2382
f 2653/3390/2382 3363/3393/2753 3360/3402/2760 2650/3387/2382
f 2650/3387/2382 3360/3402/2760 3357/3403/2761 3354/3404/2762
f 2651/3388/2382 2650/3387/2382 3354/3404/2762 3351/3405/2763
f 2657/3397/2382 2651/3388/2382 3351/3405/2763 3349/3399/2757
f 2656/3396/2382 3339/3401/2759 3336/3406/2764 2658/3374/2382
f 2655/3391/2382 2654/3373/2382 3328/3376/2741 3373/3394/2754
f 2658/3374/2382 3336/3406/2764 3333/3407/2765 3330/3375/2740
f 2659/3408/2766 2660/3409/2767 2661/3410/2768 2662/3411/2769
f 2663/3412/2770 2659/3408/2766 2662/3411/2769 2664/3413/2771
f 2665/3414/2772 2664/3413/2771 2662/3411/2769 2666/3415/2773
f 2662/3411/2769 2661/3410/2768 2667/3416/2774 2666/3415/2773
f 2668/3417/2775 2660/3409/2767 2659/3408/2766 2669/3418/2776
f 2670/3419/2777 2668/3417/2775 2669/3418/2776 2671/3420/2778
f 2669/3418/2776 2672/3421/2779 2673/3422/2780 2671/3420/2778
f 2669/3418/2776 2659/3408/2766 2663/3412/2770 2672/3421/2779
f 2674/3423/2781 2660/3409/2767 2668/3417/2775 2675/3424/2782
f 2676/3425/2783 2674/3423/2781 2675/3424/2782 2677/3426/2784
f 2675/3424/2782 2678/3427/2785 2679/3428/2786 2677/3426/2784
f 2675/3424/2782 2668/3417/2775 2670/3419/2777 2678/3427/2785
f 2661/3410/2768 2660/3409/2767 2674/3423/2781 2680/3429/2787
f 2667/3416/2774 2661/3410/2768 2680/3429/2787 2681/3430/2788
f 2682/3431/2789 2681/3430/2788 2680/3429/2787 2683/3432/2790
f 2680/3429/2787 2674/3423/2781 2676/3425/2783 2683/3432/2790
f 2684/3433/2791 2685/3434/2792 2686/3435/2793 2687/3436/2794
f 2688/3437/2795 2684/3433/2791 2687/3436/2794 2689/3438/2796
f 2690/3439/2797 2688/3437/2795 2689/3438/2796 2691/3440/2798
f 2692/3441/2799 2690/3439/2797 2691/3440/2798 2693/3442/2800
f 2694/3443/2801 2692/3441/2799 2693/3442/2800 2695/3444/2802
f 2696/3445/2803 2694/3443/2801 2695/3444/2802 2697/3446/2804
f 2698/3447/2805 2696/3445/2803 2697/3446/2804 2699/3448/2806
f 2700/3449/2807 2698/3447/2805 2699/3448/2806 2701/3450/2808
f 2702/3451/2809 2700/3449/2807 2701/3450/2808 2703/3452/2810
f 2704/3453/2811 2702/3451/2809 2703/3452/2810 2705/3454/2812
f 2706/3455/2813 2704/3453/2811 2705/3454/2812 2707/3456/2814
f 2708/3457/2815 2706/3455/2813 2707/3456/2814 2709/3458/2816
f 2710/3459/2817 2708/3460/2815 2709/3461/2816 2711/3462/2818
f 2712/3463/2819 2710/3459/2817 2711/3462/2818 2713/3464/2820
f 2714/3465/2821 2712/3463/2819 2713/3464/2820 2715/3466/2822
f 2685/3434/2792 2714/3465/2821 2715/3466/2822 2686/3435/2793
f 2716/3467/2823 2666/3415/2773 2667/3416/2774 2717/3468/2824
f 2718/3469/2825 2665/3414/2772 2666/3415/2773 2716/3467/2823
f 2719/3470/2826 2664/3413/2771 2665/3414/2772 2718/3469/2825
f 2720/3471/2827 2663/3412/2770 2664/3413/2771 2719/3470/2826
f 2672/3421/2779 2663/3412/2770 2720/3471/2827 2721/3472/2828
f 2673/3422/2780 2672/3421/2779 2721/3472/2828 2722/3473/2829
f 2671/3420/2778 2673/3422/2780 2722/3473/2829 2723/3474/2830
f 2670/3419/2777 2671/3420/2778 2723/3474/2830 2724/3475/2831
f 2678/3427/2785 2670/3419/2777 2724/3475/2831 2725/3476/2832
f 2679/3428/2786 2678/3427/2785 2725/3476/2832 2726/3477/2833
f 2677/3426/2784 2679/3428/2786 2726/3477/2833 2727/3478/2834
f 2676/3425/2783 2677/3426/2784 2727/3478/2834 2728/3479/2835
f 2729/3480/2836 2683/3432/2790 2676/3425/2783 2728/3479/2835
f 2730/3481/2837 2682/3431/2789 2683/3432/2790 2729/3480/2836
f 2731/3482/2838 2681/3430/2788 2682/3431/2789 2730/3481/2837
f 2717/3468/2824 2667/3416/2774 2681/3430/2788 2731/3482/2838
f 2687/3436/2794 2686/3435/2793 2732/3483/2839 2733/3484/2840
f 2689/3438/2796 2687/3436/2794 2733/3484/2840 2734/3485/2841
f 2691/3440/2798 2689/3438/2796 2734/3485/2841 2735/3486/2842
f 2693/3442/2800 2691/3440/2798 2735/3486/2842 2736/3487/2843
f 2695/3444/2802 2693/3442/2800 2736/3487/2843 2737/3488/2844
f 2697/3446/2804 2695/3444/2802 2737/3488/2844 2738/3489/2845
f 2699/3448/2806 2697/3446/2804 2738/3489/2845 2739/3490/2846
f 2701/3450/2808 2699/3448/2806 2739/3490/2846 2740/3491/2847
f 2703/3452/2810 2701/3450/2808 2740/3491/2847 2741/3492/2848
f 2705/3454/2812 2703/3452/2810 2741/3492/2848 2742/3493/2849
f 2707/3456/2814 2705/3454/2812 2742/3493/2849 2743/3494/2850
f 2709/3458/2816 2707/3456/2814 2743/3494/2850 2744/3495/2851
f 2711/3462/2818 2709/3461/2816 2744/3496/2851 2745/3497/2852
f 2713/3464/2820 2711/3462/2818 2745/3497/2852 2746/3498/2853
f 2715/3466/2822 2713/3464/2820 2746/3498/2853 2747/3499/2854
f 2686/3435/2793 2715/3466/2822 2747/3499/2854 2732/3483/2839
f 2717/3468/2824 2748/3500/2855 2749/3501/2856 2716/3467/2823
f 2716/3467/2823 2749/3501/2856 2750/3502/2857 2718/3469/2825
f 2718/3469/2825 2750/3502/2857 2751/3503/2858 2719/3470/2826
f 2719/3470/2826 2751/3503/2858 2752/3504/2859 2720/3471/2827
f 2720/3471/2827 2752/3504/2859 2753/3505/2860 2721/3472/2828
f 2721/3472/2828 2753/3505/2860 2754/3506/2861 2722/3473/2829
f 2722/3473/2829 2754/3506/2861 2755/3507/2862 2723/3474/2830
f 2723/3474/2830 2755/3507/2862 2756/3508/2863 2724/3475/2831
f 2724/3475/2831 2756/3508/2863 2757/3509/2864 2725/3476/2832
f 2725/3476/2832 2757/3509/2864 2758/3510/2865 2726/3477/2833
f 2726/3477/2833 2758/3510/2865 2759/3511/2866 2727/3478/2834
f 2727/3478/2834 2759/3511/2866 2760/3512/2867 2728/3479/2835
f 2728/3479/2835 2760/3512/2867 2761/3513/2868 2729/3480/2836
f 2729/3480/2836 2761/3513/2868 2762/3514/2869 2730/3481/2837
f 2730/3481/2837 2762/3514/2869 2763/3515/2870 2731/3482/2838
f 2731/3482/2838 2763/3515/2870 2748/3500/2855 2717/3468/2824
f 2732/3483/2839 2752/3516/2859 2751/3517/2858 2733/3484/2840
f 2733/3484/2840 2751/3517/2858 2750/3518/2857 2734/3485/2841
f 2734/3485/2841 2750/3518/2857 2749/3519/2856 2735/3486/2842
f 2735/3486/2842 2749/3519/2856 2748/3520/2855 2736/3487/2843
f 2736/3487/2843 2748/3520/2855 2763/3521/2870 2737/3488/2844
f 2737/3488/2844 2763/3521/2870 2762/3522/2869 2738/3489/2845
f 2738/3489/2845 2762/3522/2869 2761/3523/2868 2739/3490/2846
f 2739/3490/2846 2761/3523/2868 2760/3524/2867 2740/3491/2847
f 2740/3491/2847 2760/3524/2867 2759/3525/2866 2741/3492/2848
f 2741/3492/2848 2759/3525/2866 2758/3526/2865 2742/3493/2849
f 2742/3493/2849 2758/3526/2865 2757/3527/2864 2743/3494/2850
f 2743/3494/2850 2757/3527/2864 2756/3528/2863 2744/3495/2851
f 2744/3496/2851 2756/3529/2863 2755/3530/2862 2745/3497/2852
f 2745/3497/2852 2755/3530/2862 2754/3531/2861 2746/3498/2853
f 2746/3498/2853 2754/3531/2861 2753/3532/2860 2747/3499/2854
f 2747/3499/2854 2753/3532/2860 2752/3516/2859 2732/3483/2839
f 2764/3533/2871 2765/3534/2872 2766/3535/2873 2767/3536/2874
f 2767/3536/2874 2766/3535/2873 2768/3537/2875 2769/3538/2876
f 2767/3536/2874 2769/3538/2876 2770/3539/2877 2771/3540/2878
f 2772/3541/2879 2764/3533/2871 2767/3536/2874 2771/3540/2878
f 2766/3535/2873 2765/3534/2872 2773/3542/2880 2774/3543/2881
f 2774/3543/2881 2773/3542/2880 2775/3544/2882 2776/3545/2883
f 2777/3546/2884 2778/3547/2885 2774/3543/2881 2776/3545/2883
f 2768/3537/2875 2766/3535/2873 2774/3543/2881 2778/3547/2885
f 2773/3542/2880 2765/3534/2872 2779/3548/2886 2780/3549/2887
f 2780/3549/2887 2779/3548/2886 2781/3550/2888 2782/3551/2889
f 2783/3552/2890 2784/3553/2891 2780/3549/2887 2782/3551/2889
f 2775/3544/2882 2773/3542/2880 2780/3549/2887 2784/3553/2891
f 2779/3548/2886 2765/3534/2872 2764/3533/2871 2785/3554/2892
f 2785/3554/2892 2764/3533/2871 2772/3541/2879 2786/3555/2893
f 2785/3554/2892 2786/3555/2893 2787/3556/2894 2788/3557/2895
f 2781/3550/2888 2779/3548/2886 2785/3554/2892 2788/3557/2895
f 2789/3558/2896 2685/3434/2792 2684/3433/2791 2790/3559/2897
f 2790/3559/2897 2684/3433/2791 2688/3437/2795 2791/3560/2898
f 2791/3560/2898 2688/3437/2795 2690/3439/2797 2792/3561/2899
f 2792/3561/2899 2690/3439/2797 2692/3441/2799 2793/3562/2900
f 2793/3562/2900 2692/3441/2799 2694/3443/2801 2794/3563/2901
f 2794/3563/2901 2694/3443/2801 2696/3445/2803 2795/3564/2902
f 2795/3564/2902 2696/3445/2803 2698/3447/2805 2796/3565/2903
f 2796/3565/2903 2698/3447/2805 2700/3449/2807 2797/3566/2904
f 2797/3566/2904 2700/3449/2807 2702/3451/2809 2798/3567/2905
f 2798/3567/2905 2702/3451/2809 2704/3453/2811 2799/3568/2906
f 2799/3568/2906 2704/3453/2811 2706/3455/2813 2800/3569/2907
f 2800/3569/2907 2706/3455/2813 2708/3457/2815 2801/3570/2908
f 2801/3571/2908 2708/3460/2815 2710/3459/2817 2802/3572/2909
f 2802/3572/2909 2710/3459/2817 2712/3463/2819 2803/3573/2910
f 2803/3573/2910 2712/3463/2819 2714/3465/2821 2804/3574/2911
f 2804/3574/2911 2714/3465/2821 2685/3434/2792 2789/3558/2896
f 2772/3541/2879 2771/3540/2878 2805/3575/2912 2806/3576/2913
f 2771/3540/2878 2770/3539/2877 2807/3577/2914 2805/3575/2912
f 2770/3539/2877 2769/3538/2876 2808/3578/2915 2807/3577/2914
f 2769/3538/2876 2768/3537/2875 2809/3579/2916 2808/3578/2915
f 2809/3579/2916 2768/3537/2875 2778/3547/2885 2810/3580/2917
f 2810/3580/2917 2778/3547/2885 2777/3546/2884 2811/3581/2918
f 2811/3581/2918 2777/3546/2884 2776/3545/2883 2812/3582/2919
f 2812/3582/2919 2776/3545/2883 2775/3544/2882 2813/3583/2920
f 2813/3583/2920 2775/3544/2882 2784/3553/2891 2814/3584/2921
f 2814/3584/2921 2784/3553/2891 2783/3552/2890 2815/3585/2922
f 2815/3585/2922 2783/3552/2890 2782/3551/2889 2816/3586/2923
f 2816/3586/2923 2782/3551/2889 2781/3550/2888 2817/3587/2924
f 2781/3550/2888 2788/3557/2895 2818/3588/2925 2817/3587/2924
f 2788/3557/2895 2787/3556/2894 2819/3589/2926 2818/3588/2925
f 2787/3556/2894 2786/3555/2893 2820/3590/2927 2819/3589/2926
f 2786/3555/2893 2772/3541/2879 2806/3576/2913 2820/3590/2927
f 2821/3591/2928 2789/3558/2896 2790/3559/2897 2822/3592/2929
f 2822/3592/2929 2790/3559/2897 2791/3560/2898 2823/3593/2930
f 2823/3593/2930 2791/3560/2898 2792/3561/2899 2824/3594/2931
f 2824/3594/2931 2792/3561/2899 2793/3562/2900 2825/3595/2932
f 2825/3595/2932 2793/3562/2900 2794/3563/2901 2826/3596/2933
f 2826/3596/2933 2794/3563/2901 2795/3564/2902 2827/3597/2934
f 2827/3597/2934 2795/3564/2902 2796/3565/2903 2828/3598/2935
f 2828/3598/2935 2796/3565/2903 2797/3566/2904 2829/3599/2936
f 2829/3599/2936 2797/3566/2904 2798/3567/2905 2830/3600/2937
f 2830/3600/2937 2798/3567/2905 2799/3568/2906 2831/3601/2938
f 2831/3601/2938 2799/3568/2906 2800/3569/2907 2832/3602/2939
f 2832/3602/2939 2800/3569/2907 2801/3570/2908 2833/3603/2940
f 2833/3604/2940 2801/3571/2908 2802/3572/2909 2834/3605/2941
f 2834/3605/2941 2802/3572/2909 2803/3573/2910 2835/3606/2942
f 2835/3606/2942 2803/3573/2910 2804/3574/2911 2836/3607/2943
f 2836/3607/2943 2804/3574/2911 2789/3558/2896 2821/3591/2928
f 2837/3608/2944 2838/3609/2945 2806/3576/2913 2805/3575/2912
f 2839/3610/2946 2837/3608/2944 2805/3575/2912 2807/3577/2914
f 2840/3611/2947 2839/3610/2946 2807/3577/2914 2808/3578/2915
f 2841/3612/2948 2840/3611/2947 2808/3578/2915 2809/3579/2916
f 2842/3613/2949 2841/3612/2948 2809/3579/2916 2810/3580/2917
f 2843/3614/2950 2842/3613/2949 2810/3580/2917 2811/3581/2918
f 2844/3615/2951 2843/3614/2950 2811/3581/2918 2812/3582/2919
f 2845/3616/2952 2844/3615/2951 2812/3582/2919 2813/3583/2920
f 2846/3617/2953 2845/3616/2952 2813/3583/2920 2814/3584/2921
f 2847/3618/2954 2846/3617/2953 2814/3584/2921 2815/3585/2922
f 2848/3619/2955 2847/3618/2954 2815/3585/2922 2816/3586/2923
f 2849/3620/2956 2848/3619/2955 2816/3586/2923 2817/3587/2924
f 2850/3621/2957 2849/3620/2956 2817/3587/2924 2818/3588/2925
f 2851/3622/2958 2850/3621/2957 2818/3588/2925 2819/3589/2926
f 2852/3623/2959 2851/3622/2958 2819/3589/2926 2820/3590/2927
f 2838/3609/2945 2852/3623/2959 2820/3590/2927 2806/3576/2913
f 2840/3624/2947 2841/3625/2948 2821/3591/2928 2822/3592/2929
f 2839/3626/2946 2840/3624/2947 2822/3592/2929 2823/3593/2930
f 2837/3627/2944 2839/3626/2946 2823/3593/2930 2824/3594/2931
f 2838/3628/2945 2837/3627/2944 2824/3594/2931 2825/3595/2932
f 2852/3629/2959 2838/3628/2945 2825/3595/2932 2826/3596/2933
f 2851/3630/2958 2852/3629/2959 2826/3596/2933 2827/3597/2934
f 2850/3631/2957 2851/3630/2958 2827/3597/2934 2828/3598/2935
f 2849/3632/2956 2850/3631/2957 2828/3598/2935 2829/3599/2936
f 2848/3633/2955 2849/3632/2956 2829/3599/2936 2830/3600/2937
f 2847/3634/2954 2848/3633/2955 2830/3600/2937 2831/3601/2938
f 2846/3635/2953 2847/3634/2954 2831/3601/2938 2832/3602/2939
f 2845/3636/2952 2846/3635/2953 2832/3602/2939 2833/3603/2940
f 2844/3637/2951 2845/3638/2952 2833/3604/2940 2834/3605/2941
f 2843/3639/2950 2844/3637/2951 2834/3605/2941 2835/3606/2942
f 2842/3640/2949 2843/3639/2950 2835/3606/2942 2836/3607/2943
f 2841/3625/2948 2842/3640/2949 2836/3607/2943 2821/3591/2928
f 2853/3641/2960 2854/3642/2961 2855/3643/2962 2856/3644/2963
f 2857/3645/2964 2856/3644/2963 2855/3643/2962 2858/3646/2965
f 2859/3647/2966 2860/3648/2967 2857/3645/2964 2858/3646/2965
f 2860/3648/2967 2859/3647/2966 2861/3649/2968 2862/3650/2969
f 2862/3650/2969 2861/3649/2968 2863/3651/2970 2864/3652/2971
f 2864/3652/2971 2863/3651/2970 2865/3653/2972 2866/3654/2973
f 2867/3655/2974 2868/3656/2975 2866/3654/2973 2865/3653/2972
f 2869/3657/2976 2870/3658/2977 2868/3656/2975 2867/3655/2974
f 2870/3658/2977 2869/3657/2976 2871/3659/2978 2872/3660/2979
f 2872/3660/2979 2871/3659/2978 2873/3661/2980 2874/3662/2981
f 2854/3642/2961 2875/3663/2982 2876/3664/2983 2855/3643/2962
f 2855/3643/2962 2876/3664/2983 2877/3665/2984 2858/3646/2965
f 2878/3666/2985 2859/3647/2966 2858/3646/2965 2877/3665/2984
f 2859/3647/2966 2878/3666/2985 2879/3667/2986 2861/3649/2968
f 2863/3651/2970 2861/3649/2968 2879/3667/2986 2880/3668/2987
f 2863/3651/2970 2880/3668/2987 2881/3669/2988 2865/3653/2972
f 2882/3670/2989 2867/3655/2974 2865/3653/2972 2881/3669/2988
f 2883/3671/2990 2869/3657/2976 2867/3655/2974 2882/3670/2989
f 2871/3659/2978 2869/3657/2976 2883/3671/2990 2884/3672/2991
f 2871/3659/2978 2884/3672/2991 2885/3673/2992 2873/3661/2980
f 2875/3663/2982 2886/3674/2993 2887/3675/2994 2876/3664/2983
f 2877/3665/2984 2876/3664/2983 2887/3675/2994 2888/3676/2995
f 2889/3677/2996 2878/3666/2985 2877/3665/2984 2888/3676/2995
f 2878/3666/2985 2889/3677/2996 2890/3678/2997 2879/3667/2986
f 2879/3667/2986 2890/3678/2997 2891/3679/2998 2880/3668/2987
f 2880/3668/2987 2891/3679/2998 2892/3680/2999 2881/3669/2988
f 2893/3681/3000 2882/3670/2989 2881/3669/2988 2892/3680/2999
f 2894/3682/3001 2883/3671/2990 2882/3670/2989 2893/3681/3000
f 2883/3671/2990 2894/3682/3001 2895/3683/3002 2884/3672/2991
f 2884/3672/2991 2895/3683/3002 2896/3684/3003 2885/3673/2992
f 2886/3674/2993 2897/3685/3004 2898/3686/3005 2887/3675/2994
f 2887/3675/2994 2898/3686/3005 2899/3687/3006 2888/3676/2995
f 2900/3688/3007 2889/3677/2996 2888/3676/2995 2899/3687/3006
f 2889/3677/2996 2900/3688/3007 2901/3689/3008 2890/3678/2997
f 2891/3679/2998 2890/3678/2997 2901/3689/3008 2902/3690/3009
f 2891/3679/2998 2902/3690/3009 2903/3691/3010 2892/3680/2999
f 2904/3692/3011 2893/3681/3000 2892/3680/2999 2903/3691/3010
f 2905/3693/3012 2894/3682/3001 2893/3681/3000 2904/3692/3011
f 2895/3683/3002 2894/3682/3001 2905/3693/3012 2906/3694/3013
f 2895/3683/3002 2906/3694/3013 2907/3695/3014 2896/3684/3003
f 2897/3685/3004 2908/3696/3015 2909/3697/3016 2898/3686/3005
f 2899/3687/3006 2898/3686/3005 2909/3697/3016 2910/3698/3017
f 2911/3699/3018 2900/3688/3007 2899/3687/3006 2910/3698/3017
f 2900/3688/3007 2911/3699/3018 2912/3700/3019 2901/3689/3008
f 2901/3689/3008 2912/3700/3019 2913/3701/3020 2902/3690/3009
f 2902/3690/3009 2913/3701/3020 2914/3702/3021 2903/3691/3010
f 2915/3703/3022 2904/3692/3011 2903/3691/3010 2914/3702/3021
f 2916/3704/3023 2905/3693/3012 2904/3692/3011 2915/3703/3022
f 2905/3693/3012 2916/3704/3023 2917/3705/3024 2906/3694/3013
f 2906/3694/3013 2917/3705/3024 2918/3706/3025 2907/3695/3014
f 2908/3696/3015 2919/3707/3026 2920/3708/3027 2909/3697/3016
f 2909/3697/3016 2920/3708/3027 2921/3709/3028 2910/3698/3017
f 2922/3710/3029 2911/3699/3018 2910/3698/3017 2921/3709/3028
f 2911/3699/3018 2922/3710/3029 2923/3711/3030 2912/3700/3019
f 2913/3701/3020 2912/3700/3019 2923/3711/3030 2924/3712/3031
f 2913/3701/3020 2924/3712/3031 2925/3713/3032 2914/3702/3021
f 2926/3714/3033 2915/3703/3022 2914/3702/3021 2925/3713/3032
f 2927/3715/3034 2916/3704/3023 2915/3703/3022 2926/3714/3033
f 2917/3705/3024 2916/3704/3023 2927/3715/3034 2928/3716/3035
f 2917/3705/3024 2928/3716/3035 2929/3717/3036 2918/3706/3025
f 2919/3707/3026 2930/3718/3037 2931/3719/3038 2920/3708/3027
f 2921/3709/3028 2920/3708/3027 2931/3719/3038 2932/3720/3039
f 2933/3721/3040 2922/3710/3029 2921/3709/3028 2932/3720/3039
f 2922/3710/3029 2933/3721/3040 2934/3722/3041 2923/3711/3030
f 2923/3711/3030 2934/3722/3041 2935/3723/3042 2924/3712/3031
f 2924/3712/3031 2935/3723/3042 2936/3724/3043 2925/3713/3032
f 2937/3725/3044 2926/3714/3033 2925/3713/3032 2936/3724/3043
f 2938/3726/3045 2927/3715/3034 2926/3714/3033 2937/3725/3044
f 2927/3715/3034 2938/3726/3045 2939/3727/3046 2928/3716/3035
f 2928/3716/3035 2939/3727/3046 2940/3728/3047 2929/3717/3036
f 2930/3718/3037 2941/3729/3048 2942/3730/3049 2931/3719/3038
f 2931/3719/3038 2942/3730/3049 2943/3731/3050 2932/3720/3039
f 2944/3732/3051 2933/3721/3040 2932/3720/3039 2943/3731/3050
f 2933/3721/3040 2944/3732/3051 2945/3733/3052 2934/3722/3041
f 2935/3723/3042 2934/3722/3041 2945/3733/3052 2946/3734/3053
f 2935/3723/3042 2946/3734/3053 2947/3735/3054 2936/3724/3043
f 2947/3735/3054 2948/3736/3055 2937/3725/3044 2936/3724/3043
f 2949/3737/3056 2938/3726/3045 2937/3725/3044 2948/3736/3055
f 2939/3727/3046 2938/3726/3045 2949/3737/3056 2950/3738/3057
f 2939/3727/3046 2950/3738/3057 2951/3739/3058 2940/3728/3047
f 2941/3729/3048 2952/3740/3059 2953/3741/3060 2942/3730/3049
f 2943/3731/3050 2942/3730/3049 2953/3741/3060 2954/3742/3061
f 2955/3743/3062 2944/3732/3051 2943/3731/3050 2954/3742/3061
f 2944/3732/3051 2955/3743/3062 2956/3744/3063 2945/3733/3052
f 2945/3733/3052 2956/3744/3063 2957/3745/3064 2946/3734/3053
f 2946/3734/3053 2957/3745/3064 2958/3746/3065 2947/3735/3054
f 2959/3747/3066 2948/3736/3055 2947/3735/3054 2958/3746/3065
f 2960/3748/3067 2949/3737/3056 2948/3736/3055 2959/3747/3066
f 2949/3737/3056 2960/3748/3067 2961/3749/3068 2950/3738/3057
f 2950/3738/3057 2961/3749/3068 2962/3750/3069 2951/3739/3058
f 2952/3740/3059 2963/3751/3070 2964/3752/3071 2953/3741/3060
f 2953/3741/3060 2964/3752/3071 2965/3753/3072 2954/3742/3061
f 2966/3754/3073 2955/3743/3062 2954/3742/3061 2965/3753/3072
f 2955/3743/3062 2966/3754/3073 2967/3755/3074 2956/3744/3063
f 2957/3745/3064 2956/3744/3063 2967/3755/3074 2968/3756/3075
f 2957/3745/3064 2968/3756/3075 2969/3757/3076 2958/3746/3065
f 2970/3758/3077 2959/3747/3066 2958/3746/3065 2969/3757/3076
f 2971/3759/3078 2960/3748/3067 2959/3747/3066 2970/3758/3077
f 2961/3749/3068 2960/3748/3067 2971/3759/3078 2972/3760/3079
f 2961/3749/3068 2972/3760/3079 2973/3761/3080 2962/3750/3069
f 2963/3751/3070 2974/3762/3081 2975/3763/3082 2964/3752/3071
f 2965/3753/3072 2964/3752/3071 2975/3763/3082 2976/3764/3083
f 2977/3765/3084 2966/3754/3073 2965/3753/3072 2976/3764/3083
f 2966/3754/3073 2977/3765/3084 2978/3766/3085 2967/3755/3074
f 2967/3755/3074 2978/3766/3085 2979/3767/3086 2968/3756/3075
f 2968/3756/3075 2979/3767/3086 2980/3768/3087 2969/3757/3076
f 2981/3769/3088 2970/3758/3077 2969/3757/3076 2980/3768/3087
f 2982/3770/3089 2971/3759/3078 2970/3758/3077 2981/3769/3088
f 2971/3759/3078 2982/3770/3089 2983/3771/3090 2972/3760/3079
f 2972/3760/3079 2983/3771/3090 2984/3772/3091 2973/3761/3080
f 2974/3762/3081 2985/3773/3092 2986/3774/3093 2975/3763/3082
f 2975/3763/3082 2986/3774/3093 2987/3775/3094 2976/3764/3083
f 2988/3776/3095 2977/3765/3084 2976/3764/3083 2987/3775/3094
f 2977/3765/3084 2988/3776/3095 2989/3777/3096 2978/3766/3085
f 2979/3767/3086 2978/3766/3085 2989/3777/3096 2990/3778/3097
f 2979/3767/3086 2990/3778/3097 2991/3779/3098 2980/3768/3087
f 2992/3780/3099 2981/3769/3088 2980/3768/3087 2991/3779/3098
f 2993/3781/3100 2982/3770/3089 2981/3769/3088 2992/3780/3099
f 2983/3771/3090 2982/3770/3089 2993/3781/3100 2994/3782/3101
f 2983/3771/3090 2994/3782/3101 2995/3783/3102 2984/3772/3091
f 2985/3773/3092 2996/3784/3103 2997/3785/3104 2986/3774/3093
f 2987/3775/3094 2986/3774/3093 2997/3785/3104 2998/3786/3105
f 2999/3787/3106 2988/3776/3095 2987/3775/3094 2998/3786/3105
f 2988/3776/3095 2999/3787/3106 3000/3788/3107 2989/3777/3096
f 2989/3777/3096 3000/3788/3107 3001/3789/3108 2990/3778/3097
f 2990/3778/3097 3001/3789/3108 3002/3790/3109 2991/3779/3098
f 3003/3791/3110 2992/3780/3099 2991/3779/3098 3002/3790/3109
f 3004/3792/3111 2993/3781/3100 2992/3780/3099 3003/3791/3110
f 2993/3781/3100 3004/3792/3111 3005/3793/3112 2994/3782/3101
f 2994/3782/3101 3005/3793/3112 3006/3794/3113 2995/3783/3102
f 2996/3784/3103 3007/3795/3114 3008/3796/3115 2997/3785/3104
f 2997/3785/3104 3008/3796/3115 3009/3797/3116 2998/3786/3105
f 3010/3798/3117 2999/3787/3106 2998/3786/3105 3009/3797/3116
f 2999/3787/3106 3010/3798/3117 3011/3799/3118 3000/3788/3107
f 3001/3789/3108 3000/3788/3107 3011/3799/3118 3012/3800/3119
f 3001/3789/3108 3012/3800/3119 3013/3801/3120 3002/3790/3109
f 3014/3802/3121 3003/3791/3110 3002/3790/3109 3013/3801/3120
f 3015/3803/3122 3004/3792/3111 3003/3791/3110 3014/3802/3121
f 3005/3793/3112 3004/3792/3111 3015/3803/3122 3016/3804/3123
f 3005/3793/3112 3016/3804/3123 3017/3805/3124 3006/3794/3113
f 3007/3795/3114 3018/3806/3125 3019/3807/3126 3008/3796/3115
f 3009/3797/3116 3008/3796/3115 3019/3807/3126 3020/3808/3127
f 3021/3809/3128 3010/3798/3117 3009/3797/3116 3020/3808/3127
f 3010/3798/3117 3021/3809/3128 3022/3810/3129 3011/3799/3118
f 3011/3799/3118 3022/3810/3129 3023/3811/3130 3012/3800/3119
f 3012/3800/3119 3023/3811/3130 3024/3812/3131 3013/3801/3120
f 3025/3813/3132 3014/3802/3121 3013/3801/3120 3024/3812/3131
f 3026/3814/3133 3015/3803/3122 3014/3802/3121 3025/3813/3132
f 3015/3803/3122 3026/3814/3133 3027/3815/3134 3016/3804/3123
f 3016/3804/3123 3027/3815/3134 3028/3816/3135 3017/3805/3124
f 3018/3806/3125 2853/3817/2960 2856/3818/2963 3019/3807/3126
f 3019/3807/3126 2856/3818/2963 2857/3819/2964 3020/3808/3127
f 2860/3820/2967 3021/3809/3128 3020/3808/3127 2857/3819/2964
f 3021/3809/3128 2860/3820/2967 2862/3821/2969 3022/3810/3129
f 3023/3811/3130 3022/3810/3129 2862/3821/2969 2864/3822/2971
f 3023/3811/3130 2864/3822/2971 2866/3823/2973 3024/3812/3131
f 2868/3824/2975 3025/3813/3132 3024/3812/3131 2866/3823/2973
f 2870/3825/2977 3026/3814/3133 3025/3813/3132 2868/3824/2975
f 3027/3815/3134 3026/3814/3133 2870/3825/2977 2872/3826/2979
f 3027/3815/3134 2872/3826/2979 2874/3827/2981 3028/3816/3135
f 3520/3828/3136 3526/3829/3137 3064/3830/3138 3056/3831/3139
f 3030/3832/3140 2940/3728/3047 2951/3739/3058 3029/3833/3141
f 3029/3833/3141 3519/3834/3142 3523/3835/3143 3030/3832/3140
f 3029/3833/3141 2951/3739/3058 2962/3750/3069 3031/3836/3144
f 3033/3837/3145 3532/3838/3146 3525/3839/3147 3031/3836/3144
f 3032/3840/3148 2929/3717/3036 2940/3728/3047 3030/3832/3140
f 3526/3829/3137 3531/3841/3149 3065/3842/3150 3064/3830/3138
f 3031/3836/3144 2962/3750/3069 2973/3761/3080 3033/3837/3145
f 3535/3843/3151 3528/3844/3152 3059/3845/3153 3058/3846/3154
f 3034/3847/3155 2918/3706/3025 2929/3717/3036 3032/3840/3148
f 3531/3841/3149 3538/3848/3156 3063/3849/3157 3065/3842/3150
f 3033/3837/3145 2973/3761/3080 2984/3772/3091 3035/3850/3158
f 3538/3848/3156 3541/3851/3159 3062/3852/3160 3063/3849/3157
f 3035/3850/3158 2984/3772/3091 2995/3783/3102 3036/3853/3161
f 3544/3854/3162 3535/3843/3151 3058/3846/3154 3049/3855/3163
f 3037/3856/3164 2907/3695/3014 2918/3706/3025 3034/3847/3155
f 3037/3856/3164 3543/3857/3165 3550/3858/3166 3039/3859/3167
f 3036/3853/3161 2995/3783/3102 3006/3794/3113 3038/3860/3168
f 3549/3861/3169 3544/3854/3162 3049/3855/3163 3050/3862/3170
f 3039/3859/3167 2896/3684/3003 2907/3695/3014 3037/3856/3164
f 3546/3863/3171 3553/3864/3172 3068/3865/3173 3069/3866/3174
f 3038/3860/3168 3006/3794/3113 3017/3805/3124 3040/3867/3175
f 3556/3868/3176 3549/3861/3169 3050/3862/3170 3051/3869/3177
f 3041/3870/3178 2885/3673/2992 2896/3684/3003 3039/3859/3167
f 3553/3864/3172 3558/3871/3179 3067/3872/3180 3068/3865/3173
f 3040/3867/3175 3017/3805/3124 3028/3816/3135 3042/3873/3181
f 3561/3874/3182 3556/3868/3176 3051/3869/3177 3052/3875/3183
f 3043/3876/3184 2873/3661/2980 2885/3673/2992 3041/3870/3178
f 3558/3871/3179 3565/3877/3185 3053/3878/3186 3067/3872/3180
f 3042/3873/3181 3028/3816/3135 2874/3827/2981 3044/3879/3187
f 3565/3877/3185 3561/3874/3182 3052/3875/3183 3053/3878/3186
f 3044/3880/3187 2874/3662/2981 2873/3661/2980 3043/3876/3184
f 3045/3881/3188 3046/3882/3189 3047/3883/3190 3048/3884/3191
f 3049/3855/3163 3045/3881/3188 3048/3884/3191 3050/3862/3170
f 3051/3869/3177 3050/3862/3170 3048/3884/3191 3052/3875/3183
f 3048/3884/3191 3047/3883/3190 3053/3878/3186 3052/3875/3183
f 3054/3885/3192 3046/3882/3189 3045/3881/3188 3055/3886/3193
f 3056/3831/3139 3054/3885/3192 3055/3886/3193 3057/3887/3194
f 3055/3886/3193 3058/3846/3154 3059/3845/3153 3057/3887/3194
f 3055/3886/3193 3045/3881/3188 3049/3855/3163 3058/3846/3154
f 3060/3888/3195 3046/3882/3189 3054/3885/3192 3061/3889/3196
f 3062/3852/3160 3060/3888/3195 3061/3889/3196 3063/3849/3157
f 3061/3889/3196 3064/3830/3138 3065/3842/3150 3063/3849/3157
f 3061/3889/3196 3054/3885/3192 3056/3831/3139 3064/3830/3138
f 3047/3883/3190 3046/3882/3189 3060/3888/3195 3066/3890/3197
f 3053/3878/3186 3047/3883/3190 3066/3890/3197 3067/3872/3180
f 3068/3865/3173 3067/3872/3180 3066/3890/3197 3069/3866/3174
f 3066/3890/3197 3060/3888/3195 3062/3852/3160 3069/3866/3174
f 3038/3860/3168 3547/3891/3198 3540/3892/3199 3036/3853/3161
f 3541/3851/3159 3546/3863/3171 3069/3866/3174 3062/3852/3160
f 3034/3847/3155 3534/3893/3200 3543/3857/3165 3037/3856/3164
f 3032/3840/3148 3529/3894/3201 3534/3893/3200 3034/3847/3155
f 3522/3895/3202 3520/3828/3136 3056/3831/3139 3057/3887/3194
f 3528/3844/3152 3522/3895/3202 3057/3887/3194 3059/3845/3153
f 3030/3832/3140 3523/3835/3143 3529/3894/3201 3032/3840/3148
f 3035/3850/3158 3537/3896/3203 3532/3838/3146 3033/3837/3145
f 3036/3853/3161 3540/3892/3199 3537/3896/3203 3035/3850/3158
f 3040/3867/3175 3552/3897/3204 3547/3891/3198 3038/3860/3168
f 3042/3873/3181 3559/3898/3205 3552/3897/3204 3040/3867/3175
f 3044/3879/3187 3564/3899/3206 3559/3898/3205 3042/3873/3181
f 3043/3876/3184 3562/3900/3207 3564/3901/3206 3044/3880/3187
f 3041/3870/3178 3555/3902/3208 3562/3900/3207 3043/3876/3184
f 3039/3859/3167 3550/3858/3166 3555/3902/3208 3041/3870/3178
f 3070/3903/3209 3071/3904/3210 3072/3905/3211 3073/3906/3212
f 3071/3904/3210 3074/3907/3213 3075/3908/3214 3072/3905/3211
f 3076/3909/3215 3077/3910/3216 3074/3907/3213 3071/3904/3210
f 3078/3911/3217 3076/3909/3215 3071/3904/3210 3070/3903/3209
f 3079/3912/3218 3080/3913/3219 3070/3903/3209 3073/3906/3212
f 3080/3913/3219 3081/3914/3220 3078/3911/3217 3070/3903/3209
f 3082/3915/3221 3083/3916/3222 3081/3914/3220 3080/3913/3219
f 3084/3917/3223 3082/3915/3221 3080/3913/3219 3079/3912/3218
f 3085/3918/3224 3086/3919/3225 3079/3912/3218 3073/3906/3212
f 3086/3919/3225 3087/3920/3226 3084/3917/3223 3079/3912/3218
f 3088/3921/3227 3089/3922/3228 3087/3920/3226 3086/3919/3225
f 3090/3923/3229 3088/3921/3227 3086/3919/3225 3085/3918/3224
f 3072/3905/3211 3091/3924/3230 3085/3918/3224 3073/3906/3212
f 3091/3924/3230 3092/3925/3231 3090/3923/3229 3085/3918/3224
f 3093/3926/3232 3094/3927/3233 3092/3925/3231 3091/3924/3230
f 3075/3908/3214 3093/3926/3232 3091/3924/3230 3072/3905/3211
f 3074/3907/3213 3095/3928/3234 3096/3929/3235 3075/3908/3214
f 3097/3930/3236 3095/3928/3234 3074/3907/3213 3077/3910/3216
f 3076/3909/3215 3098/3931/3237 3097/3930/3236 3077/3910/3216
f 3099/3932/3238 3098/3931/3237 3076/3909/3215 3078/3911/3217
f 3100/3933/3239 3101/3934/3240 3081/3914/3220 3083/3916/3222
f 3081/3914/3220 3101/3934/3240 3099/3932/3238 3078/3911/3217
f 3102/3935/3241 3103/3936/3242 3082/3915/3221 3084/3917/3223
f 3082/3915/3221 3103/3936/3242 3100/3933/3239 3083/3916/3222
f 3104/3937/3243 3105/3938/3244 3087/3920/3226 3089/3922/3228
f 3087/3920/3226 3105/3938/3244 3102/3935/3241 3084/3917/3223
f 3106/3939/3245 3107/3940/3246 3088/3921/3227 3090/3923/3229
f 3088/3921/3227 3107/3940/3246 3104/3937/3243 3089/3922/3228
f 3092/3925/3231 3108/3941/3247 3106/3939/3245 3090/3923/3229
f 3109/3942/3248 3108/3941/3247 3092/3925/3231 3094/3927/3233
f 3093/3926/3232 3110/3943/3249 3109/3942/3248 3094/3927/3233
f 3096/3929/3235 3110/3943/3249 3093/3926/3232 3075/3908/3214
f 3108/3944/3247 3109/3945/3248 3007/3795/3114 2996/3784/3103
f 3106/3946/3245 3108/3944/3247 2996/3784/3103 2985/3773/3092
f 3107/3947/3246 3106/3946/3245 2985/3773/3092 2974/3762/3081
f 3104/3948/3243 3107/3947/3246 2974/3762/3081 2963/3751/3070
f 3105/3949/3244 3104/3948/3243 2963/3751/3070 2952/3740/3059
f 3102/3950/3241 3105/3949/3244 2952/3740/3059 2941/3729/3048
f 3103/3951/3242 3102/3950/3241 2941/3729/3048 2930/3718/3037
f 3100/3952/3239 3103/3951/3242 2930/3718/3037 2919/3707/3026
f 3101/3953/3240 3100/3952/3239 2919/3707/3026 2908/3696/3015
f 3099/3954/3238 3101/3953/3240 2908/3696/3015 2897/3685/3004
f 3098/3955/3237 3099/3954/3238 2897/3685/3004 2886/3674/2993
f 3097/3956/3236 3098/3955/3237 2886/3674/2993 2875/3663/2982
f 3095/3957/3234 3097/3956/3236 2875/3663/2982 2854/3642/2961
f 3096/3958/3235 3095/3957/3234 2854/3642/2961 2853/3641/2960
f 3110/3959/3249 3096/3960/3235 2853/3817/2960 3018/3806/3125
f 3109/3945/3248 3110/3959/3249 3018/3806/3125 3007/3795/3114
f 3139/2950/2425 3186/2953/2428 3188/3961/3250 3140/3962/3251
f 3140/3963/3251 3188/3964/3250 3187/2905/2384 3138/2904/2383
f 3115/2919/2397 3195/2918/2396 3197/3965/3252 3116/3966/3253
f 3116/3967/3253 3197/3968/3252 3196/2922/2399 3114/3969/3254
f 3162/2970/2444 3201/2967/2441 3203/3970/3255 3164/3971/3256
f 3164/3972/3256 3203/3973/3255 3202/2963/2437 3163/2945/2422
f 3163/2945/2422 3171/2878/2357 3173/3974/3257 3164/3972/3256
f 3164/3971/3256 3173/3975/3257 3172/2895/2374 3162/2970/2444
f 3118/2927/2404 3120/2926/2403 3122/3976/3258 3119/3977/3259
f 3119/3978/3259 3122/3979/3258 3121/2924/2401 3117/2923/2400
f 3166/2943/2420 3180/2884/2363 3182/3980/3260 3167/3981/3261
f 3167/3982/3261 3182/3983/3260 3181/2891/2370 3165/2969/2443
f 3142/2908/2386 3189/2907/2385 3191/3984/3262 3143/3985/3263
f 3143/3986/3263 3191/3987/3262 3190/2954/2429 3141/2947/2424
f 3117/2923/2400 3196/2922/2399 3197/3968/3252 3119/3978/3259
f 3119/3977/3259 3197/3965/3252 3195/2918/2396 3118/2927/2404
f 3165/2969/2443 3204/2968/2442 3206/3988/3264 3167/3982/3261
f 3167/3981/3261 3206/3989/3264 3205/2965/2439 3166/2943/2420
f 3208/2883/2362 3225/2889/2368 3227/3990/3265 3209/3991/3266
f 3209/3992/3266 3227/3993/3265 3226/2956/2431 3207/2892/2371
f 3120/2926/2403 3144/2977/2451 3146/3994/3267 3122/3976/3258
f 3122/3979/3258 3146/3995/3267 3145/2931/2408 3121/2924/2401
f 3168/2971/2445 3174/2874/2353 3176/3996/3268 3170/3997/3269
f 3170/3998/3269 3176/3999/3268 3175/2871/2350 3169/2894/2373
f 3144/2977/2451 3192/2974/2448 3194/4000/3270 3146/3994/3267
f 3146/3995/3267 3194/4001/3270 3193/2901/2380 3145/2931/2408
f 3169/2894/2373 3205/2965/2439 3206/3989/3264 3170/3998/3269
f 3170/3997/3269 3206/3988/3264 3204/2968/2442 3168/2971/2445
f 3171/2878/2357 3216/2877/2356 3218/4002/3271 3173/3974/3257
f 3173/3975/3257 3218/4003/3271 3217/2896/2375 3172/2895/2374
f 3124/2921/2398 3132/2933/2410 3134/4004/3272 3125/4005/3273
f 3125/4006/3273 3134/4007/3272 3133/2911/2389 3123/2910/2388
f 3123/2910/2388 3139/2950/2425 3140/3962/3251 3125/4006/3273
f 3125/4005/3273 3140/3963/3251 3138/2904/2383 3124/2921/2398
f 3148/2935/2412 3187/2905/2384 3188/3964/3250 3149/4008/3274
f 3149/4009/3274 3188/3961/3250 3186/2953/2428 3147/2957/2432
f 3147/2957/2432 3226/2956/2431 3227/3993/3265 3149/4009/3274
f 3149/4008/3274 3227/3990/3265 3225/2889/2368 3148/2935/2412
f 3127/2946/2423 3129/2930/2407 3131/4010/3275 3128/4011/3276
f 3128/4012/3276 3131/4013/3275 3130/2951/2426 3126/2934/2411
f 3126/2934/2411 3142/2908/2386 3143/3985/3263 3128/4012/3276
f 3128/4011/3276 3143/3986/3263 3141/2947/2424 3127/2946/2423
f 3151/2979/2453 3183/2976/2450 3185/4014/3277 3152/4015/3278
f 3152/4016/3278 3185/4017/3277 3184/2899/2378 3150/2898/2377
f 3174/2874/2353 3213/2873/2352 3215/4018/3279 3176/3996/3268
f 3176/3999/3268 3215/4019/3279 3214/2872/2351 3175/2871/2350
f 3150/2898/2377 3219/2972/2446 3221/4020/3280 3152/4016/3278
f 3152/4015/3278 3221/4021/3280 3220/2980/2454 3151/2979/2453
f 3211/2885/2364 3228/2942/2419 3230/4022/3281 3212/4023/3282
f 3212/4024/3282 3230/4025/3281 3229/2960/2435 3210/2882/2361
f 3154/2902/2381 3193/2901/2380 3194/4001/3270 3155/4026/3283
f 3155/4027/3283 3194/4000/3270 3192/2974/2448 3153/2938/2415
f 3129/2930/2407 3198/2929/2406 3200/4028/3284 3131/4010/3275
f 3131/4013/3275 3200/4029/3284 3199/2932/2409 3130/2951/2426
f 3178/2886/2365 3211/2885/2364 3212/4023/3282 3179/4030/3285
f 3179/4031/3285 3212/4024/3282 3210/2882/2361 3177/2881/2360
f 3153/2938/2415 3222/2937/2414 3224/4032/3286 3155/4027/3283
f 3155/4026/3283 3224/4033/3286 3223/2981/2455 3154/2902/2381
f 3157/2941/2418 3190/2954/2429 3191/3987/3262 3158/4034/3287
f 3158/4035/3287 3191/3984/3262 3189/2907/2385 3156/2961/2436
f 3132/2933/2410 3199/2932/2409 3200/4029/3284 3134/4004/3272
f 3134/4007/3272 3200/4028/3284 3198/2929/2406 3133/2911/2389
f 3180/2884/2363 3208/2883/2362 3209/3991/3266 3182/3980/3260
f 3182/3983/3260 3209/3992/3266 3207/2892/2371 3181/2891/2370
f 3213/2873/2352 3220/2980/2454 3221/4021/3280 3215/4018/3279
f 3215/4019/3279 3221/4020/3280 3219/2972/2446 3214/2872/2351
f 3156/2961/2436 3229/2960/2435 3230/4025/3281 3158/4035/3287
f 3158/4034/3287 3230/4022/3281 3228/2942/2419 3157/2941/2418
f 3112/2978/2452 3115/2919/2397 3116/3966/3253 3113/4036/3288
f 3113/4037/3288 3116/3967/3253 3114/3969/3254 3111/2915/2393
f 3111/2915/2393 3135/2914/2392 3137/4038/3289 3113/4037/3288
f 3113/4036/3288 3137/4039/3289 3136/2975/2449 3112/2978/2452
f 3159/2966/2440 3178/2886/2365 3179/4030/3285 3161/4040/3290
f 3161/4041/3290 3179/4031/3285 3177/2881/2360 3160/2964/2438
f 3135/2914/2392 3184/2899/2378 3185/4017/3277 3137/4038/3289
f 3137/4039/3289 3185/4014/3277 3183/2976/2450 3136/2975/2449
f 3160/2964/2438 3202/2963/2437 3203/3973/3255 3161/4041/3290
f 3161/4040/3290 3203/3970/3255 3201/2967/2441 3159/2966/2440
f 3216/2877/2356 3223/2981/2455 3224/4033/3286 3218/4002/3271
f 3218/4003/3271 3224/4032/3286 3222/2937/2414 3217/2896/2375
f 2399/2916/2394 3111/2915/2393 3114/3969/3254 3196/2922/2399
f 3352/4042/2750 3355/3355/2722 3306/3358/2725 3303/4043/2751
f 3241/3342/2563 3243/3340/2532 3245/4044/3291 3242/4045/3292
f 3242/4045/3292 3245/4044/3291 3244/3291/2690 3240/3283/2683
f 3265/3354/2549 3267/3351/2515 3269/4046/3293 3266/4047/3294
f 3266/4047/3294 3269/4046/3293 3268/3321/2705 3264/3313/2700
f 3301/3367/2734 3303/3386/2751 3305/4048/3295 3302/4049/3296
f 3302/4049/3296 3305/4048/3295 3304/3279/2681 3300/3274/2679
f 3349/3399/2757 3351/3405/2763 3353/4050/3297 3350/4051/3298
f 3350/4052/3298 3353/4053/3297 3352/3385/2750 3348/3366/2733
f 3253/3338/2540 3255/3336/2543 3257/4054/3299 3254/4055/3300
f 3254/4055/3300 3257/4054/3299 3256/3306/2568 3252/3297/2619
f 3280/3348/2718 3282/3347/2717 3284/4056/3301 3281/4057/3302
f 3281/4057/3302 3284/4056/3301 3283/3296/2692 3279/3305/2696
f 3303/4043/2751 3306/3358/2725 3308/4058/3303 3305/4059/3295
f 3305/4059/3295 3308/4058/3303 3307/3330/2709 3304/3333/2681
f 3279/3305/2696 3324/3304/2695 3326/4060/3304 3281/4057/3302
f 3281/4057/3302 3326/4060/3304 3325/3371/2738 3280/3348/2718
f 3328/3376/2741 3330/3375/2740 3332/4061/3305 3329/4062/3306
f 3329/4063/3306 3332/4064/3305 3331/3346/2716 3327/3345/2715
f 3351/3405/2763 3354/3404/2762 3356/4065/3307 3353/4050/3297
f 3353/4066/3297 3356/4067/3307 3355/3355/2722 3352/4042/2750
f 3327/3345/2715 3372/3370/2737 3374/4068/3308 3329/4063/3306
f 3329/4062/3306 3374/4069/3308 3373/3394/2754 3328/3376/2741
f 3243/3340/2532 3246/3287/2533 3248/4070/3309 3245/4044/3291
f 3245/4044/3291 3248/4070/3309 3247/3292/2620 3244/3291/2690
f 3255/3336/2543 3258/3302/2544 3260/4071/3310 3257/4054/3299
f 3257/4054/3299 3260/4071/3310 3259/3307/2569 3256/3306/2568
f 3267/3351/2515 3270/3316/2514 3272/4072/3311 3269/4046/3293
f 3269/4046/3293 3272/4072/3311 3271/3322/2627 3268/3321/2705
f 3282/3347/2717 3285/3378/2743 3287/4073/3312 3284/4056/3301
f 3284/4056/3301 3287/4073/3312 3286/3294/2691 3283/3296/2692
f 3306/3358/2725 3309/3357/2724 3311/4074/3313 3308/4058/3303
f 3308/4058/3303 3311/4074/3313 3310/3324/2706 3307/3330/2709
f 3330/3375/2740 3333/3407/2765 3335/4075/3314 3332/4061/3305
f 3332/4064/3305 3335/4076/3314 3334/3377/2742 3331/3346/2716
f 3354/3404/2762 3357/3403/2761 3359/4077/3315 3356/4065/3307
f 3356/4067/3307 3359/4078/3315 3358/3356/2723 3355/3355/2722
f 3285/3378/2743 3288/3382/2747 3290/4079/3316 3287/4073/3312
f 3287/4073/3312 3290/4079/3316 3289/3289/2688 3286/3294/2691
f 3309/3357/2724 3312/3360/2727 3314/4080/3317 3311/4074/3313
f 3311/4074/3313 3314/4080/3317 3313/3319/2703 3310/3324/2706
f 3333/3407/2765 3336/3406/2764 3338/4081/3318 3335/4075/3314
f 3335/4076/3314 3338/4082/3318 3337/3379/2744 3334/3377/2742
f 3357/3403/2761 3360/3402/2760 3362/4083/3319 3359/4077/3315
f 3359/4078/3315 3362/4084/3319 3361/3359/2726 3358/3356/2723
f 3232/3275/2623 3234/3280/2624 3236/4085/3320 3233/4086/3321
f 3233/4086/3321 3236/4085/3320 3235/3328/2557 3231/3327/2559
f 3231/3327/2559 3237/3343/2697 3239/4087/3322 3233/4086/3321
f 3233/4086/3321 3239/4087/3322 3238/3276/2527 3232/3275/2623
f 3246/3287/2533 3249/3286/2686 3251/4088/3323 3248/4070/3309
f 3248/4070/3309 3251/4088/3323 3250/3295/2537 3247/3292/2620
f 3258/3302/2544 3261/3301/2680 3263/4089/3324 3260/4071/3310
f 3260/4071/3310 3263/4089/3324 3262/3310/2510 3259/3307/2569
f 3270/3316/2514 3273/3315/2687 3275/4090/3325 3272/4072/3311
f 3272/4072/3311 3275/4090/3325 3274/3325/2519 3271/3322/2627
f 3234/3334/2624 3276/3331/2521 3278/4091/3326 3236/4092/3320
f 3236/4092/3320 3278/4091/3326 3277/3350/2555 3235/4093/2557
f 3288/3382/2747 3291/3381/2746 3293/4094/3327 3290/4079/3316
f 3290/4079/3316 3293/4094/3327 3292/3290/2689 3289/3289/2688
f 3312/3360/2727 3315/3362/2729 3317/4095/3328 3314/4080/3317
f 3314/4080/3317 3317/4095/3328 3316/3320/2704 3313/3319/2703
f 3336/3406/2764 3339/3401/2759 3341/4096/3329 3338/4081/3318
f 3338/4082/3318 3341/4097/3329 3340/3380/2745 3337/3379/2744
f 3360/3402/2760 3363/3393/2753 3365/4098/3330 3362/4083/3319
f 3362/4084/3319 3365/4099/3330 3364/3361/2728 3361/3359/2726
f 3291/3381/2746 3294/3384/2749 3296/4100/3331 3293/4094/3327
f 3293/4094/3327 3296/4100/3331 3295/3282/2682 3292/3290/2689
f 3315/3362/2729 3318/3364/2731 3320/4101/3332 3317/4095/3328
f 3317/4095/3328 3320/4101/3332 3319/3312/2699 3316/3320/2704
f 3339/3401/2759 3342/3398/2756 3344/4102/3333 3341/4096/3329
f 3341/4097/3329 3344/4103/3333 3343/3383/2748 3340/3380/2745
f 3363/3393/2753 3366/3392/2752 3368/4104/3334 3365/4098/3330
f 3365/4099/3330 3368/4105/3334 3367/3363/2730 3364/3361/2728
f 3237/3343/2697 3241/3342/2563 3242/4045/3292 3239/4087/3322
f 3239/4087/3322 3242/4045/3292 3240/3283/2683 3238/3276/2527
f 3249/3286/2686 3253/3338/2540 3254/4055/3300 3251/4088/3323
f 3251/4088/3323 3254/4055/3300 3252/3297/2619 3250/3295/2537
f 3261/3301/2680 3265/3354/2549 3266/4047/3294 3263/4089/3324
f 3263/4089/3324 3266/4047/3294 3264/3313/2700 3262/3310/2510
f 3273/3315/2687 3277/3350/2555 3278/4091/3326 3275/4090/3325
f 3275/4090/3325 3278/4091/3326 3276/3331/2521 3274/3325/2519
f 3294/3384/2749 3297/3368/2735 3299/4106/3335 3296/4100/3331
f 3296/4100/3331 3299/4106/3335 3298/3273/2678 3295/3282/2682
f 3318/3364/2731 3321/3372/2739 3323/4107/3336 3320/4101/3332
f 3320/4101/3332 3323/4107/3336 3322/3309/2698 3319/3312/2699
f 3342/3398/2756 3345/3400/2758 3347/4108/3337 3344/4102/3333
f 3344/4103/3333 3347/4109/3337 3346/3365/2732 3343/3383/2748
f 3366/3392/2752 3369/3395/2755 3371/4110/3338 3368/4104/3334
f 3368/4105/3334 3371/4111/3338 3370/3369/2736 3367/3363/2730
f 3297/3368/2735 3301/3367/2734 3302/4049/3296 3299/4106/3335
f 3299/4106/3335 3302/4049/3296 3300/3274/2679 3298/3273/2678
f 3321/3372/2739 3325/3371/2738 3326/4060/3304 3323/4107/3336
f 3323/4107/3336 3326/4060/3304 3324/3304/2695 3322/3309/2698
f 3345/3400/2758 3349/3399/2757 3350/4051/3298 3347/4108/3337
f 3347/4109/3337 3350/4052/3298 3348/3366/2733 3346/3365/2732
f 3369/3395/2755 3373/3394/2754 3374/4069/3308 3371/4110/3338
f 3371/4111/3338 3374/4068/3308 3372/3370/2737 3370/3369/2736
f 3426/4112/2708 3235/4093/2557 3277/3350/2555 3468/3349/2719
f 3376/3332/2543 3378/3277/2544 3380/4113/3310 3377/4114/3339
f 3377/4114/3339 3380/4113/3310 3379/3036/2507 3375/3035/2506
f 3400/3298/2557 3402/3303/2559 3404/4115/3321 3401/4116/3340
f 3401/4116/3340 3404/4115/3321 3403/3054/2525 3399/3053/2524
f 3375/3070/2506 3420/3068/2539 3422/4117/3300 3377/4118/3339
f 3377/4118/3339 3422/4117/3300 3421/3323/2540 3376/4119/2543
f 3436/3041/2512 3438/3045/2516 3440/4120/3341 3437/4121/3342
f 3437/4121/3342 3440/4120/3341 3439/3284/2684 3435/3339/2712
f 3460/3059/2530 3462/3063/2534 3464/4122/3343 3461/4123/3344
f 3461/4123/3344 3464/4122/3343 3463/3317/2702 3459/3352/2720
f 3448/3052/2523 3450/3051/2522 3452/4124/3345 3449/4125/3346
f 3449/4125/3346 3452/4124/3345 3451/3299/2693 3447/3335/2710
f 3378/3277/2544 3381/3278/2680 3383/4126/3324 3380/4113/3310
f 3380/4113/3310 3383/4126/3324 3382/3039/2510 3379/3036/2507
f 3402/3303/2559 3405/3308/2697 3407/4127/3322 3404/4115/3321
f 3404/4115/3321 3407/4127/3322 3406/3056/2527 3403/3054/2525
f 3424/3326/2707 3426/3329/2708 3428/4128/3347 3425/4129/3348
f 3425/4129/3348 3428/4128/3347 3427/3034/2505 3423/3033/2504
f 3423/3033/2504 3429/3038/2509 3431/4130/3349 3425/4129/3348
f 3425/4129/3348 3431/4130/3349 3430/3344/2714 3424/3326/2707
f 3381/3278/2680 3384/3281/2549 3386/4131/3350 3383/4126/3324
f 3383/4126/3324 3386/4131/3350 3385/3040/2511 3382/3039/2510
f 3405/3308/2697 3408/3311/2563 3410/4132/3351 3407/4127/3322
f 3407/4127/3322 3410/4132/3351 3409/3058/2529 3406/3056/2527
f 3426/4112/2708 3468/3349/2719 3470/4133/3352 3428/4134/3347
f 3428/4134/3347 3470/4133/3352 3469/3067/2538 3427/3069/2505
f 3438/3045/2516 3441/3047/2518 3443/4135/3353 3440/4120/3341
f 3440/4120/3341 3443/4135/3353 3442/3285/2685 3439/3284/2684
f 3450/3051/2522 3453/3055/2526 3455/4136/3354 3452/4124/3345
f 3452/4124/3345 3455/4136/3354 3454/3300/2694 3451/3299/2693
f 3462/3063/2534 3465/3065/2536 3467/4137/3355 3464/4122/3343
f 3464/4122/3343 3467/4137/3355 3466/3314/2701 3463/3317/2702
f 3384/3281/2549 3387/3044/2515 3389/4138/3356 3386/4131/3350
f 3386/4131/3350 3389/4138/3356 3388/3042/2513 3385/3040/2511
f 3408/3311/2563 3411/3061/2532 3413/4139/3357 3410/4132/3351
f 3410/4132/3351 3413/4139/3357 3412/3060/2531 3409/3058/2529
f 3387/3044/2515 3390/3043/2514 3392/4140/3358 3389/4138/3356
f 3389/4138/3356 3392/4140/3358 3391/3046/2517 3388/3042/2513
f 3411/3061/2532 3414/3062/2533 3416/4141/3359 3413/4139/3357
f 3413/4139/3357 3416/4141/3359 3415/3064/2535 3412/3060/2531
f 3441/3047/2518 3444/3049/2520 3446/4142/3360 3443/4135/3353
f 3443/4135/3353 3446/4142/3360 3445/3337/2711 3442/3285/2685
f 3453/3055/2526 3456/3057/2528 3458/4143/3361 3455/4136/3354
f 3455/4136/3354 3458/4143/3361 3457/3353/2721 3454/3300/2694
f 3465/3065/2536 3469/3067/2538 3470/4133/3352 3467/4137/3355
f 3467/4137/3355 3470/4133/3352 3468/3349/2719 3466/3314/2701
f 3414/3062/2533 3417/3318/2686 3419/4144/3323 3416/4141/3359
f 3416/4141/3359 3419/4144/3323 3418/3066/2537 3415/3064/2535
f 3429/3038/2509 3432/3037/2508 3434/4145/3362 3431/4130/3349
f 3431/4130/3349 3434/4145/3362 3433/3341/2713 3430/3344/2714
f 3390/3043/2514 3393/3288/2687 3395/4146/3325 3392/4140/3358
f 3392/4140/3358 3395/4146/3325 3394/3048/2519 3391/3046/2517
f 3393/3288/2687 3396/3293/2555 3398/4147/3326 3395/4146/3325
f 3395/4146/3325 3398/4147/3326 3397/3050/2521 3394/3048/2519
f 3417/3318/2686 3421/3323/2540 3422/4117/3300 3419/4144/3323
f 3419/4144/3323 3422/4117/3300 3420/3068/2539 3418/3066/2537
f 3432/3037/2508 3436/3041/2512 3437/4121/3342 3434/4145/3362
f 3434/4145/3362 3437/4121/3342 3435/3339/2712 3433/3341/2713
f 3444/3049/2520 3448/3052/2523 3449/4125/3346 3446/4142/3360
f 3446/4142/3360 3449/4125/3346 3447/3335/2710 3445/3337/2711
f 3456/3057/2528 3460/3059/2530 3461/4123/3344 3458/4143/3361
f 3458/4143/3361 3461/4123/3344 3459/3352/2720 3457/3353/2721
f 3396/3293/2555 3400/3298/2557 3401/4116/3340 3398/4147/3326
f 3398/4147/3326 3401/4116/3340 3399/3053/2524 3397/3050/2521
f 3421/3323/2540 2464/3013/2487 2433/3015/2456 3376/4119/2543
f 3472/3074/2543 3474/3075/2544 3476/4148/3310 3473/4149/3299
f 3473/4150/3299 3476/4151/3310 3475/3104/2569 3471/3103/2568
f 3496/3090/2557 3498/3092/2559 3500/4152/3321 3497/4153/3320
f 3497/4154/3320 3500/4155/3321 3499/3159/2623 3495/3160/2624
f 3471/3167/2568 3516/3154/2619 3518/4156/3300 3473/4157/3299
f 3473/4149/3299 3518/4158/3300 3517/3071/2540 3472/3074/2543
f 3474/3075/2544 3477/3078/2547 3479/4159/3324 3476/4148/3310
f 3476/4151/3310 3479/4160/3324 3478/3166/2629 3475/3104/2569
f 3498/3092/2559 3501/3094/2561 3503/4161/3322 3500/4152/3321
f 3500/4155/3321 3503/4162/3322 3502/3158/2622 3499/3159/2623
f 3477/3078/2547 3480/3080/2549 3482/4163/3294 3479/4159/3324
f 3479/4160/3324 3482/4164/3294 3481/3165/2628 3478/3166/2629
f 3501/3094/2561 3504/3096/2563 3506/4165/3292 3503/4161/3322
f 3503/4162/3322 3506/4166/3292 3505/3157/2621 3502/3158/2622
f 3480/3080/2549 3483/3082/2515 3485/4167/3293 3482/4163/3294
f 3482/4164/3294 3485/4168/3293 3484/3164/2513 3481/3165/2628
f 3504/3096/2563 3507/3098/2532 3509/4169/3291 3506/4165/3292
f 3506/4166/3292 3509/4170/3291 3508/3156/2531 3505/3157/2621
f 3483/3082/2515 3486/3084/2514 3488/4171/3311 3485/4167/3293
f 3485/4168/3293 3488/4172/3311 3487/3163/2627 3484/3164/2513
f 3507/3098/2532 3510/3100/2533 3512/4173/3309 3509/4169/3291
f 3509/4170/3291 3512/4174/3309 3511/3155/2620 3508/3156/2531
f 3486/3084/2514 3489/3086/2553 3491/4175/3325 3488/4171/3311
f 3488/4172/3311 3491/4176/3325 3490/3162/2626 3487/3163/2627
f 3510/3100/2533 3513/3102/2567 3515/4177/3323 3512/4173/3309
f 3512/4174/3309 3515/4178/3323 3514/3153/2618 3511/3155/2620
f 3489/3086/2553 3492/3088/2555 3494/4179/3326 3491/4175/3325
f 3491/4176/3325 3494/4180/3326 3493/3161/2625 3490/3162/2626
f 3513/3102/2567 3517/3071/2540 3518/4158/3300 3515/4177/3323
f 3515/4178/3323 3518/4156/3300 3516/3154/2619 3514/3153/2618
f 3492/3088/2555 3496/3090/2557 3497/4153/3320 3494/4179/3326
f 3494/4180/3326 3497/4154/3320 3495/3160/2624 3493/3161/2625
f 3472/3074/2543 2528/3073/2542 2527/3076/2545 3474/3075/2544
f 3544/3854/3162 3549/3861/3169 3551/4181/3363 3545/4182/3364
f 3545/4183/3364 3551/4184/3363 3550/3858/3166 3543/3857/3165
f 3556/3868/3176 3561/3874/3182 3563/4185/3365 3557/4186/3366
f 3557/4187/3366 3563/4188/3365 3562/3900/3207 3555/3902/3208
f 3520/3828/3136 3522/3895/3202 3524/4189/3367 3521/4190/3368
f 3521/4191/3368 3524/4192/3367 3523/3835/3143 3519/3834/3142
f 3519/3834/3142 3525/3839/3147 3527/4193/3369 3521/4191/3368
f 3521/4190/3368 3527/4194/3369 3526/3829/3137 3520/3828/3136
f 3532/3838/3146 3537/3896/3203 3539/4195/3370 3533/4196/3371
f 3533/4197/3371 3539/4198/3370 3538/3848/3156 3531/3841/3149
f 3522/3895/3202 3528/3844/3152 3530/4199/3372 3524/4189/3367
f 3524/4192/3367 3530/4200/3372 3529/3894/3201 3523/3835/3143
f 3535/3843/3151 3544/3854/3162 3545/4182/3364 3536/4201/3373
f 3536/4202/3373 3545/4183/3364 3543/3857/3165 3534/3893/3200
f 3547/3891/3198 3552/3897/3204 3554/4203/3374 3548/4204/3375
f 3548/4205/3375 3554/4206/3374 3553/3864/3172 3546/3863/3171
f 3559/3898/3205 3564/3899/3206 3566/4207/3376 3560/4208/3377
f 3560/4209/3377 3566/4210/3376 3565/3877/3185 3558/3871/3179
f 3549/3861/3169 3556/3868/3176 3557/4186/3366 3551/4181/3363
f 3551/4184/3363 3557/4187/3366 3555/3902/3208 3550/3858/3166
f 3561/3874/3182 3565/3877/3185 3566/4210/3376 3563/4185/3365
f 3563/4188/3365 3566/4211/3376 3564/3901/3206 3562/3900/3207
f 3525/3839/3147 3532/3838/3146 3533/4196/3371 3527/4193/3369
f 3527/4194/3369 3533/4197/3371 3531/3841/3149 3526/3829/3137
f 3537/3896/3203 3540/3892/3199 3542/4212/3378 3539/4195/3370
f 3539/4198/3370 3542/4213/3378 3541/3851/3159 3538/3848/3156
f 3528/3844/3152 3535/3843/3151 3536/4201/3373 3530/4199/3372
f 3530/4200/3372 3536/4202/3373 3534/3893/3200 3529/3894/3201
f 3540/3892/3199 3547/3891/3198 3548/4204/3375 3542/4212/3378
f 3542/4213/3378 3548/4205/3375 3546/3863/3171 3541/3851/3159
f 3552/3897/3204 3559/3898/3205 3560/4208/3377 3554/4203/3374
f 3554/4206/3374 3560/4209/3377 3558/3871/3179 3553/3864/3172
f 3031/3836/3144 3525/3839/3147 3519/3834/3142 3029/3833/3141
