mtllib metal_milk_jug_3d_model.mtl
o Milk_Jug_Metal_Material_0
usemtl Metal_Material
v 0.08359953998627043 -2.5576055973385264e-7 -0.09788248703002478
v 0.12516734421051331 -2.443499591912088e-7 -0.030050023917928152
v 0.06725811259285933 -2.2219100213378797e-7 0.10975523482239881
v 0.11428158095622891 0.004789563166802163 -0.04733701837362612
v 0.09406028984182535 0.004789748537064957 -0.080335155119233
v -0.009697944986089382 0.004877848825112552 -0.12322405953828655
v 0.010099569170508848 -2.1971546849481114e-7 0.1283271778180938
v -0.11892545713692199 -2.3377831545359982e-7 0.049260542678730805
v -0.08359954227818048 -2.573427693219154e-7 -0.097882493210325
v -0.12027969525137797 0.00478957611963613 0.02887676664287803
v -0.1054694666056745 0.004789672405342875 0.06463175333031604
v 0.009697944893770622 0.004877889036377462 0.12322405795377472
v 0.010099567396242874 -2.614008723903006e-7 -0.1283271859644932
v 0.030050016677621465 -2.6069886385557374e-7 -0.1251673417700418
v 0.04926054186945561 -2.5950327754013787e-7 -0.1189254604087773
v 0.06725809560985013 -2.5784355465377525e-7 -0.10975524826233415
v 0.09788249321036774 -2.533055860900906e-7 -0.08359954227814274
v 0.10975524283454216 -2.50539083212788e-7 -0.06725810574977037
v 0.1189254651491052 -2.475291677936719e-7 -0.04926053583560574
v 0.12832717825952486 -2.4107973476997034e-7 -0.010099563561108492
v 0.11892545385805615 -2.3152752529068197e-7 0.049260553595476646
v 0.12832718567225324 -2.3779902376728236e-7 0.010099563682472973
v 0.12516733463475488 -2.345886031622189e-7 0.030050020976029965
v 0.10975524767781095 -2.2869117148666713e-7 0.06725808818227313
v 0.09788248703006724 -2.2614937041305923e-7 0.08359953998630601
v 0.08359953543513814 -2.2396471387604308e-7 0.0978825012225818
v 0.04926054267869445 -2.2087190024090843e-7 0.11892545713696175
v 0.03005001834726013 -2.2003989216117812e-7 0.12516734464897286
v 0.009705358012730177 0.004789552165084547 -0.12331617548616026
v 0.028876643720317643 0.0047895514426941465 -0.12027972775091299
v 0.04733696012550749 0.004789644792523179 -0.11428160482224889
v 0.02887676737546934 0.00478959237662884 0.1202796944281376
v 0.04733702439343514 0.004789589714467838 0.11428157221145788
v 0.06463175406292165 0.004789681113473682 0.10546946578241864
v 0.0803351474529159 0.004789776266561347 0.09406029712138285
v 0.09406031722228014 0.00478964657602748 0.08033509790135984
v 0.10546943914355393 0.0047897721903403575 0.06463181391457803
v 0.11428159715594907 0.004789671675859695 0.04733696740508042
v 0.12027971979234621 0.004789575602068106 0.02887664728609867
v 0.12331617437064019 0.004789575310997999 0.00970535356633236
v 0.12331618382338333 0.004789555860222925 -0.009705190479028328
v 0.1202796947223059 0.004789569015814417 -0.02887677376941751
v 0.10546947452720375 0.004789653406685205 -0.06463174804312839
v 0.08033509863396132 0.0047896185867736165 -0.09406031804552824
v 0.0646318220748117 0.004789744176311046 -0.10546944055138967
v -0.030050022061061967 -2.612675922610218e-7 -0.12516734435661178
v -0.010099569170504292 -2.615920159397171e-7 -0.12832717781801564
v -0.04926053954944939 -2.604355854178612e-7 -0.1189254648567793
v -0.010099563682431931 -2.1990661205655592e-7 0.12832718567228843
v -0.030050020975989175 -2.2060862177853926e-7 0.12516733463479013
v -0.04926054988162971 -2.218042080816468e-7 0.11892545356580857
v -0.06725808759766692 -2.2346392859349645e-7 0.10975525510545922
v -0.08359953998626588 -2.2554692470067557e-7 0.09788248703010294
v -0.09788249379492905 -2.280018995563507e-7 0.08359953485060814
v -0.10975523453007603 -2.3076839942852716e-7 0.06725811630670181
v -0.12516734464893317 -2.3695752615225425e-7 0.030050018347296745
v -0.12832717737658791 -2.4022774783407584e-7 0.010099574779904773
v -0.1283271861106731 -2.435084615761807e-7 -0.01009956925310438
v -0.12516734147779723 -2.467188800357396e-7 -0.030050012963773142
v -0.11892546040881555 -2.4977995730131996e-7 -0.04926054186941344
v -0.10975524826237226 -2.526163141597742e-7 -0.06725809560980774
v -0.09788248703006269 -2.5515811402146895e-7 -0.08359953998622785
v -0.06725810574980787 -2.5911648353730996e-7 -0.1097552428344993
v -0.02887677117992338 0.004789552293161352 -0.1202796956916845
v -0.047337021354842246 0.00478955169569218 -0.11428158148718288
v -0.12331617489971225 0.004789569824452548 -0.00970536069287184
v -0.11428160408964534 0.004789654136168435 -0.047336960948761025
v -0.06463174731052412 0.004789645164213252 -0.10546947535045662
v -0.080335154386614 0.004789744657541803 -0.09406029066509515
v -0.09406031731292894 0.004789619165694693 -0.08033509945720933
v -0.10546943981877102 0.004789749199421622 -0.06463182289808184
v -0.12027972672604069 0.004789563945449263 -0.02887664082974902
v -0.12331618303109831 0.0047895566789409785 0.009705200141921827
v -0.11428157303469787 0.004789576380715158 0.04733702366084402
v -0.09406029051704244 0.004789772852697023 0.0803351461357292
v -0.08033509872461012 0.004789647154948557 0.09406031648967875
v -0.06463181415328426 0.004789776747792056 0.10546944583854563
v -0.04733696822833551 0.004789681485163804 0.11428159642334265
v -0.028876648109337533 0.004789589967465895 0.12027971905975385
v -0.009705354389571449 0.004789592504705621 0.1233161736380475
v -0.024340187786079832 0.37446988102464085 -0.10138421945695894
v -0.008180541738822027 0.3744698807618626 -0.10394364117562739
v -0.007975405145498065 0.3584097974415815 -0.1013371332656821
v -0.023729827845145098 0.3584097678954502 -0.0988418818809741
v 0.056190210284273186 0.4258055746188135 -0.09169411011471125
v 0.05325812977670578 0.39133585243717456 -0.08690939207423636
v 0.06619802386239955 0.39133585408658506 -0.07750799692525118
v 0.0698425002956664 0.42580557635902977 -0.08177513663954732
v 0.00818053465158831 0.37446991468139823 0.10394351953398683
v 0.007975398362218479 0.3584098007082238 0.10133701684095417
v 0.023729819204962598 0.3584098004520334 0.0988417656023925
v 0.024340178841942926 0.37446991441862 0.10138409796145985
v -0.05877650823361212 0.4249997180660448 -0.09591459810321033
v -0.05584443225235583 0.3905299959398983 -0.09112988084347773
v -0.06941273457446848 0.39052999741261346 -0.08127193504474864
v -0.0730572109673047 0.4249997196160839 -0.0855390667683673
v -0.0987438559311747 0.3905300036920195 -0.04090110826256476
v -0.0963283039787639 0.37446989032949796 -0.03990055036189492
v -0.10138415896098368 0.374469892808936 -0.0243402384462196
v -0.10392648607312478 0.3905300062336326 -0.02495060228881714
v -0.0959145409749518 0.4249997237465075 -0.05877657132421886
v -0.0855390007385248 0.4249997215252421 -0.07305727255195904
v -0.08127186629655984 0.39052999922653414 -0.06941279019398555
v -0.0911298282068081 0.3905300013369911 -0.05584448489194478
v 0.055844417767072545 0.3905299969968112 -0.09112988794049198
v 0.04090104113769233 0.39052999561874313 -0.09874391566485846
v 0.043048523840748046 0.4249997177280276 -0.10392840291221282
v 0.058776498274639946 0.4249997191784502 -0.09591460598096686
v -0.1039283379061979 0.424999726225186 -0.04304859689032713
v -0.10938308192148646 0.4249997289002449 -0.026260619406657106
v -0.10655010759502817 0.3905300088992445 -0.00838573981822535
v -0.11214445893563098 0.4249997317058132 -0.008826028350247282
v -0.08468000374832377 0.3752757303255598 0.05189200418842205
v -0.09175515036705004 0.37527572800331366 0.03800630433534383
v -0.09417069566313502 0.3913358416908524 0.03900685600591894
v -0.0869092948914845 0.39133584407423444 0.05325811397284232
v -0.11214444839019913 0.42499973457281154 0.008825896174581335
v -0.10655010384056994 0.3905300116232223 0.008385617033858005
v -0.10392649001778888 0.3905300143384887 0.024950478160672244
v -0.10938309016369513 0.42499973743064107 0.026260484295485706
v -0.10392833844962387 0.4249997402089364 0.04304845939145104
v -0.09874385333944975 0.39053001697818823 0.04090098218492218
v -0.10394359895432977 0.37446989540933934 -0.008180600238910854
v -0.05877649830602492 0.4249997492226255 0.09591447476841776
v -0.055844424573694804 0.3905300255422281 0.09112976850954667
v -0.04090105282725272 0.39053002692029376 0.09874378167097056
v -0.0430485398964903 0.4249997506730458 0.10392825801356993
v -0.07305720754594391 0.4249997474023066 0.085538927688944
v -0.0694127304603016 0.3905300238127148 0.08127179917168578
v 0.053258170115976756 0.391335850866204 0.08690922792038676
v 0.05189206158888132 0.37527573694330985 0.08467993924537909
v 0.0380063635927061 0.37527573796104347 0.09175508571796381
v 0.039006915862859565 0.39133585191072945 0.09417062839975428
v 0.039900487791550865 0.3744699137447035 0.09632824367892634
v 0.05447831946331277 0.37446991267624435 0.08890045759001626
v 0.0558444279904082 0.39053002659913855 0.09112974626502393
v 0.040901041918607516 0.3905300276943895 0.09874378621457532
v -0.008825959630424995 0.4249997523313455 0.11214438559376681
v -0.02626055811444781 0.4249997517178631 0.10938300916418824
v -0.024950546268939035 0.3905300279129897 0.10392641924053332
v -0.008385676370734266 0.3905300284958679 0.10655004017787079
v 0.08690929549722393 0.39133582841886344 -0.05325823425011517
v 0.08468000465801763 0.37527571507176083 -0.051892119248777416
v 0.09175514355684818 0.37527571739400634 -0.0380064225249397
v 0.09417068854897875 0.3913358308022449 -0.039006979412432294
v -0.030050024711783144 0.2801133423515802 -0.12516738985222906
v -0.030050022061061967 -2.612675922610218e-7 -0.12516734435661178
v -0.04926053954944939 -2.604355854178612e-7 -0.1189254648567793
v -0.049260542200170565 0.28011334318358705 -0.11892551035239655
v -0.06725810574980787 -2.5911648353730996e-7 -0.1097552428344993
v -0.06725810840052904 0.28011334450268893 -0.10975528833011657
v 0.06725811259285933 -2.2219100213378797e-7 0.10975523482239881
v 0.08359953543513814 -2.2396471387604308e-7 0.0978825012225818
v 0.08359953278441697 0.2801133796544586 0.09788245572696454
v 0.06725810994213816 0.2801133814281703 0.10975518932678155
v -0.08359954227818048 -2.573427693219154e-7 -0.097882493210325
v -0.08359954492890165 0.28011334627640316 -0.09788253870594225
v 0.09788248703006724 -2.2614937041305923e-7 0.08359953998630601
v 0.10975524767781095 -2.2869117148666713e-7 0.06725808818227313
v 0.10975524502708978 0.280113374928001 0.06725804268665588
v 0.09788248437934607 0.2801133774698021 0.08359949449068875
v 0.11892545385805615 -2.3152752529068197e-7 0.049260553595476646
v 0.11892545120733498 0.2801133720916472 0.04926050809985938
v -0.09788248703006269 -2.5515811402146895e-7 -0.08359953998622785
v -0.09788248968078386 0.28011334846105845 -0.08359958548184511
v 0.12516733463475488 -2.345886031622189e-7 0.030050020976029965
v 0.12832718567225324 -2.3779902376728236e-7 0.010099563682472973
v 0.12832718302153207 0.28011336582014873 0.010099518186855705
v 0.1251673319840337 0.2801133690305693 0.0300499754804127
v 0.12832718567225324 -2.3779902376728236e-7 0.010099563682472973
v 0.12832717825952486 -2.4107973476997034e-7 -0.010099563561108492
v 0.1283271756088037 0.2801133625394377 -0.01009960905672576
v 0.12832718302153207 0.28011336582014873 0.010099518186855705
v -0.10975524826237226 -2.526163141597742e-7 -0.06725809560980774
v -0.10975525091309343 0.28011335100285834 -0.067258141105425
v 0.12516734421051331 -2.443499591912088e-7 -0.030050023917928152
v 0.1189254651491052 -2.475291677936719e-7 -0.04926053583560574
v 0.11892546249838402 0.2801133560900047 -0.049260581331223005
v 0.12516734155979214 0.28011335926921327 -0.03005006941354542
v 0.10975524283454216 -2.50539083212788e-7 -0.06725810574977037
v 0.10975524018382099 0.2801133530800893 -0.06725815124538763
v -0.11892546305953672 0.2801133538392152 -0.04926058736503071
v -0.11892546040881555 -2.4977995730131996e-7 -0.04926054186941344
v -0.12516734147779723 -2.467188800357396e-7 -0.030050012963773142
v -0.1251673441285184 0.28011335690029243 -0.03005005845939041
v 0.09788249321036774 -2.533055860900906e-7 -0.08359954227814274
v 0.08359953998627043 -2.5576055973385264e-7 -0.09788248703002478
v 0.08359953733554926 0.28011334785861275 -0.09788253252564204
v 0.09788249055964657 0.2801133503135864 -0.08359958777376
v 0.06725809560985013 -2.5784355465377525e-7 -0.10975524826233415
v 0.06725809295912896 0.2801133457756178 -0.10975529375795141
v -0.0672580902483881 0.2801133801552439 0.10975520960984196
v -0.06725808759766692 -2.2346392859349645e-7 0.10975525510545922
v -0.04926054988162971 -2.218042080816468e-7 0.11892545356580857
v -0.049260552532350885 0.2801133818149644 0.11892540807019131
v 0.04926054186945561 -2.5950327754013787e-7 -0.1189254604087773
v 0.030050016677621465 -2.6069886385557374e-7 -0.1251673417700418
v 0.030050014026900287 0.28011334292030865 -0.12516738726565907
v 0.04926053921873443 0.28011334411589495 -0.11892550590439456
v 0.010099567396242874 -2.614008723903006e-7 -0.1283271859644932
v 0.010099564745521697 0.2801133422183001 -0.12832723146011046
v -0.09788249644565022 0.28011337561727295 0.08359948935499088
v -0.09788249379492905 -2.280018995563507e-7 0.08359953485060814
v -0.08359953998626588 -2.2554692470067557e-7 0.09788248703010294
v -0.08359954263698705 0.2801133780722478 0.09788244153448568
v -0.010099571821225752 0.28011337182947826 -0.12832722331363774
v -0.010099569170504292 -2.615920159397171e-7 -0.12832717781801564
v 0.12218210339970753 0.2979397703091971 -0.009615984504614325
v 0.11917357558484666 0.29793976719557047 -0.028611098182301977
v 0.09884182013083274 0.35840978125492257 -0.023729884522770018
v 0.10133707201029324 0.3584097838373451 -0.007975455536635674
v -0.007975402709634209 0.3584098005572817 0.10133702098973318
v -0.02372982837964515 0.35840980000292016 0.09884175597418049
v -0.028611052059480273 0.2979397898000317 0.11917353160612233
v -0.00961594020051022 0.29793979046842334 0.12218205952122005
v -0.0388999450681166 0.35840979905879394 0.09391269100691663
v -0.046901660130627014 0.2979397886616971 0.1132305480593853
v 0.09319529487912812 0.2979397586687924 -0.07959634662624218
v 0.10449950790795386 0.2979397613028187 -0.06403743513838671
v -0.1013370828860186 0.3584097819194342 -0.00797546124416223
v -0.12218211116997228 0.2979397679967721 -0.009615991342724598
v -0.12218210819787631 0.29793977112038583 0.009615898404283082
v -0.1013370780963408 0.35840978451013994 0.007975347971080684
v -0.07729560006342397 0.35840979416461693 0.066016611017343
v -0.0931953005179493 0.2979397827607888 0.0795962498444108
v -0.0795963056265548 0.29793978509820496 0.09319525003346645
v -0.06601667652839462 0.35840979610325524 0.07729553639423312
v 0.09319529560497262 0.29793978452460784 0.07959625441622735
v 0.10449951168350258 0.2979397821045233 0.06403732877696763
v 0.08667123957870705 0.35840979362031444 0.05311213928507318
v 0.0772955912149559 0.3584097956275174 0.06601661492439245
v -0.028611050753893863 0.29793975108805576 -0.11917362694131285
v -0.04690165685276035 0.2979397518802194 -0.11323065649485498
v -0.03889993986320764 0.35840976855246726 -0.09391281014038763
v 0.028611041401266305 0.29793979034152546 0.1191735304517644
v 0.04690165434317969 0.29793978954936057 0.11323055199312788
v 0.03889993620916885 0.35840979979501514 0.09391268599576885
v -0.009615944273859513 0.29793978058148823 -0.12218215418971087
v 0.07959629998773361 0.29793975633137626 -0.09319534681529783
v 0.06403737434847372 0.2979397543481286 -0.10449956289382763
v 0.053112197819602275 0.35840977059933476 -0.08667130147499015
v 0.06601666974511532 0.3584097722442284 -0.0772956528189562
v 0.028611042122286837 0.2979397516295483 -0.11917363552328356
v 0.00961593827549543 0.2979397509611579 -0.12218215659533437
v 0.0079753977832581 0.3584097677902019 -0.10133713756059774
v 0.02372981729799358 0.35840976834456223 -0.0988418795342334
v -0.06403738956688226 0.2979397531361549 -0.10449955911827871
v -0.053112210876449725 0.3584097695941322 -0.08667129335191033
v -0.08667124665426928 0.35840977472716856 -0.053112259423602655
v -0.10449951732232377 0.2979397593250579 -0.06403742555879902
v -0.1132306064050428 0.29793976202559314 -0.046901701403759086
v -0.09391275231863604 0.3584097769669758 -0.03889999617503147
v 0.11323060557681315 0.297939764168601 -0.046901698710458635
v -0.0660166763351513 0.35840977099479365 -0.07729565459186184
v -0.07959630105473796 0.29793975482493334 -0.09319534608945308
v -0.09319530124379381 0.2979397569049734 -0.07959635119805873
v -0.0772955979982352 0.3584097727199662 -0.06601673134911554
v 0.07729559298786173 0.35840977418286607 -0.06601673115587248
v 0.08667123174791032 0.3584097763675112 -0.05311226569717108
v 0.04690165019343358 0.29793975276788287 -0.11323065197654653
v -0.0988418244212298 0.3584097793842394 -0.02372987518818794
v -0.119173589659497 0.2979397649400874 -0.02861108961880619
v -0.0081805392479013 0.3744699145265754 0.10394353429760837
v 0.008385672110089892 0.390530028654575 0.10655003708224502
v -0.03990050109687079 0.37446991298954324 0.09632823277127868
v -0.024340184882823024 0.37446991395795615 0.10138409488882821
v -0.0249505471424487 0.3905299941538327 -0.10392654960533101
v -0.03990049487878458 0.3744698816985573 -0.0963283653205669
v -0.04090104930979565 0.39052999484464856 -0.09874391307313339
v -0.067714710337395 0.37446990995798624 0.0792836757951381
v -0.054478312439102054 0.37446991164518906 0.0889004803475718
v 0.07750792966186747 0.3913358775341103 0.06619796400545375
v 0.08690932481085278 0.3913358755213984 0.05325806991976015
v 0.08468002676478356 0.37527576173053223 0.05189196113016925
v 0.07551980382883823 0.3752757636916183 0.06449994664298314
v -0.09112981309761535 0.39053001947732224 0.05584437197052904
v -0.08890052195445464 0.37446990572864763 0.054478262186108774
v -0.07928373025963162 0.37446990796948326 0.06771463864890294
v -0.0812718753110648 0.39053002177434964 0.0694126674495946
v 0.024340177795589307 0.3744698814853047 -0.10138421653046878
v 0.008180534017570774 0.3744698809166854 -0.10394365608539041
v 0.09874384624054457 0.39053000556085044 -0.04090110532967385
v 0.09112981371860586 0.390530003061717 -0.05584449198604021
v 0.09591452505363185 0.4249997255617899 -0.0587765732396277
v 0.1039283306983432 0.4249997281921387 -0.04304859373324064
v 0.06771469709523886 0.37446991123955853 0.0792836807504189
v 0.07928373307234245 0.37446990947001185 0.06771464597295689
v 0.08127185890537171 0.3905300233125039 0.06941266333542748
v 0.06941272776784622 0.3905300251264258 0.08127181561380332
v 0.007997347542242341 0.3913358198180023 -0.10161552137520584
v 0.0077922107233637915 0.37527570669151755 -0.09900901027802594
v 0.02318477114320821 0.3752757072331465 -0.09657105551989469
v 0.023795132225369803 0.3913358203738902 -0.09911338508851729
v 0.10161545396568618 0.3913358385070547 0.007997285828398626
v 0.0990089456289422 0.37527572490118266 0.007792151466001621
v 0.09657099101695235 0.37527572737814835 0.023184713742749035
v 0.09911331782513905 0.39133584104922897 0.02379507236842908
v -0.07551981093132358 0.3752757413103446 -0.06450006854639509
v -0.06450002914274126 0.37527573962481126 -0.07551983732650605
v -0.06619805699006254 0.39133585283371997 -0.07750798512670369
v -0.07750793706830723 0.3913358545636298 -0.06619809112578318
v -0.07928374015957616 0.374469885973249 -0.06771476761459745
v -0.08890053014906739 0.37446988803207953 -0.05447837459924278
v 0.04115439834171966 0.42580557570412536 0.09935510758522162
v 0.02379504671392102 0.39133585256955666 0.09911327767173152
v 0.025105058121065706 0.42580557639922406 0.104569871892931
v 0.08890052287939955 0.3744698897146144 -0.05447837698470245
v 0.07928372288011497 0.37446988747377696 -0.06771476400434988
v 0.08127186791987667 0.3905300007646884 -0.06941279430815267
v -0.008385679501278023 0.3905299938844631 -0.10655016394080309
v -0.06984253338289877 0.4258055750371904 -0.08177511685032236
v -0.0817750715102722 0.4258055768623378 -0.06984257348375668
v -0.10138416232589831 0.3744699007155246 0.024340121564739334
v -0.09632830804336477 0.3744699032906495 0.03990043051434707
v 0.1039264789742196 0.39053001630540607 0.024950479144065466
v 0.1065500999115571 0.39053001363979295 0.008385609245860905
v 0.11214445059978442 0.42499973669526075 0.008825886580844905
v 0.10938307417020579 0.4249997395008302 0.026260485064867504
v 0.0249505388777509 0.39052999462604837 -0.1039265460990914
v 0.026260550070884188 0.42499971668321146 -0.10938314721978422
v 0.054478310234806475 0.37446988379807417 -0.08890058742626974
v 0.06771470325016128 0.3744698854852746 -0.07928379743677867
v -0.06984250835448165 0.4258056016007468 0.08177499832217995
v -0.06619803126883932 0.39133587801115505 0.07750786980492175
v -0.07750792526975994 0.39133587606719605 0.0661979897266772
v -0.08177505230561333 0.4258055995497634 0.0698424527671939
v 0.023184687661506567 0.3752757386029713 0.09657095274027695
v -0.10394358354084257 0.37446989806668113 0.008180481917903912
v -0.1013370780963408 0.35840978451013994 0.007975347971080684
v -0.09884182720639498 0.35840978709256044 0.023729764384240553
v -0.08667123794662375 0.35840979197997364 0.05311215670006076
v 0.05311220780697681 0.35840979875335144 0.08667117663490431
v 0.03800630384611263 0.37527570815558275 -0.09175522485349533
v 0.039006858986346524 0.39133582132060946 -0.09417077926238762
v -0.09591452479273388 0.4249997428392865 0.058776445740884996
v -0.08553900234691819 0.4249997452569169 0.07305713049011132
v -0.09900894501694661 0.3752757230273294 0.007792117264184352
v -0.09900895302370993 0.37527572049613617 -0.007792277083210263
v -0.10161546166440832 0.3913358339860413 -0.007997416662524763
v -0.101615465316674 0.39133583658387067 0.007997252380138445
v 0.0988418107949036 0.35840978896324543 0.023729766775643504
v 0.10133707581045637 0.3584097864280488 0.007975341105632765
v 0.10394359157481312 0.3744699000339209 0.008180474883463898
v 0.1013841521660329 0.37446990263432545 0.024340120518385414
v 0.10394357716877434 0.3744698973765812 -0.008180594472506526
v 0.10138415494638166 0.3744698947277356 -0.024340246920186295
v 0.09391274882867065 0.35840977874437346 -0.03889999097012279
v -0.12832718876139426 0.2801133601107109 -0.010099614748721649
v 0.0640373870573016 0.2979397882934251 0.10449945461655162
v 0.11917357717762891 0.2979397764894951 0.02861100084915345
v 0.11323059421545766 0.2979397794039899 0.046901616347912733
v 0.07959629600048265 0.2979397866046491 0.09319525673523447
v 0.0660166664226315 0.3584097973526912 0.07729554588703445
v -0.09391274759977129 0.3584097896031113 0.0388998813884466
v -0.11323060320345568 0.2979397772609814 0.04690160877167415
v -0.10449950524231345 0.2979397801267643 0.0640373489134086
v -0.010099566333153108 0.28011338371256045 0.12832714017667116
v 0.01009956651978767 0.280113383903704 0.12832713232247653
v 0.009615938635038056 0.2979397906504147 0.12218205740787465
v -0.030050023626710352 0.2801133830105507 0.12516728913917285
v -0.11892545978764316 0.28011336984085705 0.04926049718311354
v -0.1097552371807972 0.28011337285077303 0.06725807081108455
v -0.06403737940272902 0.29793978708145386 0.10449947353960902
v 0.12218210509272669 0.2979397734328082 0.00961588899018363
v -0.12276905271462624 0.29805501963453157 0.027727157981439633
v -0.13164024412083541 0.2814482422772966 0.029339911610408744
v -0.12516734729965434 0.2801133666616463 0.030049972851679478
v -0.11917358166209226 0.29793977423400986 0.028610995829761007
v 0.10903229678105857 0.3740057560662435 -0.008180599241186328
v 0.10394357716877434 0.3744698973765812 -0.008180594472506526
v 0.10655009718248092 0.39053001091581724 -0.008385734577510014
v 0.11623029454463404 0.3885972112344904 -0.008385738509709927
v 0.1283271756088037 0.2801133625394377 -0.01009960905672576
v 0.1346093064983446 0.28144823866948093 -0.00838573470477776
v 0.13460930966704104 0.28144824139345753 0.00838561470449778
v 0.12832718302153207 0.28011336582014873 0.010099518186855705
v -0.0765188821600351 0.29630125359335197 -0.08959214273113296
v -0.08034202011543293 0.27927766002329996 -0.09406853176751925
v -0.06463740488154274 0.2792776583187069 -0.10547860374061502
v -0.0615614977969096 0.29630125196986434 -0.10045931762147886
v -0.0941707194054485 0.3913358290199746 -0.03900692624972537
v -0.0917551674530377 0.37527571565745305 -0.03800636834905553
v -0.08468003445183479 0.3752757432714295 -0.05189209046119395
v -0.08690933221729255 0.3913358565763417 -0.05325819704008958
v 0.007999635905550894 0.3913309950528393 0.10164498260230181
v 0.007794498447049313 0.3752708810796625 0.09903846505404361
v -0.007792215968945394 0.3752757387058019 0.09900888822848221
v -0.007997353091778363 0.39133585267509435 0.10161539410874464
v -0.09935520138047171 0.42580555155314115 -0.041154414877487756
v -0.09169404498543626 0.4258055789858581 -0.056190283472363635
v 0.11214445059978442 0.42499973669526075 0.008825886580844905
v 0.1065500999115571 0.39053001363979295 0.008385609245860905
v 0.10655009718248092 0.39053001091581724 -0.008385734577510014
v 0.1121444411182255 0.4249997338282646 -0.008826024426198245
v 0.04115434168940224 0.4258055434298939 -0.09935526650974198
v 0.0939127461199226 0.35840979138050905 0.03889988717792115
v 0.09632829004848328 0.37446990511376416 0.039900436732432994
v 0.08890052276955074 0.3744699074111807 0.05447824924379583
v -0.09911332493929531 0.3913358314438683 -0.02379519577494244
v -0.09657099782715421 0.3752757180191717 -0.023184831932344902
v -0.10720981300501113 0.42580555679261 -0.008437705194546695
v -0.10720980986630317 0.42580555953345983 0.008437531520861775
v -0.0991133449351123 0.3913358391733918 0.02379498685698059
v -0.10456994508101855 0.4258055622655442 0.025104992991794056
v -0.09935518077330914 0.4258055649216006 0.04115433321244779
v -0.053112200304509305 0.35840979774815007 0.0866711921855969
v -0.09169400658660304 0.42580556743619863 0.05619018774319826
v 0.08553899269496118 0.4249997468758324 0.07305713449636306
v 0.09112982081561996 0.39053002120204694 0.05584435803338672
v 0.09591453234682232 0.4249997446545658 0.0587764258410101
v -0.05325813659857968 0.39133587966056677 0.08690927238151969
v -0.056190210330909804 0.42580560334096423 0.09169397864039076
v 0.07305719608069418 0.42499974878499186 0.08553893672494996
v -0.023795139631809015 0.39133585211920646 0.09911325796819755
v -0.039006870691158 0.391335851172486 0.09417064500673804
v -0.04115435776039558 0.425805574925238 0.09935512134933742
v -0.02510515147731779 0.4258055759240798 0.10456984789185245
v -0.008437636351469087 0.425805576510572 0.10720973952464065
v -0.02379505597726342 0.39133581992354 -0.0991134046459098
v -0.007999643311898166 0.3913309618833761 -0.10164510972104357
v -0.008439928132791688 0.42580068390160325 -0.10723945956224934
v -0.025105068036783598 0.42580554195590914 -0.1045700100641472
v 0.009697944893770622 0.004877889036377462 0.12322405795377472
v -0.009705354389571449 0.004789592504705621 0.1233161736380475
v -0.009706048395002661 0.27927769600074426 0.12332681095748108
v 0.009708389073820494 0.279282673177054 0.12335675225321985
v -0.028876648109337533 0.004789589967465895 0.12027971905975385
v -0.028879214938316397 0.2792776953260842 0.1202900628300876
v 0.028879205354322583 0.2792776567979865 -0.12029016068511185
v 0.028876643720317643 0.0047895514426941465 -0.12027972775091299
v 0.04733696012550749 0.004789644792523179 -0.11428160482224889
v 0.047341121858573205 0.2792776579469842 -0.11429150600849375
v -0.0473411351563734 0.27927769417708653 0.11429140844575243
v -0.04733696822833551 0.004789681485163804 0.11428159642334265
v -0.06463181415328426 0.004789776747792056 0.10546944583854563
v -0.06463731316708794 0.27927769258204493 0.1054785704947819
v 0.09406845499829869 0.27927769000123925 0.08034200585508469
v 0.10547860578420681 0.2792776875584742 0.06463726574899484
v 0.10546943914355393 0.0047897721903403575 0.06463181391457803
v 0.09406031722228014 0.00478964657602748 0.08033509790135984
v -0.08034205385774384 0.2792776905802104 0.09406841228126117
v -0.08033509872461012 0.004789647154948557 0.09406031648967875
v -0.09406029051704244 0.004789772852697023 0.0803351461357292
v -0.09406848963505002 0.2792776882208885 0.08034196468516128
v 0.11429143767889155 0.27927766945449806 -0.04734122071362541
v 0.10547855573795847 0.2792776665618752 -0.06463744759857849
v 0.10546947452720375 0.004789653406685205 -0.06463174804312839
v 0.11428158095622891 0.004789563166802163 -0.04733701837362612
v -0.1054694666056745 0.004789672405342875 0.06463175333031604
v -0.11428157303469787 0.004789576380715158 0.04733702366084402
v -0.11429143495233446 0.27927768266957503 0.04734113683697788
v -0.10547855271911843 0.2792776855621985 0.06463736743573736
v 0.06463740643896808 0.2792776938053638 0.10547850500874194
v 0.08034200798676448 0.2792776921007732 0.09406844906000347
v 0.0803351474529159 0.004789776266561347 0.09406029712138285
v 0.06463175406292165 0.004789681113473682 0.10546946578241864
v -0.12027969525137797 0.00478957611963613 0.02887676664287803
v -0.12331618303109831 0.0047895566789409785 0.009705200141921827
v -0.1233268516805257 0.2792776764714313 0.009705994996583119
v -0.12029014007822209 0.2792776796142299 0.028879075974237944
v -0.12331617489971225 0.004789569824452548 -0.00970536069287184
v -0.12332685939856503 0.2792776733185494 -0.009706096682748367
v 0.04734117955401475 0.2792776950730639 0.11429138694967493
v 0.04733702439343514 0.004789589714467838 0.11428157221145788
v 0.02887676737546934 0.00478959237662884 0.1202796944281376
v 0.028879118691274564 0.2792776958726574 0.12029009207556252
v -0.080335154386614 0.004789744657541803 -0.09406029066509515
v -0.06463174731052412 0.004789645164213252 -0.10546947535045662
v -0.09406846028392024 0.27927766212283267 -0.08034209657477911
v -0.09406031731292894 0.004789619165694693 -0.08033509945720933
v -0.10546943981877102 0.004789749199421622 -0.06463182289808184
v -0.10547861165439425 0.2792776645655965 -0.06463736389630204
v -0.12029011767579398 0.27927767023321237 -0.028879249643173635
v -0.12027972672604069 0.004789563945449263 -0.02887664082974902
v -0.11428160408964534 0.004789654136168435 -0.047336960948761025
v -0.1142914632914587 0.27927766729142134 -0.04734116986123041
v -0.028879127690702503 0.2792776562514146 -0.120290182502974
v -0.02887677117992338 0.004789552293161352 -0.1202796956916845
v -0.009697944986089382 0.004877848825112552 -0.12322405953828655
v -0.009708394359536524 0.27928266272479463 -0.12335684297453582
v 0.007573637932009849 0.3579641955609194 0.09623216720752864
v 0.009246201319218675 0.29631037774607627 0.11748410002197308
v -0.009244211664946501 0.2963012878587593 0.11745813816677728
v -0.007571245656643404 0.35796139399426397 0.09620078367258578
v -0.04734118171039579 0.2792776570510068 -0.11429148538926508
v -0.045088373731819516 0.29630125076249403 -0.10885279673086712
v 0.09383204688936327 0.3579613829878715 0.022527047304918044
v 0.11456595641644657 0.2963012744203106 0.027504890731208716
v 0.10885278023717587 0.2963012772221071 0.0450882402554975
v 0.08915278548729345 0.3579613852826255 0.03692832976042542
v -0.03692838757354819 0.35796139257172277 0.08915273044287365
v -0.045088283756583636 0.2963012861218897 0.10885273433172131
v -0.06156151386713714 0.29630128460274124 0.10045921769898482
v -0.05042025550845527 0.3579613913275106 0.08227827516064135
v -0.07337789902552826 0.357961367567874 -0.06267070032115078
v -0.08959210430823908 0.296301225790649 -0.07651893009664376
v -0.06267067013484919 0.3579613659301444 -0.07337793452825928
v -0.0626706455690159 0.35796138976598957 0.07337783749859884
v -0.07651888477576207 0.29630125289384956 0.08959205337954501
v -0.08959209741024689 0.29630128044912674 0.07651883123133607
v -0.07337788006840744 0.35796138792561466 0.06267060489411355
v -0.10045926399613131 0.29630127791693706 0.06156145742506408
v -0.08227829991282408 0.3579613858517062 0.0504202504463793
v -0.022527108831847026 0.3579613934680008 0.09383199213722629
v -0.027504941659907415 0.2963012872162066 0.11456591109555779
v 0.036928324314297274 0.35796139327063325 0.0891527474921576
v 0.045088371253249215 0.2963012869752266 0.10885269276138589
v 0.027504905251238533 0.29630128773676734 0.11456591958486265
v 0.022527153359418003 0.35796139389434967 0.09383198800550419
v -0.11456597051356232 0.2963012722520252 0.027504859930351
v -0.11745819845279797 0.296301239456453 0.009244118866005789
v -0.09620084672233671 0.3579613787604672 0.007571117818663666
v -0.09383204953243399 0.3579613812120104 0.022527098607282053
v 0.0962008406447757 0.35796137812177264 -0.0075712252385599305
v 0.11745819368564013 0.29630123867662717 -0.009244204434081494
v 0.11745818348766612 0.2963012714818004 0.009244160736248038
v 0.0962008384247228 0.3579613805811793 0.007571184129714608
v -0.009246207511767681 0.2963103692102163 -0.11748420370212889
v -0.009708394359536524 0.27928266272479463 -0.12335684297453582
v 0.009706046823187497 0.27927765612332767 -0.12332690196945843
v 0.009244209770942072 0.29630124987896256 -0.11745823470864573
v -0.09383205307959014 0.3579613738943681 -0.022527156156369618
v -0.11456596886730429 0.29630126331741247 -0.027504978968615597
v -0.10885279239575066 0.2963012605156166 -0.04508832477909799
v -0.08915279167752034 0.3579613715996141 -0.036928438611876994
v -0.10885274369008552 0.29630127516196886 0.045088325932361444
v -0.10045926120007141 0.29630125791948747 -0.061561559772589425
v -0.08227832955224104 0.35796136947333773 -0.05042031455896256
v 0.06267063879422315 0.3579613671162488 -0.0733779537776632
v 0.07651887916795183 0.29630122523922886 -0.08959214962912085
v 0.08959209180243606 0.29630125728859513 -0.0765189274809216
v 0.07337787300133175 0.3579613689566231 -0.06267072488698429
v -0.03692832737528364 0.35796136361160513 -0.0891528640635049
v -0.0504203045456956 0.35796136460047734 -0.08227835524952463
v -0.02750491457285574 0.29630125000095453 -0.11456601554216524
v -0.009246207511767681 0.2963103692102163 -0.11748420370212889
v -0.007573644706855908 0.35796419396012435 -0.09623228348750783
v -0.022527161991113948 0.3579613629878888 -0.09383210413842706
v -0.007999643311898166 0.3913309618833761 -0.10164510972104357
v -0.007794505549442171 0.3752708487607757 -0.09903858695586788
v -0.05189206184831921 0.37527570845400837 -0.08468006916095999
v -0.053258174393175456 0.39133582162689146 -0.08690936276060221
v 0.08177506345145695 0.4258056010974388 0.06984243516638931
v 0.06619805016818864 0.39133587926402136 0.07750786543398702
v 0.0698425184810366 0.4258056029225874 0.08177498654513364
v -0.06450001114593272 0.3752757641564265 0.07551974642837406
v -0.07551978021832675 0.37527576226232967 0.06449996092598552
v 0.00838567083644933 0.3905299940431702 -0.10655016718257032
v -0.10456992078765699 0.42580555411048066 -0.02510521289278242
v -0.09657101724322174 0.3752757255504277 0.023184630261047685
v 0.02495053789435737 0.39053002838520534 0.1039264228929144
v 0.056190249158663955 0.42580557460209395 0.09169393369079852
v 0.09632830124841399 0.37446989215261195 -0.03990054844218125
v 0.06450000404344737 0.3752757408455364 -0.075519868331786
v 0.07551977253127552 0.375275742739632 -0.06450009025701024
v 0.07750791786332017 0.39133585603054405 -0.06619811684700663
v 0.06941272306911346 0.39052999872632327 -0.08127192603024386
v 0.0730571995023803 0.4249997209987679 -0.08553906574453998
v 0.0855389937187887 0.4249997231441564 -0.07305727597332008
v -0.023184696620894556 0.37527570679434813 -0.09657107449753774
v -0.007794505549442171 0.3752708487607757 -0.09903858695586788
v -0.0380063688382877 0.375275707436276 -0.09175520776750755
v 0.08227829372259719 0.3579613710305334 -0.050420359297830876
v 0.08915280282886048 0.3579613732869336 -0.03692837841361272
v -0.05189202446398694 0.3752757657635278 0.0846799842195448
v 0.036928377084949046 0.3579613643105156 -0.08915284642965506
v 0.050420253032034776 0.357961365554729 -0.08227838430437587
v 0.051892022244439714 0.37527573923843754 -0.08468009156001413
v 0.0075712407387538375 0.3579613628879744 -0.0962009000977916
v 0.022527098343247884 0.35796136341423757 -0.09383210812400769
v -0.023184780102596197 0.3752757381641729 0.0965709337626339
v -0.03800631896077607 0.37527573724173546 0.09175509610704616
v -0.0962008454917985 0.35796137630105845 -0.007571304122585345
v 0.008439920074068926 0.42580071889664867 0.10723932124646965
v 0.07651887713679015 0.29630128414437107 0.08959205390916021
v 0.06156149531833929 0.2963012857678563 0.10045921365199763
v 0.0615615088438922 0.29630125313498185 -0.10045930652095757
v 0.06463731589364502 0.27927765954202816 -0.10547865437142942
v 0.0803420485721223 0.2792776615438615 -0.0940685030009556
v 0.10045926669278207 0.29630125982078664 -0.06156154311779632
v -0.11745818953390134 0.29630126625592057 -0.009244262556543143
v 0.10045925559226059 0.2963012798182344 0.0615614635230039
v 0.08959209870042883 0.29630125234242943 0.07651883384706792
v -0.007573644706855908 0.35796419396012435 -0.09623228348750783
v 0.027504931753724333 0.29630125052151407 -0.11456601448047316
v 0.04508827385040057 0.29630125161583093 -0.10885283771663667
v 0.10456993672992092 0.42580555608958837 -0.025105135022958122
v 0.10938308182784857 0.42499973097043287 -0.026260626064888083
v 0.09935517300677739 0.42580555343353316 -0.04115446781599909
v -0.008439928132791688 0.42580068390160325 -0.10723945956224934
v -0.008825964322171545 0.42499971590269014 -0.11214451378200885
v -0.02626055920196888 0.4249997161862018 -0.1093831550235684
v -0.025105068036783598 0.42580554195590914 -0.1045700100641472
v 0.10456991302112524 0.4258055642446531 0.02510507828923112
v 0.09935518677089306 0.4258055668019939 0.04115428828611511
v 0.10392832331187032 0.42499974217589037 0.04304847056071618
v 0.1072098046539135 0.4258055615625225 0.008437563163382632
v 0.09169403634205514 0.4258055989739173 0.05619013772738351
v -0.04304853244103125 0.42499971691328914 -0.10392840345563865
v -0.04115427249709333 0.42580554265100007 -0.09935530128272461
v -0.09169404498543626 0.4258055789858581 -0.056190283472363635
v -0.0817750715102722 0.4258055768623378 -0.06984257348375668
v 0.04115434168940224 0.4258055434298939 -0.09935526650974198
v 0.056190210284273186 0.4258055746188135 -0.09169411011471125
v -0.10456992078765699 0.42580555411048066 -0.02510521289278242
v -0.09935520138047171 0.42580555155314115 -0.041154414877487756
v -0.10720981300501113 0.42580555679261 -0.008437705194546695
v 0.008825956278607924 0.4249997524983844 0.11214437572641286
v 0.008439920074068926 0.42580071889664867 0.10723932124646965
v -0.008437636351469087 0.425805576510572 0.10720973952464065
v -0.11214444839019913 0.42499973457281154 0.008825896174581335
v -0.10720980986630317 0.42580555953345983 0.008437531520861775
v -0.02510515147731779 0.4258055759240798 0.10456984789185245
v -0.09935518077330914 0.4258055649216006 0.04115433321244779
v -0.09169400658660304 0.42580556743619863 0.05619018774319826
v 0.0817750436622322 0.42580557841001204 -0.06984259851217405
v 0.0698425002956664 0.42580557635902977 -0.08177513663954732
v -0.05619025037443175 0.4258055437530379 -0.09169408002033484
v -0.06984253338289877 0.4258055750371904 -0.08177511685032236
v 0.0916940068322499 0.4258055509189363 -0.05619031550370266
v 0.008437630149557581 0.42580554184456115 -0.1072098779881398
v 0.008825953443764568 0.424999716069729 -0.11214452379550427
v -0.11348750868455196 0.38859721472103476 0.026464790973178078
v -0.1161111225085289 0.38859721200576836 0.009899929831168799
v -0.12737315823469247 0.3815134089319432 0.011683661739514828
v -0.12474954426457405 0.38151341164720987 0.0282485247384273
v -0.1289161416223219 0.30034547447993915 0.012135745435666576
v -0.12635673514250004 0.3003454473264612 0.028295387777689883
v -0.12276905271462624 0.29805501963453157 0.027727157981439633
v -0.12532845935885725 0.29805504678800915 0.011567513550400236
v -0.10655010384056994 0.3905300116232223 0.008385617033858005
v -0.10394358354084257 0.37446989806668113 0.008180481917903912
v -0.1089696533041603 0.3740057567899203 0.008976528435326842
v -0.12487009121643403 0.36164825414896207 0.011494911310448754
v -0.11752791001096743 0.3686289710556951 0.01033202272745542
v -0.11496848862111729 0.36862897370453895 0.02649166459668083
v -0.12231069218249291 0.3616482567978058 0.02765455400492019
v -0.13701850276907623 0.3340754741152642 0.013419033429858186
v -0.13481081198353687 0.34402506859307214 0.013069368238380062
v -0.13225143519589871 0.34402507124191606 0.029229013150774925
v -0.1344591260179734 0.33407547676410804 0.029578677878027246
v 0.13765899274568813 0.3238804294282969 0.008180471868377361
v 0.15387836220897358 0.32259425081656196 0.008385609901826692
v 0.15358512742012256 0.3360147429244758 0.008385610994321491
v 0.1374308380670006 0.3340754758615452 0.008180470999855064
v 0.13743077899345002 0.33407547320420544 -0.008180596142658503
v 0.13519556892341186 0.34402506769676194 -0.008180597410472478
v 0.15064969625157693 0.3491135460227478 -0.008385734837283713
v 0.15358512450717365 0.3360147402004997 -0.00838573516537346
v -0.12814817734092457 0.353338058294605 0.02857912043751573
v -0.12231069218249291 0.3616482567978058 0.02765455400492019
v -0.13440970495134638 0.3723190677276583 0.029778544735112378
v -0.14208819940465398 0.3613757149210088 0.03099470185848024
v 0.1310411634606516 0.3533380547768631 -0.008180597379076789
v 0.14518749712557594 0.3613757112433955 -0.008385734962007065
v 0.1251309357136658 0.3616482533190614 -0.00818059864082648
v 0.13741328897353433 0.3723190641013419 -0.008385736464150261
v 0.1276327130228479 0.38151340808542855 -0.008385738051247633
v 0.11623029727490611 0.3885972139584661 0.008385605328856034
v 0.12763271589926142 0.38151341080940454 0.008385607644221521
v -0.1307075540920274 0.3533380556457612 0.012419475989346666
v -0.12814817734092457 0.353338058294605 0.02857912043751573
v 0.13741329177687714 0.37231906682531773 0.008385608302867296
v 0.12029013435417613 0.27927767250984115 -0.02887917226464194
v 0.1202796947223059 0.004789569015814417 -0.02887677376941751
v 0.12331618382338333 0.004789555860222925 -0.009705190479028328
v 0.12332684727783652 0.27927767565264244 -0.009706074497559431
v -0.1370333188483941 0.37231906501239176 0.013213682664651501
v -0.12487009121643403 0.36164825414896207 0.011494911310448754
v -0.1307075540920274 0.3533380556457612 0.012419475989346666
v -0.1447118134113078 0.36137571220574205 0.01442983839534197
v -0.15010676384699867 0.3491135470211356 0.015284314827089772
v -0.13481081198353687 0.34402506859307214 0.013069368238380062
v -0.13701850276907623 0.3340754741152642 0.013419033429858186
v -0.1530060522386097 0.33601474121825636 0.015743516714545745
v -0.15329567700611632 0.3225942491122776 0.01578938860382903
v -0.13724384841578377 0.32388045748584315 0.013454725552426798
v -0.135477990997066 0.31384083012949826 0.01317504161675585
v -0.15096424087207483 0.3093796910067724 0.015420126313033505
v -0.14748314984034486 0.34911354973640235 0.03184917829022805
v -0.1346844716646807 0.32388043033236524 0.029614370000600704
v -0.1344591260179734 0.33407547676410804 0.029578677878027246
v -0.15038243823195588 0.33601474393352315 0.03230838017768401
v -0.15067206307253325 0.32259425182754414 0.032354251138515706
v -0.13225143519589871 0.34402507124191606 0.029229013150774925
v -0.14834062686542107 0.3093796937220391 0.03198498977617178
v -0.14610342352502684 0.2968906703824469 0.014650248700512106
v -0.14347980944530234 0.29689067309771383 0.031215113092101975
v 0.13519556892341186 0.34402506769676194 -0.008180597410472478
v 0.13519562803349783 0.34402507035410174 0.008180470196266885
v 0.13104122253420217 0.35333805743420277 0.008180469763436778
v 0.1310411634606516 0.3533380547768631 -0.008180597379076789
v -0.13563521404808973 0.28525986988348306 0.029972649574756975
v -0.1382588280912789 0.2852598671682162 0.013407785647392905
v -0.13426385838323676 0.28144823956202925 0.012775044897689884
v -0.135477990997066 0.31384083012949826 0.01317504161675585
v -0.13724384841578377 0.32388045748584315 0.013454725552426798
v -0.1346844716646807 0.32388043033236524 0.029614370000600704
v -0.13291861409982147 0.3138408029760207 0.02933468792183295
v 0.13213745374187116 0.30435132292242856 -0.00818059478838286
v 0.13587106461541473 0.31384082922873097 -0.008180594836150658
v 0.15151786164654657 0.30937969000265614 -0.008385734371898098
v 0.14659645355223702 0.29689066941080366 -0.008385734050794598
v 0.15064969916452584 0.3491135487467239 0.008385611322411241
v 0.13519562803349783 0.34402507035410174 0.008180470196266885
v 0.14518750003852485 0.3613757139673716 0.008385611197687888
v 0.13104122253420217 0.35333805743420277 0.008180469763436778
v -0.1289161416223219 0.30034547447993915 0.012135745435666576
v -0.12532845935885725 0.29805504678800915 0.011567513550400236
v -0.12832718002730908 0.2801133633914247 0.010099529284287504
v -0.12218210819787631 0.29793977112038583 0.009615898404283082
v -0.13179034713534624 0.30435132379856034 0.01259097617812287
v -0.1292309404545799 0.3043512966450828 0.028750621073388063
v -0.13179034713534624 0.30435132379856034 0.01259097617812287
v -0.10392649001778888 0.3905300143384887 0.024950478160672244
v 0.1065500999115571 0.39053001363979295 0.008385609245860905
v -0.12635673514250004 0.3003454473264612 0.028295387777689883
v -0.1292309404545799 0.3043512966450828 0.028750621073388063
v 0.1538783593690954 0.322594248092586 -0.008385735329416666
v -0.11917358166209226 0.29793977423400986 0.028610995829761007
v -0.12218210819787631 0.29793977112038583 0.009615898404283082
v 0.1255950472023741 0.29805501881006485 0.00818047699591403
v 0.12218210509272669 0.2979397734328082 0.00961588899018363
v -0.10655010384056994 0.3905300116232223 0.008385617033858005
v -0.05447831970749959 0.37446988276701526 -0.08890058724383548
v -0.06771470672714722 0.37446988420370475 -0.07928378724455099
v 0.10392648233431781 0.3905300082005488 -0.024950608733036686
v 0.043048524397467626 0.4249997514877854 0.10392826540004267
v 0.026260549301502064 0.42499975221487274 0.1093830171141139
v 0.09874384169693966 0.3905300188470198 0.04090098941618534
v 0.0587765070330954 0.4249997503350285 0.09591445203543571
v -0.03900692326929878 0.3913358205823672 -0.09417075552007402
v -0.030050020975989175 -2.2060862177853926e-7 0.12516733463479013
v -0.10394358354084257 0.37446989806668113 0.008180481917903912
v -0.10138416232589831 0.3744699007155246 0.024340121564739334
v -0.10641023202391622 0.37400575943876396 0.025136168911874857
v -0.1089696533041603 0.3740057567899203 0.008976528435326842
v 0.010099569170508848 -2.1971546849481114e-7 0.1283271778180938
v 0.03005001834726013 -2.2003989216117812e-7 0.12516734464897286
v 0.030050015696538954 0.28011338357928034 0.1251672991533556
v -0.010099563682431931 -2.1990661205655592e-7 0.12832718567228843
v -0.10975523453007603 -2.3076839942852716e-7 0.06725811630670181
v -0.11892545713692199 -2.3377831545359982e-7 0.049260542678730805
v -0.12516734729965434 0.2801133666616463 0.030049972851679478
v -0.12516734464893317 -2.3695752615225425e-7 0.030050018347296745
v -0.12832718002730908 0.2801133633914247 0.010099529284287504
v -0.12832717737658791 -2.4022774783407584e-7 0.010099574779904773
v -0.1283271861106731 -2.435084615761807e-7 -0.01009956925310438
v -0.12832717737658791 -2.4022774783407584e-7 0.010099574779904773
v -0.12832718002730908 0.2801133633914247 0.010099529284287504
v 0.10903231125239715 0.37400575872358327 0.008180470944496688
v 0.10394359157481312 0.3744699000339209 0.008180474883463898
v 0.10394357716877434 0.3744698973765812 -0.008180594472506526
v 0.10903229678105857 0.3740057560662435 -0.008180599241186328
v 0.04926054267869445 -2.2087190024090843e-7 0.11892545713696175
v 0.049260540027973275 0.28011338274727227 0.11892541164134449
v -0.12218210819787631 0.29793977112038583 0.009615898404283082
v -0.11917358166209226 0.29793977423400986 0.028610995829761007
v 0.038899934571030914 0.3584097692886897 -0.09391280713935678
v 0.09935518677089306 0.4258055668019939 0.04115428828611511
v 0.0941707051559624 0.3913358434731233 0.03900680714158427
v 0.09169403634205514 0.4258055989739173 0.05619013772738351
v 0.10133707581045637 0.3584097864280488 0.007975341105632765
v 0.10394359157481312 0.3744699000339209 0.008180474883463898
v 0.03990048599745843 0.37446988245371643 -0.09632836125596614
v 0.10161545864333389 0.39133583590922755 -0.007997370185552143
v 0.0990089386296273 0.37527572236999146 -0.007792230080548654
v 0.0916940068322499 0.4258055509189363 -0.05619031550370266
v 0.09935517300677739 0.42580555343353316 -0.04115446781599909
v -0.05619025037443175 0.4258055437530379 -0.09169408002033484
v -0.10394358354084257 0.37446989806668113 0.008180481917903912
v 0.12218210509272669 0.2979397734328082 0.00961588899018363
v 0.1145659644673271 0.29630126548569574 -0.027504961750646102
v 0.12218210509272669 0.2979397734328082 0.00961588899018363
v 0.1255950472023741 0.29805501881006485 0.00818047699591403
v 0.1255950176565975 0.2980550459550464 -0.008180594805996868
v 0.12218210339970753 0.2979397703091971 -0.009615984504614325
v 0.10903231125239715 0.37400575872358327 0.008180470944496688
v 0.10394359157481312 0.3744699000339209 0.008180474883463898
v -0.008439928132791688 0.42580068390160325 -0.10723945956224934
v 0.008437630149557581 0.42580554184456115 -0.1072098779881398
v 0.02510500250027156 0.4258055424310465 -0.10457001996041808
v 0.0817750436622322 0.42580557841001204 -0.06984259851217405
v 0.09911333723639015 0.39133583331970423 -0.02379511769110673
v 0.10456993672992092 0.42580555608958837 -0.025105135022958122
v 0.10720980257907846 0.4258055588216749 -0.00843766003424037
v 0.1072098046539135 0.4258055615625225 0.008437563163382632
v 0.09657100984845401 0.3752757198468911 -0.023184755878256327
v 0.10456991302112524 0.4258055642446531 0.02510507828923112
v -0.009697944986089382 0.004877848825112552 -0.12322405953828655
v 0.009705358012730177 0.004789552165084547 -0.12331617548616026
v -0.047337021354842246 0.00478955169569218 -0.11428158148718288
v 0.09406848376486258 0.2792776639031822 -0.08034206283246847
v 0.09406028984182535 0.004789748537064957 -0.080335155119233
v 0.0646318220748117 0.004789744176311046 -0.10546944055138967
v 0.08033509863396132 0.0047896185867736165 -0.09406031804552824
v 0.11429145145507319 0.2792776848326525 0.04734109086752102
v 0.11428159715594907 0.004789671675859695 0.04733696740508042
v 0.12331617437064019 0.004789575310997999 0.00970535356633236
v 0.12332685367451907 0.2792776788055216 0.00970600039234437
v 0.12027971979234621 0.004789575602068106 0.02887664728609867
v 0.12029010554712552 0.2792776818908608 0.02887916693565786
v -0.08915280901908736 0.357961383595306 0.03692826956216114
v 0.09383204246535828 0.3579613756702274 -0.02252721860015279
v 0.08227832248516535 0.3579613874089001 0.05042019456609182
v 0.0733778922507355 0.3579613893143644 0.06267058404208643
v 0.06267066023081592 0.3579613909520952 0.07337782596909062
v 0.10885274609445335 0.2963012625757542 -0.045088415338900074
v 0.05042030148470923 0.35796139228176105 0.08227823867817734
v 0.06450001949558128 0.375275765377154 0.07551973057060259
v 0.09175515350750602 0.3752757297398676 0.038006254457831914
v -0.04115427249709333 0.42580554265100007 -0.09935530128272461
v -0.08177505230561333 0.4258055995497634 0.0698424527671939
v -0.06984250835448165 0.4258056016007468 0.08177499832217995
v 0.02510500250027156 0.4258055424310465 -0.10457001996041808
v 0.0698425184810366 0.4258056029225874 0.08177498654513364
v 0.08177506345145695 0.4258056010974388 0.06984243516638931
v -0.056190210330909804 0.42580560334096423 0.09169397864039076
v -0.04115435776039558 0.425805574925238 0.09935512134933742
v -0.10456994508101855 0.4258055622655442 0.025104992991794056
v 0.10720980257907846 0.4258055588216749 -0.00843766003424037
v 0.1072098046539135 0.4258055615625225 0.008437563163382632
v 0.025105058121065706 0.42580557639922406 0.104569871892931
v 0.04115439834171966 0.42580557570412536 0.09935510758522162
v -0.11752791001096743 0.3686289710556951 0.01033202272745542
v 0.056190249158663955 0.42580557460209395 0.09169393369079852
v -0.10720980986630317 0.42580555953345983 0.008437531520861775
v -0.10641023202391622 0.37400575943876396 0.025136168911874857
v -0.10138416232589831 0.3744699007155246 0.024340121564739334
v 0.13213745374187116 0.30435132292242856 -0.00818059478838286
v 0.13213748332418312 0.30435129577744713 0.008180477477753835
v 0.13587112383510708 0.31384080208374926 0.008180474163270942
v 0.13587106461541473 0.31384082922873097 -0.008180594836150658
v 0.11769723313516867 0.3686289702748443 -0.008180599806915117
v 0.11769724771611335 0.36862897293218433 0.008180471771445295
v 0.11769723313516867 0.3686289702748443 -0.008180599806915117
v 0.11769724771611335 0.36862897293218433 0.008180471771445295
v 0.12513097250437807 0.36164825597640127 0.008180470255384709
v 0.1251309357136658 0.3616482533190614 -0.00818059864082648
v 0.12513097250437807 0.36164825597640127 0.008180470255384709
v 0.13865407693533202 0.28525986897295535 0.008385611551183255
v 0.13865407398584775 0.28525986624897925 -0.008385735072737495
v 0.14659645653825668 0.2968906721347799 0.008385613037351951
v -0.13291861409982147 0.3138408029760207 0.02933468792183295
v 0.13765893367213725 0.3238804565732789 -0.008180595274141044
v -0.11496848862111729 0.36862897370453895 0.02649166459668083
v 0.13743077899345002 0.33407547320420544 -0.008180596142658503
v 0.1374308380670006 0.3340754758615452 0.008180470999855064
v 0.13765899274568813 0.3238804294282969 0.008180471868377361
v 0.13765893367213725 0.3238804565732789 -0.008180595274141044
v 0.12922745004545236 0.3003454464780268 0.008180473687916303
v 0.12922742066408488 0.3003454736230086 -0.008180596024978504
v 0.13213748332418312 0.30435129577744713 0.008180477477753835
v 0.15151786455949548 0.30937969272663224 0.008385611787796857
v 0.13587112383510708 0.31384080208374926 0.008180474163270942
v 0.12922745004545236 0.3003454464780268 0.008180473687916303
v 0.12922742066408488 0.3003454736230086 -0.008180596024978504
v 0.1255950176565975 0.2980550459550464 -0.008180594805996868
v 0.12218210339970753 0.2979397703091971 -0.009615984504614325
vt 0.9972302913665771 0.6151817142963409
vt 0.9795572757720947 0.541568785905838
vt 0.8465195298194885 0.48646271228790283
vt 0.9240225553512573 0.9768923819065094
vt 0.9555150270462036 0.9578002989292145
vt 0.9967995285987854 0.8592609465122223
vt 0.7955622673034668 0.5124266445636749
vt 0.7619462609291077 0.6524470150470734
vt 0.8847256302833557 0.7276864349842072
vt 0.8525664806365967 0.7533409893512726
vt 0.8184751868247986 0.7672714293003082
vt 0.7621956467628479 0.8765961229801178
vt 0.9682592153549194 0.6851239502429962
vt 0.9795572757720947 0.6695734560489655
vt 0.988283634185791 0.6524470150470734
vt 0.9942233562469482 0.6341667473316193
vt 0.9972301721572876 0.595960408449173
vt 0.9942233562469482 0.5769756138324738
vt 0.988283634185791 0.5586951076984406
vt 0.9682592153549194 0.5260182917118073
vt 0.9219909906387329 0.49240243434906006
vt 0.9546676278114319 0.5124267637729645
vt 0.9391172528266907 0.5011287033557892
vt 0.9037101864814758 0.48646271228790283
vt 0.8847255706787109 0.4834558963775635
vt 0.8655043840408325 0.4834557771682739
vt 0.8282390832901001 0.4924023151397705
vt 0.811112642288208 0.5011287033557892
vt 0.9967995285987854 0.877725750207901
vt 0.9938223958015442 0.8959547579288483
vt 0.9880306124687195 0.9134937822818756
vt 0.764909565448761 0.8948599398136139
vt 0.7705336213111877 0.9124534428119659
vt 0.7788404822349548 0.9289509356021881
vt 0.7896258234977722 0.9439459145069122
vt 0.802623987197876 0.95706906914711
vt 0.8175150752067566 0.9679972231388092
vt 0.8339322805404663 0.9764613211154938
vt 0.8514716625213623 0.982253223657608
vt 0.8697010278701782 0.985229879617691
vt 0.8881716728210449 0.9853182137012482
vt 0.9064289331436157 0.982515960931778
vt 0.9405201077461243 0.9685856401920319
vt 0.9686381816864014 0.9448021948337555
vt 0.9795663356781006 0.9299110472202301
vt 0.9391174912452698 0.7100134193897247
vt 0.9546677470207214 0.698715478181839
vt 0.9219909906387329 0.718739777803421
vt 0.7819706797599792 0.5260181725025177
vt 0.770672619342804 0.5415685474872589
vt 0.7619463205337524 0.5586951076984406
vt 0.7560065984725952 0.5769756138324738
vt 0.7529996633529663 0.5959602892398834
vt 0.7529996633529663 0.6151815950870514
vt 0.7560064792633057 0.6341662704944611
vt 0.7706726789474487 0.669573575258255
vt 0.7819706201553345 0.6851238310337067
vt 0.7955621480941772 0.6987152397632599
vt 0.8111125826835632 0.7100134193897247
vt 0.828238844871521 0.718739777803421
vt 0.8465195894241333 0.7246794998645782
vt 0.8655043244361877 0.7276864349842072
vt 0.9037103652954102 0.7246794998645782
vt 0.9940857291221619 0.8409968912601471
vt 0.9884616136550903 0.8234035074710846
vt 0.8892943263053894 0.750627189874649
vt 0.9250627756118774 0.7593955099582672
vt 0.9801546931266785 0.8069060146808624
vt 0.9693693518638611 0.7919110357761383
vt 0.9563711881637573 0.7787880003452301
vt 0.9414801597595215 0.7678598463535309
vt 0.9075233936309814 0.7536038458347321
vt 0.8708233833312988 0.7505387365818024
vt 0.8349728584289551 0.7589646875858307
vt 0.8034802079200745 0.7780567705631256
vt 0.7903570532798767 0.7910548746585846
vt 0.7794288396835327 0.80594602227211
vt 0.7709645628929138 0.8223632872104645
vt 0.7651727795600891 0.8399025499820709
vt 0.7621956467628479 0.8581315577030182
vt 0.5993835926055908 0.08898234367370605
vt 0.5825612545013428 0.08921098709106445
vt 0.5826956629753113 0.10621535778045654
vt 0.5997430682182312 0.10597288608551025
vt 0.1046842634677887 0.4604935646057129
vt 0.10255357623100281 0.49521970748901367
vt 0.11892816424369812 0.4963444471359253
vt 0.12104222178459167 0.4614453911781311
vt 0.20022523403167725 0.0882641077041626
vt 0.20034348964691162 0.10572433471679688
vt 0.21763044595718384 0.10535085201263428
vt 0.21733403205871582 0.088034987449646
vt 0.6310288906097412 0.038440704345703125
vt 0.6323221921920776 0.0715169906616211
vt 0.6489390134811401 0.07066035270690918
vt 0.6471853256225586 0.037569403648376465
vt 0.6988801956176758 0.06669783592224121
vt 0.7004702091217041 0.08323359489440918
vt 0.7173393368721008 0.08156085014343262
vt 0.715645968914032 0.06499230861663818
vt 0.679291844367981 0.03496110439300537
vt 0.6632125377655029 0.03637516498565674
vt 0.6655484437942505 0.06956720352172852
vt 0.6821843981742859 0.06823885440826416
vt 0.5159170031547546 0.0716860294342041
vt 0.5325378179550171 0.07229626178741455
vt 0.5333261489868164 0.03923773765563965
vt 0.5171878337860107 0.038617610931396484
vt 0.6955875158309937 0.033228278160095215
vt 0.7120598554611206 0.03126537799835205
vt 0.7325230836868286 0.06320536136627197
vt 0.7287877798080444 0.029040932655334473
vt 0.4874073266983032 0.5198933482170105
vt 0.5042104721069336 0.5193634033203125
vt 0.5036437511444092 0.502094566822052
vt 0.4869149327278137 0.5025951862335205
vt 0.03742092847824097 0.02997446060180664
vt 0.0348658561706543 0.06334185600280762
vt 0.05087310075759888 0.06477081775665283
vt 0.05408811569213867 0.0322490930557251
vt 0.07022356986999512 0.03386342525482178
vt 0.06713950634002686 0.06630706787109375
vt 0.7341756820678711 0.07979917526245117
vt 0.13395732641220093 0.03762030601501465
vt 0.13283491134643555 0.07068741321563721
vt 0.14949852228164673 0.07117462158203125
vt 0.15015792846679688 0.037839531898498535
vt 0.11800980567932129 0.037087321281433105
vt 0.11628800630569458 0.06996071338653564
vt 0.318906307220459 0.5039486885070801
vt 0.31869134306907654 0.5212919116020203
vt 0.3355831801891327 0.5215151309967041
vt 0.335722416639328 0.5041382312774658
vt 0.23436832427978516 0.08762824535369873
vt 0.2513141632080078 0.08703982830047607
vt 0.25070399045944214 0.07052171230316162
vt 0.23394662141799927 0.07101070880889893
vt 0.1830947995185852 0.03766584396362305
vt 0.16653698682785034 0.037833571434020996
vt 0.16627079248428345 0.07145118713378906
vt 0.18314635753631592 0.07154679298400879
vt 0.1519051492214203 0.4983944296836853
vt 0.1509093940258026 0.5154663324356079
vt 0.1675712764263153 0.5164439082145691
vt 0.16846802830696106 0.4993119239807129
vt 0.6014662384986877 0.18814170360565186
vt 0.6047817468643188 0.446022629737854
vt 0.6238754987716675 0.4457690715789795
vt 0.6195845603942871 0.18767046928405762
vt 0.6429764032363892 0.4454556703567505
vt 0.6377134323120117 0.18704843521118164
vt 0.26036712527275085 0.44557642936706543
vt 0.27948468923568726 0.44523489475250244
vt 0.27377408742904663 0.18567121028900146
vt 0.25547176599502563 0.18640923500061035
vt 0.6620868444442749 0.44508445262908936
vt 0.6558837890625 0.18626189231872559
vt 0.2986125648021698 0.44484764337539673
vt 0.3177538514137268 0.4444190263748169
vt 0.3107205033302307 0.18356382846832275
vt 0.2921762466430664 0.18472731113433838
vt 0.33691176772117615 0.4439542293548584
vt 0.3294703960418701 0.18216431140899658
vt 0.6812089681625366 0.44465792179107666
vt 0.6741244792938232 0.18529915809631348
vt 0.356091171503067 0.44345927238464355
vt 0.3751469552516937 0.44294899702072144
vt 0.3680707514286041 0.17869484424591064
vt 0.3485274314880371 0.18052256107330322
vt 0.3751469552516937 0.44505101442337036
vt 0.39423227310180664 0.4453524351119995
vt 0.39841145277023315 0.18068361282348633
vt 0.3793260455131531 0.1803821325302124
vt 0.7003450393676758 0.44417905807495117
vt 0.6924660205841064 0.18414831161499023
vt 0.4134525954723358 0.445637583732605
vt 0.43265408277511597 0.4458922743797302
vt 0.43690136075019836 0.18378746509552002
vt 0.4178936183452606 0.18233859539031982
vt 0.4518369734287262 0.4461098313331604
vt 0.4556275010108948 0.1850135326385498
vt 0.7109457850456238 0.18279492855072021
vt 0.71949702501297 0.44365179538726807
vt 0.7386664748191833 0.4430808424949646
vt 0.7296173572540283 0.1812211275100708
vt 0.4710007607936859 0.4462844133377075
vt 0.4901477098464966 0.44641125202178955
vt 0.4925367832183838 0.1868600845336914
vt 0.47415536642074585 0.1860332489013672
vt 0.5092790126800537 0.44648629426956177
vt 0.5108094811439514 0.18750524520874023
vt 0.1280614137649536 0.18680763244628906
vt 0.12658420205116272 0.4464758634567261
vt 0.14570555090904236 0.44650667905807495
vt 0.14638608694076538 0.1872563362121582
vt 0.5283963084220886 0.44650667905807495
vt 0.5475026965141296 0.4464694857597351
vt 0.5471507906913757 0.18828916549682617
vt 0.5290045142173767 0.18797826766967773
vt 0.5665998458862305 0.4463728666305542
vt 0.5652800798416138 0.18845045566558838
vt 0.09105414152145386 0.18530237674713135
vt 0.08830627799034119 0.44628310203552246
vt 0.10745218396186829 0.4463999271392822
vt 0.10963094234466553 0.18615996837615967
vt 0.5833736658096313 0.18828940391540527
vt 0.5856913328170776 0.44621652364730835
vt 0.40075254440307617 0.16188812255859375
vt 0.41964733600616455 0.16414833068847656
vt 0.4288390874862671 0.09878039360046387
vt 0.41199177503585815 0.09673845767974854
vt 0.18304938077926636 0.10558891296386719
vt 0.1658259630203247 0.10532569885253906
vt 0.1648489236831665 0.1702052354812622
vt 0.1828542947769165 0.17033493518829346
vt 0.14865708351135254 0.10489058494567871
vt 0.14679104089736938 0.1698838472366333
vt 0.4750809073448181 0.16850721836090088
vt 0.45677489042282104 0.1673426628112793
vt 0.7360318899154663 0.0967487096786499
vt 0.7464491128921509 0.1612844467163086
vt 0.7652572989463806 0.15861749649047852
vt 0.752477765083313 0.09466922283172607
vt 0.09750276803970337 0.10220611095428467
vt 0.0921282172203064 0.16758525371551514
vt 0.11045682430267334 0.16859757900238037
vt 0.11448746919631958 0.1033620834350586
vt 0.291064977645874 0.16720116138458252
vt 0.30934637784957886 0.1658879518508911
vt 0.30293142795562744 0.10084187984466553
vt 0.28604161739349365 0.10220634937286377
vt 0.6011525392532349 0.1708364486694336
vt 0.6191006302833557 0.17040371894836426
vt 0.6167921423912048 0.10562324523925781
vt 0.21876418590545654 0.17006170749664307
vt 0.23675811290740967 0.16965734958648682
vt 0.23483723402023315 0.10485184192657471
vt 0.5832279324531555 0.17109382152557373
vt 0.4932623505592346 0.16944003105163574
vt 0.5113487839698792 0.17016100883483887
vt 0.5144115090370178 0.10525894165039062
vt 0.4972984790802002 0.10444855690002441
vt 0.547340989112854 0.17100870609283447
vt 0.5652998685836792 0.17113864421844482
vt 0.5656450390815735 0.10624229907989502
vt 0.5485891699790955 0.10616016387939453
vt 0.6370564699172974 0.16977345943450928
vt 0.6338582634925842 0.10502922534942627
vt 0.6850893497467041 0.10186111927032471
vt 0.6912316083908081 0.16667068004608154
vt 0.7094782590866089 0.1651827096939087
vt 0.7021580338478088 0.10035765171051025
vt 0.438310444355011 0.16591179370880127
vt 0.6509315371513367 0.10420119762420654
vt 0.6550471782684326 0.1689472198486328
vt 0.6730971932411194 0.16791760921478271
vt 0.6680091619491577 0.10314416885375977
vt 0.48016655445098877 0.10339736938476562
vt 0.46302157640457153 0.10210347175598145
vt 0.5293664932250977 0.17068207263946533
vt 0.7191717624664307 0.09864604473114014
vt 0.7278703451156616 0.1634129285812378
vt 0.18311184644699097 0.08826375007629395
vt 0.20011448860168457 0.07149076461791992
vt 0.14909648895263672 0.08771586418151855
vt 0.1660645604133606 0.08808326721191406
vt 0.5990660786628723 0.07257592678070068
vt 0.6162165999412537 0.08857333660125732
vt 0.615696907043457 0.07215046882629395
vt 0.11541450023651123 0.08632051944732666
vt 0.13221138715744019 0.08713746070861816
vt 0.2852955162525177 0.5034005045890808
vt 0.26851338148117065 0.5030284523963928
vt 0.26808956265449524 0.5203534364700317
vt 0.28493601083755493 0.5207507014274597
vt 0.08345204591751099 0.06774425506591797
vt 0.08209753036499023 0.08390378952026367
vt 0.0987059473991394 0.08524465560913086
vt 0.09983545541763306 0.0689772367477417
vt 0.54889976978302 0.08910095691680908
vt 0.5657374262809753 0.08924710750579834
vt 0.44920510053634644 0.06681382656097412
vt 0.46596014499664307 0.06836485862731934
vt 0.4688897728919983 0.03494703769683838
vt 0.45249712467193604 0.03318595886230469
vt 0.26816606521606445 0.08624851703643799
vt 0.2849164605140686 0.08523261547088623
vt 0.28386664390563965 0.06891727447509766
vt 0.2673463821411133 0.06983160972595215
vt 0.05432501435279846 0.4919412136077881
vt 0.05322578549385071 0.508100688457489
vt 0.06897619366645813 0.5094375014305115
vt 0.07019588351249695 0.49296581745147705
vt 0.2183299958705902 0.5015210509300232
vt 0.2176828682422638 0.5187577605247498
vt 0.23445990681648254 0.5193629264831543
vt 0.23502656817436218 0.5020939111709595
vt 0.620912492275238 0.5133242607116699
vt 0.637342095375061 0.5120860934257507
vt 0.6361154317855835 0.49521970748901367
vt 0.6197410821914673 0.49634456634521484
vt 0.6667429208755493 0.08603596687316895
vt 0.6835989952087402 0.08473849296569824
vt 0.3359774351119995 0.468472957611084
vt 0.35252681374549866 0.5042545199394226
vt 0.3526667356491089 0.4685119390487671
vt 0.4645325541496277 0.08492004871368408
vt 0.48144328594207764 0.08623135089874268
vt 0.48265916109085083 0.06971454620361328
vt 0.5824316740036011 0.07281410694122314
vt 0.6339845657348633 0.4604939818382263
vt 0.6176267862319946 0.4614459276199341
vt 0.04948985576629639 0.08056294918060303
vt 0.06564146280288696 0.08231592178344727
vt 0.3329761028289795 0.06494355201721191
vt 0.34915220737457275 0.06350898742675781
vt 0.346593976020813 0.029996633529663086
vt 0.3298478126525879 0.03226125240325928
vt 0.5491653084754944 0.07267439365386963
vt 0.5495151281356812 0.03961670398712158
vt 0.5151944756507874 0.08814358711242676
vt 0.4983289837837219 0.08730864524841309
vt 0.45271122455596924 0.46775537729263306
vt 0.45337533950805664 0.5034010410308838
vt 0.47015732526779175 0.5030289888381958
vt 0.4693806767463684 0.4674546718597412
vt 0.35245418548583984 0.5216670036315918
vt 0.03349936008453369 0.07831120491027832
vt 0.03132718801498413 0.0941781997680664
vt 0.04739123582839966 0.09679543972015381
vt 0.08061349391937256 0.10075128078460693
vt 0.25197815895080566 0.10418379306793213
vt 0.08504429459571838 0.5107807517051697
vt 0.08628734946250916 0.49406111240386963
vt 0.08620822429656982 0.03521585464477539
vt 0.10215026140213013 0.03632402420043945
vt 0.5377318859100342 0.5180741548538208
vt 0.5544298887252808 0.5173181295394897
vt 0.5536174774169922 0.5001389384269714
vt 0.536999523639679 0.5008715391159058
vt 0.33617091178894043 0.09727263450622559
vt 0.35223525762557983 0.09506011009216309
vt 0.35047680139541626 0.0792388916015625
vt 0.3344345688819885 0.08088445663452148
vt 0.4140428602695465 0.07995021343231201
vt 0.4307389259338379 0.08171045780181885
vt 0.44589126110076904 0.10056555271148682
vt 0.7485674619674683 0.1794053316116333
vt 0.2547963857650757 0.16905832290649414
vt 0.3464473783969879 0.1621946096420288
vt 0.32778120040893555 0.16425251960754395
vt 0.2728917598724365 0.16824686527252197
vt 0.2690501809120178 0.10331201553344727
vt 0.06387639045715332 0.09896743297576904
vt 0.054911136627197266 0.16456949710845947
vt 0.07363736629486084 0.16627097129821777
vt 0.1828184723854065 0.1875746250152588
vt 0.20094221830368042 0.18743669986724854
vt 0.20081102848052979 0.17029333114624023
vt 0.1646331548690796 0.18751180171966553
vt 0.05318862199783325 0.1829209327697754
vt 0.07227146625518799 0.18422365188598633
vt 0.12866753339767456 0.16935420036315918
vt 0.3655914068222046 0.15953660011291504
vt 0.9315615892410278 0.18383300304412842
vt 0.9392648339271545 0.20350348949432373
vt 0.9459187388420105 0.20027470588684082
vt 0.9346974492073059 0.180702805519104
vt 0.8320326209068298 0.25739049911499023
vt 0.827436089515686 0.255621075630188
vt 0.8228383660316467 0.2706160545349121
vt 0.8314922451972961 0.27182602882385254
vt 0.947826623916626 0.2661004066467285
vt 0.940829873085022 0.26928281784057617
vt 0.9411728382110596 0.2858550548553467
vt 0.947826623916626 0.2890838384628296
vt 0.6456097364425659 0.5981127619743347
vt 0.6471063494682312 0.6148645579814911
vt 0.6648925542831421 0.6133241057395935
vt 0.663196325302124 0.5963983237743378
vt 0.5867643356323242 0.4983946681022644
vt 0.5877602100372314 0.5154664516448975
vt 0.604376494884491 0.5144822597503662
vt 0.6032838821411133 0.4974125623703003
vt 0.3693356215953827 0.504278838634491
vt 0.3693355619907379 0.5216312408447266
vt 0.3862169682979584 0.5216670632362366
vt 0.38614439964294434 0.5042546391487122
vt 0.5848418474197388 0.46342527866363525
vt 0.6012154817581177 0.462382435798645
vt 0.40178748965263367 0.02607285976409912
vt 0.398064523935318 0.06161379814147949
vt 0.41536611318588257 0.0634535551071167
vt 0.4190864861011505 0.029015064239501953
vt 0.08837941288948059 0.4595454931259155
vt 0.3196735382080078 0.09920048713684082
vt 0.3180857300758362 0.08251166343688965
vt 0.3015616536140442 0.08398187160491943
vt 0.5702016353607178 0.49931228160858154
vt 0.5710984468460083 0.5164441466331482
vt 0.5520727634429932 0.4649730324745178
vt 0.5356253981590271 0.46561992168426514
vt 0.5203401446342468 0.5015217065811157
vt 0.5191321969032288 0.46618568897247314
vt 0.5025926828384399 0.4666760563850403
vt 0.1315423846244812 0.10424685478210449
vt 0.48600828647613525 0.46709710359573364
vt 0.2817826271057129 0.036072373390197754
vt 0.30029141902923584 0.06777095794677734
vt 0.2976577877998352 0.03513133525848389
vt 0.43657636642456055 0.5037133097648621
vt 0.43600010871887207 0.4680081605911255
vt 0.2658340334892273 0.03679239749908447
vt 0.4029487371444702 0.5041385293006897
vt 0.41976478695869446 0.503948986530304
vt 0.4193379878997803 0.46835970878601074
vt 0.40269404649734497 0.46847331523895264
vt 0.38600480556488037 0.4685121774673462
vt 0.6843435764312744 0.491940975189209
vt 0.7000081539154053 0.4911051392555237
vt 0.6993049383163452 0.45724886655807495
vt 0.6829525232315063 0.457744300365448
vt 0.36933621764183044 0.8748899400234222
vt 0.38748377561569214 0.874934583902359
vt 0.3865692615509033 0.6247621178627014
vt 0.36933550238609314 0.6248920559883118
vt 0.40563589334487915 0.8748408257961273
vt 0.4037918448448181 0.6247304677963257
vt 0.055828243494033813 0.611443042755127
vt 0.042100369930267334 0.8659712374210358
vt 0.0603557825088501 0.8668743073940277
vt 0.07377681136131287 0.6133252382278442
vt 0.42104774713516235 0.6246055364608765
vt 0.4237874150276184 0.8746902644634247
vt 0.4419393539428711 0.8744825422763824
vt 0.4383227229118347 0.6243941783905029
vt 0.28305837512016296 0.6241020560264587
vt 0.26575225591659546 0.6237345933914185
vt 0.26042473316192627 0.8738965094089508
vt 0.2785797119140625 0.8742186725139618
vt 0.4556124806404114 0.6241018176078796
vt 0.46009260416030884 0.8742176592350006
vt 0.4782474637031555 0.8738953173160553
vt 0.4729185104370117 0.6237342953681946
vt 0.16169509291648865 0.6196092367172241
vt 0.1442638337612152 0.6186200380325317
vt 0.13322465121746063 0.8701095283031464
vt 0.15141426026821136 0.8708060681819916
vt 0.49640512466430664 0.8735159337520599
vt 0.5145665407180786 0.8730809390544891
vt 0.507562518119812 0.6226407289505005
vt 0.4902505874633789 0.6233039498329163
vt 0.31762322783470154 0.624605655670166
vt 0.30034828186035156 0.6243943572044373
vt 0.29673293232917786 0.8744833767414093
vt 0.3148850202560425 0.8746909201145172
vt 0.5327310562133789 0.8725911676883698
vt 0.550899863243103 0.8720472157001495
vt 0.5422413349151611 0.6213895082473755
vt 0.5248780250549316 0.6220594346523285
vt 0.5690757036209106 0.8714509308338165
vt 0.5595993399620056 0.6204701066017151
vt 0.3348791003227234 0.6247304677963257
vt 0.3330366909503937 0.8748413026332855
vt 0.3511890470981598 0.8749348223209381
vt 0.352101594209671 0.6247621774673462
vt 0.6600783467292786 0.8677414953708649
vt 0.6783155798912048 0.8668715059757233
vt 0.6294538974761963 0.616255521774292
vt 0.6418559551239014 0.868573397397995
vt 0.6236457824707031 0.8693629205226898
vt 0.611894965171814 0.6175037622451782
vt 0.5769751667976379 0.6196085512638092
vt 0.5872570276260376 0.8708039224147797
vt 0.6054465770721436 0.8701072633266449
vt 0.5944063067436218 0.6186192333698273
vt 0.701021671295166 0.6094913482666016
vt 0.71484375 0.8650377094745636
vt 0.7331148982048035 0.8640090525150299
vt 0.7196066379547119 0.6073857843875885
vt 0.36933550238609314 0.540986955165863
vt 0.36933550238609314 0.6084910035133362
vt 0.38650834560394287 0.6084752082824707
vt 0.3863004148006439 0.5409798622131348
vt 0.6828411221504211 0.6114418506622314
vt 0.6808698177337646 0.594493955373764
vt 0.23385998606681824 0.5386055111885071
vt 0.23167917132377625 0.6062843203544617
vt 0.2489243745803833 0.6067752838134766
vt 0.2507498860359192 0.539160430431366
vt 0.42022672295570374 0.5407405495643616
vt 0.4208487272262573 0.6082239151000977
vt 0.43804842233657837 0.6079912781715393
vt 0.4371681809425354 0.5404220819473267
vt 0.622280478477478 0.53226637840271
vt 0.6281272172927856 0.5996047854423523
vt 0.6388202905654907 0.5308939814567566
vt 0.4540969133377075 0.5400603413581848
vt 0.4552614688873291 0.6076781153678894
vt 0.47249001264572144 0.6072775721549988
vt 0.4710147976875305 0.5396431088447571
vt 0.4897462725639343 0.6067750453948975
vt 0.4879206418991089 0.5391607284545898
vt 0.4032784700393677 0.5408798456192017
vt 0.4036651849746704 0.6083807945251465
vt 0.3353925049304962 0.5408797860145569
vt 0.3350057601928711 0.6083807945251465
vt 0.35216256976127625 0.6084752082824707
vt 0.35237061977386475 0.5409797430038452
vt 0.524217963218689 0.6056098639965057
vt 0.5414943695068359 0.6048424541950226
vt 0.5385361909866333 0.5372326374053955
vt 0.5216833353042603 0.5379679799079895
vt 0.20013394951820374 0.537232518196106
vt 0.19717594981193542 0.6048428416252136
vt 0.21445247530937195 0.605610191822052
vt 0.21698692440986633 0.5379677414894104
vt 0.02170005440711975 0.5892915725708008
vt 0.01906237006187439 0.6073872447013855
vt 0.037647515535354614 0.6094926595687866
vt 0.03996118903160095 0.5921509265899658
vt 0.5721619129180908 0.5355749130249023
vt 0.5760385990142822 0.6031367182731628
vt 0.5933548808097839 0.6020912528038025
vt 0.5889235734939575 0.5346699953079224
vt 0.5069912672042847 0.6062840819358826
vt 0.6107149124145508 0.600921243429184
vt 0.605637788772583 0.5335201621055603
vt 0.11638888716697693 0.5322666168212891
vt 0.11054238677024841 0.5996055603027344
vt 0.12795498967170715 0.6009219288825989
vt 0.1330316960811615 0.5335202217102051
vt 0.6713763475418091 0.527723491191864
vt 0.6552097201347351 0.5293871760368347
vt 0.6987078189849854 0.5921497344970703
vt 0.7169688940048218 0.5892902314662933
vt 0.7024381160736084 0.5239075422286987
vt 0.6872146725654602 0.5258545875549316
vt 0.03866031765937805 0.49110549688339233
vt 0.03776523470878601 0.5068326592445374
vt 0.6536247730255127 0.5107805132865906
vt 0.6523815989494324 0.49406105279922485
vt 0.2859598696231842 0.46775442361831665
vt 0.30209457874298096 0.5037128329277039
vt 0.3026711344718933 0.4680074453353882
vt 0.45373475551605225 0.5207511186599731
vt 0.47058117389678955 0.5203538537025452
vt 0.5657970309257507 0.07283914089202881
vt 0.5684781670570374 0.4642413854598999
vt 0.520987331867218 0.5187581777572632
vt 0.21707981824874878 0.07132494449615479
vt 0.31933343410491943 0.468359112739563
vt 0.447615385055542 0.08339810371398926
vt 0.11775675415992737 0.5133242607116699
vt 0.134292870759964 0.5144821405410767
vt 0.13538536429405212 0.49741238355636597
vt 0.4993017315864563 0.07082664966583252
vt 0.5011836886405945 0.03766143321990967
vt 0.485137403011322 0.036470770835876465
vt 0.6854429841041565 0.5081003308296204
vt 0.7009032964706421 0.5068321228027344
vt 0.6696926355361938 0.5094372630119324
vt 0.14974603056907654 0.5346699953079224
vt 0.16650792956352234 0.5355748534202576
vt 0.4368683695793152 0.5210914015769958
vt 0.08345940709114075 0.5293874740600586
vt 0.09984895586967468 0.5308942198753357
vt 0.10132697224617004 0.5120861530303955
vt 0.05145415663719177 0.5258551836013794
vt 0.06729254126548767 0.5277239680290222
vt 0.40308794379234314 0.5215153098106384
vt 0.41997969150543213 0.5212922096252441
vt 0.5553634762763977 0.5363759398460388
vt 0.369335800409317 0.46863555908203125
vt 0.30062246322631836 0.6079913973808289
vt 0.3178221881389618 0.6082239747047424
vt 0.09305980801582336 0.5981135964393616
vt 0.09156331419944763 0.6148656010627747
vt 0.10921594500541687 0.6162565350532532
vt 0.14531514048576355 0.602091908454895
vt 0.5587714314460754 0.6040832996368408
vt 0.26618075370788574 0.6072777509689331
vt 0.2834092974662781 0.6076781749725342
vt 0.03623047471046448 0.5239081978797913
vt 0.05779942870140076 0.5944949984550476
vt 0.07547298073768616 0.5963993072509766
vt 0.436566025018692 0.026336669921875
vt 0.43593478202819824 0.031219482421875
vt 0.4530578851699829 0.02836298942565918
vt 0.5821272134780884 0.03497183322906494
vt 0.5821675658226013 0.039844632148742676
vt 0.5985774397850037 0.03952682018280029
vt 0.5984853506088257 0.034743547439575195
vt 0.32926082611083984 0.027492523193359375
vt 0.31322330236434937 0.02914714813232422
vt 0.31366050243377686 0.03384578227996826
vt 0.3455280065536499 0.02512335777282715
vt 0.29731327295303345 0.030475616455078125
vt 0.6148273944854736 0.03907942771911621
vt 0.6146769523620605 0.03432881832122803
vt 0.6788084506988525 0.030230402946472168
vt 0.6628341674804688 0.031767964363098145
vt 0.5334638357162476 0.0345081090927124
vt 0.5174015164375305 0.033919692039489746
vt 0.7114289999008179 0.026415348052978516
vt 0.6950303316116333 0.02843475341796875
vt 0.7280184030532837 0.024116873741149902
vt 0.19989585876464844 0.03748762607574463
vt 0.19986379146575928 0.03248310089111328
vt 0.18302059173583984 0.03276801109313965
vt 0.7460649013519287 0.02617514133453369
vt 0.7448094487190247 0.021155595779418945
vt 0.166495680809021 0.03300774097442627
vt 0.07067197561264038 0.029172658920288086
vt 0.08657801151275635 0.030547142028808594
vt 0.48555654287338257 0.03175210952758789
vt 0.5014951229095459 0.03306233882904053
vt 0.6308159828186035 0.033705830574035645
vt 0.6468997001647949 0.03286480903625488
vt 0.46938538551330566 0.03017115592956543
vt 0.5657713413238525 0.03501617908477783
vt 0.5657583475112915 0.03979814052581787
vt 0.830039381980896 0.20380711555480957
vt 0.8295843005180359 0.21753275394439697
vt 0.840417742729187 0.217415452003479
vt 0.8408424258232117 0.20408284664154053
vt 0.9081094264984131 0.16376793384552002
vt 0.9081093072891235 0.17933690547943115
vt 0.9121956825256348 0.17933690547943115
vt 0.9121956825256348 0.16376793384552002
vt 0.8209304809570312 0.2187427282333374
vt 0.8255282640457153 0.23373758792877197
vt 0.8301247358322144 0.23196828365325928
vt 0.8451740741729736 0.16376745700836182
vt 0.8354701995849609 0.16376721858978271
vt 0.8354700803756714 0.17933642864227295
vt 0.8451739549636841 0.17933642864227295
vt 0.8742859363555908 0.16376769542694092
vt 0.8645820021629333 0.16376757621765137
vt 0.864581823348999 0.17933666706085205
vt 0.8742858171463013 0.17933666706085205
vt 0.8981783390045166 0.30205845832824707
vt 0.8984522223472595 0.2851954698562622
vt 0.8867780566215515 0.2851501703262329
vt 0.8865059614181519 0.301533579826355
vt 0.8856366276741028 0.254422664642334
vt 0.8742797374725342 0.25525522232055664
vt 0.874975860118866 0.27118778228759766
vt 0.8863542675971985 0.2708483934402466
vt 0.8622645139694214 0.18874895572662354
vt 0.8515616059303284 0.18908464908599854
vt 0.851563572883606 0.20420348644256592
vt 0.8624146580696106 0.20424354076385498
vt 0.8632705807685852 0.25604248046875
vt 0.8638887405395508 0.27150893211364746
vt 0.8525927066802979 0.2567356824874878
vt 0.8530406951904297 0.2717794179916382
vt 0.8423256278038025 0.2719433307647705
vt 0.831947386264801 0.2855515480041504
vt 0.8427503108978271 0.285275936126709
vt 0.8548780679702759 0.16376745700836182
vt 0.8548779487609863 0.17933666706085205
vt 0.8534715175628662 0.2851552963256836
vt 0.1790708601474762 0.6204707026481628
vt 0.16959600150585175 0.8714530169963837
vt 0.1877719759941101 0.8720492422580719
vt 0.196429044008255 0.6213899254798889
vt 0.8511327505111694 0.21757924556732178
vt 0.8506847620010376 0.23262298107147217
vt 0.8613626956939697 0.2333163022994995
vt 0.8619807362556458 0.21784961223602295
vt 0.8730678558349609 0.21817100048065186
vt 0.8723718523979187 0.23410356044769287
vt 0.8837287425994873 0.23493587970733643
vt 0.884446382522583 0.21851027011871338
vt 0.8961369395256042 0.21884095668792725
vt 0.8954501748085022 0.23578274250030518
vt 0.9075608253479004 0.2366117238998413
vt 0.908128023147583 0.21912729740142822
vt 0.873499870300293 0.20423948764801025
vt 0.8962703943252563 0.1873002052307129
vt 0.884597897529602 0.18782508373260498
vt 0.8848700523376465 0.20420849323272705
vt 0.8965442776679993 0.2041630744934082
vt 0.8732689619064331 0.1883164644241333
vt 0.9085119962692261 0.2041240930557251
vt 0.9203366041183472 0.21928608417510986
vt 0.9207292199134827 0.20414578914642334
vt 0.8645819425582886 0.16103613376617432
vt 0.864581823348999 0.14546716213226318
vt 0.8548779487609863 0.14546716213226318
vt 0.8548780083656311 0.16103613376617432
vt 0.9336286783218384 0.20387840270996094
vt 0.9332796335220337 0.21963417530059814
vt 0.9389219284057617 0.22007572650909424
vt 0.8936938047409058 0.16376781463623047
vt 0.8839899301528931 0.16376769542694092
vt 0.8839898109436035 0.17933690547943115
vt 0.893693745136261 0.17933690547943115
vt 0.9220160841941833 0.25199413299560547
vt 0.9094687700271606 0.2527468204498291
vt 0.910036027431488 0.2702312469482422
vt 0.922244668006897 0.27007246017456055
vt 0.875407874584198 0.2851191759109497
vt 0.8751769065856934 0.30104219913482666
vt 0.8643226623535156 0.285115122795105
vt 0.8641725778579712 0.3006095886230469
vt 0.9261499643325806 0.23822152614593506
vt 0.9310991764068604 0.24000203609466553
vt 0.9459187388420105 0.223258376121521
vt 0.9342899322509766 0.24322974681854248
vt 0.903397798538208 0.16376793384552002
vt 0.9033976793289185 0.17933690547943115
vt 0.9201081991195679 0.23736441135406494
vt 0.8209035992622375 0.20247161388397217
vt 0.8228115439414978 0.28688716888427734
vt 0.9266899824142456 0.18554151058197021
vt 0.9207311272621155 0.1862943172454834
vt 0.8980448246002197 0.27051758766174316
vt 0.9154452681541443 0.180702805519104
vt 0.9154452681541443 0.16240191459655762
vt 0.9334696531295776 0.305525541305542
vt 0.9366055130958557 0.30865561962127686
vt 0.7496142387390137 0.061505675315856934
vt 0.6330565810203552 0.08795273303985596
vt 0.6498986482620239 0.08710837364196777
vt 0.43237370252609253 0.06512439250946045
vt 0.2332562804222107 0.037407517433166504
vt 0.21669769287109375 0.037450551986694336
vt 0.316655695438385 0.06641769409179688
vt 0.2496347427368164 0.03720879554748535
vt 0.6684727668762207 0.4929656982421875
vt 0.16481950879096985 0.44648897647857666
vt 0.8209036588668823 0.16376721858978271
vt 0.8209035992622375 0.17933619022369385
vt 0.8257660865783691 0.17933619022369385
vt 0.8257662057876587 0.16376721858978271
vt 0.20303866267204285 0.4463002681732178
vt 0.22214707732200623 0.44611072540283203
vt 0.21906441450119019 0.1872943639755249
vt 0.1839294731616974 0.4464206099510193
vt 0.06914308667182922 0.4461306929588318
vt 0.0499589741230011 0.44594883918762207
vt 0.03365457057952881 0.18143796920776367
vt 0.03089931607246399 0.4457501173019409
vt 0.01459503173828125 0.18123936653137207
vt 0.011839598417282104 0.44555139541625977
vt 0.7578542828559875 0.4424721598625183
vt 0.7770601511001587 0.4418324828147888
vt 0.767998456954956 0.17735743522644043
vt 0.8257660865783691 0.14546728134155273
vt 0.8209035992622375 0.14546740055084229
vt 0.8209036588668823 0.16103637218475342
vt 0.8257661461830139 0.16103637218475342
vt 0.2412554919719696 0.4458690881729126
vt 0.23724067211151123 0.18694961071014404
vt 0.016414344310760498 0.15832209587097168
vt 0.03580319881439209 0.1623086929321289
vt 0.5315084457397461 0.10582983493804932
vt 0.2526623010635376 0.4670959711074829
vt 0.25175559520721436 0.5025945901870728
vt 0.26929014921188354 0.4674535393714905
vt 0.3955846428871155 0.09435975551605225
vt 0.39746639132499695 0.07784903049468994
vt 0.5320509672164917 0.0887380838394165
vt 0.20167043805122375 0.500870943069458
vt 0.20093819499015808 0.5180737972259521
vt 0.15382739901542664 0.4634246826171875
vt 0.17019125819206238 0.46424055099487305
vt 0.6502892971038818 0.4595456123352051
vt 0.750961422920227 0.07813262939453125
vt 0.38167881965637207 0.15816807746887207
vt 0.17989882826805115 0.604083776473999
vt 0.9154452085494995 0.14410102367401123
vt 0.9121956825256348 0.14546692371368408
vt 0.9121956825256348 0.16103601455688477
vt 0.9154452085494995 0.16240191459655762
vt 0.8327348828315735 0.3002626895904541
vt 0.8280408382415771 0.30223774909973145
vt 0.03936323523521423 0.45724886655807495
vt 0.0557158887386322 0.45774418115615845
vt 0.07207152247428894 0.4585524797439575
vt 0.13745364546775818 0.46238189935684204
vt 0.18505236506462097 0.5001384615898132
vt 0.18659690022468567 0.4649721384048462
vt 0.20304444432258606 0.46561896800994873
vt 0.21953782439231873 0.4661846160888672
vt 0.18424001336097717 0.5173178315162659
vt 0.23607757687568665 0.4666749835014343
vt 0.0055564045906066895 0.8640123307704926
vt 0.023827433586120605 0.8650407493114471
vt 0.696570873260498 0.865968257188797
vt 0.12677499651908875 0.6175047755241394
vt 0.11502550542354584 0.8693652451038361
vt 0.07859295606613159 0.867744117975235
vt 0.09681558609008789 0.8685759007930756
vt 0.24842000007629395 0.6233042478561401
vt 0.24226737022399902 0.8735173642635345
vt 0.20594114065170288 0.872592955827713
vt 0.21379241347312927 0.6220598816871643
vt 0.2241058349609375 0.8730825483798981
vt 0.23110809922218323 0.6226410865783691
vt 0.5048103928565979 0.5386058688163757
vt 0.18330654501914978 0.5363758206367493
vt 0.2676558494567871 0.539642870426178
vt 0.28457391262054443 0.5400601029396057
vt 0.30150270462036133 0.5404219031333923
vt 0.1626315414905548 0.6031373143196106
vt 0.31844428181648254 0.5407403111457825
vt 0.30180248618125916 0.521091103553772
vt 0.25126317143440247 0.5198928713798523
vt 0.6665970087051392 0.45855265855789185
vt 0.10243988037109375 0.031678080558776855
vt 0.11819112300872803 0.03252291679382324
vt 0.549588143825531 0.03486919403076172
vt 0.26569080352783203 0.03209245204925537
vt 0.2815476059913635 0.031505703926086426
vt 0.1340441107749939 0.03292083740234375
vt 0.15017354488372803 0.03307080268859863
vt 0.054679811000823975 0.027498245239257812
vt 0.4198468029499054 0.02403271198272705
vt 0.4030270576477051 0.021155595779418945
vt 0.21670937538146973 0.032552123069763184
vt 0.23323661088943481 0.032581448554992676
vt 0.8403160572052002 0.23211634159088135
vt 0.24956011772155762 0.0324397087097168
vt 0.03848671913146973 0.02512335777282715
vt 0.8308268785476685 0.1890960931777954
vt 0.8261328935623169 0.18712115287780762
vt 0.9033976793289185 0.16103601455688477
vt 0.9033976793289185 0.14546692371368408
vt 0.8936938047409058 0.14546692371368408
vt 0.893693745136261 0.16103613376617432
vt 0.8354701399803162 0.16103637218475342
vt 0.8354700207710266 0.14546716213226318
vt 0.8422239422798157 0.2572423219680786
vt 0.8430359363555908 0.30010998249053955
vt 0.8534695506095886 0.3002740144729614
vt 0.8451740741729736 0.16103625297546387
vt 0.8451739549636841 0.14546716213226318
vt 0.9355367422103882 0.2854801416397095
vt 0.9351876378059387 0.2697244882583618
vt 0.9226372241973877 0.28521275520324707
vt 0.9083056449890137 0.18677163124084473
vt 0.8973581194877625 0.2535759210586548
vt 0.8411279320716858 0.1892489194869995
vt 0.8742859363555908 0.16103613376617432
vt 0.8742858171463013 0.14546704292297363
vt 0.8839898109436035 0.14546704292297363
vt 0.8839898109436035 0.16103613376617432
vt 0.9081092476844788 0.14546692371368408
vt 0.9081093072891235 0.16103601455688477
vt 0.9226391911506653 0.303064227104187
vt 0.9104200601577759 0.28523457050323486
vt 0.9102136492729187 0.3025869131088257
vt 0.9285979866981506 0.3038170337677002
vt 0.928057849407196 0.25113701820373535
vt 0.9330071210861206 0.24935662746429443
vt 0.9361978769302368 0.24612891674041748
vn 0.47016176288406 -0.6898624733703378 -0.5504885871270294
vn 0.7039480740797786 -0.6898575240442766 -0.1689784173167423
vn 0.37826088165257277 -0.689864675562497 0.6172563768989908
vn -0.6685355504673214 0.690187707676215 0.2769497173387392
vn -0.5500705038577142 0.6903546949012991 0.469928543518538
vn 0.05672532898328621 0.6908561187775559 0.7207635258525151
vn 0.05680018592798446 -0.6898562060422341 0.7217147316381735
vn -0.6688402822521036 -0.6898573911956023 0.2770369228996812
vn -0.4701489055283364 -0.6898725893222394 -0.5504868909722885
vn 0.7036790394017826 0.6901368857255806 -0.16895824474579965
vn 0.6168937240337058 0.6902562483558775 -0.37813812933040075
vn -0.0567253420584572 0.6908558835733443 -0.7207637502680365
vn 0.056776376517562954 -0.6898576199431369 -0.7217152535979316
vn 0.16899634818509351 -0.6898575425964965 -0.7039437514623065
vn 0.2770436961170773 -0.6898648854044319 -0.668829746892076
vn 0.37824545358503914 -0.68987259213856 -0.6172569833207819
vn 0.5504870095485964 -0.6898725666155512 -0.47014880000858833
vn 0.6172562713804371 -0.689864834991229 -0.3782607630775951
vn 0.6688402953083754 -0.6898574685288804 -0.2770366988085326
vn 0.721714626120914 -0.689856326195301 -0.056800067354464655
vn 0.6688298654670581 -0.6898647280696353 0.277043801635635
vn 0.7217153721716641 -0.6898574872093834 0.056776482035010546
vn 0.703943870036026 -0.6898573957526815 0.16899645370252842
vn 0.6172571018970894 -0.6898724281888077 0.37824555910477575
vn 0.5504887057015986 -0.6898623068377374 0.4701618684022496
vn 0.47014891858489355 -0.6898724016056892 0.5504871150683309
vn 0.2770368173822456 -0.6898573186086332 0.6688404008258044
vn 0.16897853589046635 -0.6898573873273206 0.7039481795972186
vn -0.05400466458343371 0.6995011733799167 0.7125879627409871
vn -0.16774542524051436 0.6933691138338207 0.7007858048592174
vn -0.27617504839833584 0.6916525335869295 0.6673410787782799
vn -0.1648131255479294 0.699500943653495 -0.6953668553181066
vn -0.2753072837207124 0.6933688908382062 -0.6659170224195496
vn -0.3771700494485936 0.691652324205624 -0.615921923801957
vn -0.46938289573285535 0.6909617989073524 -0.5497740350763709
vn -0.5498770562610975 0.6906282331870779 -0.46975298458075315
vn -0.6168112683855902 0.6903545565353577 -0.378093170347507
vn -0.6688157871642295 0.6898807146364996 -0.2770379800903204
vn -0.7036292702176569 0.690187634920447 -0.16895821582831508
vn -0.7216854645185039 0.6898885743360108 -0.05677891601059325
vn -0.7215662752607241 0.6900124556528909 0.05678839186164585
vn -0.7039181538826268 0.6898886111709298 0.16897614272766517
vn -0.6172432770957663 0.689880821555846 0.37825281086795687
vn -0.4696216074142018 0.6906283995714579 0.549989054032049
vn -0.37760041207621386 0.6909619891894064 0.6164328497860023
vn -0.168978522834193 -0.6898576191937233 -0.703947955506046
vn -0.056800172871733404 -0.6898564415567763 -0.7217145075473841
vn -0.2770368043259736 -0.6898575411158498 -0.6688401767346559
vn -0.05677636346128957 -0.6898573865779071 0.7217154776891042
vn -0.1689963351288215 -0.6898573171279866 0.703943975553455
vn -0.2770436830606663 -0.6898646733871553 0.6688299709856121
vn -0.378245440528482 -0.6898723987893689 0.6172572074168245
vn -0.4701617498276942 -0.6898623034495975 0.5504888112197888
vn -0.5504869964920392 -0.6898724243123775 0.4701490241046307
vn -0.6172562583240262 -0.6898647238003581 0.37826098717113105
vn -0.703948061023505 -0.689857482476767 0.1689786414079147
vn -0.721714613064663 -0.6898563214037093 0.05680029144525394
vn -0.7217153591153906 -0.6898575193116602 -0.056776257943838136
vn -0.7039438569797539 -0.6898574639718014 -0.16899622961137978
vn -0.668829852410647 -0.6898648307219516 -0.277043577542099
vn -0.6172570888405322 -0.689872562739121 -0.37824533500873336
vn -0.5504886926452328 -0.6898624699821979 -0.47016164430949026
vn -0.37826086859616165 -0.6898648832290901 -0.6172561528054548
vn 0.16481311230914167 0.6995011726535317 0.6953666280943516
vn 0.2753072705979802 0.6933691123630681 0.665916797187713
vn 0.721565979202143 0.6900127610269333 0.05678844317324386
vn 0.6684525623072021 0.6902563552468796 0.276978945023317
vn 0.3771700363583494 0.6916525314180924 0.6159216991277269
vn 0.4693828826556803 0.6909619863777702 0.5497738106264521
vn 0.5498770431902356 0.6906283961871416 0.46975276023919266
vn 0.6167770574378263 0.6904169319302677 0.3780350797509837
vn 0.703913403973352 0.6898879526349379 0.1689986169050576
vn 0.7216849512329176 0.689887543910643 -0.0567979570132748
vn 0.6688098307170032 0.6898878798587418 -0.2770345169113481
vn 0.5500457662327897 0.6904167935839661 -0.4698662641503627
vn 0.46962159434334 0.6906282298027615 -0.5499892783736094
vn 0.3776003989990388 0.6909617960957162 -0.6164330742359211
vn 0.2761750353080916 0.6916523220367871 -0.6673413034525101
vn 0.16774541211778224 0.6933688893674532 -0.7007860300910541
vn 0.054004651344645986 0.69950094292711 -0.712588189964742
vn -0.2304040537008138 -0.16068065103781937 -0.9597373080277201
vn -0.07743963505615065 -0.1606813042012732 -0.9839637297190117
vn -0.0781636337138155 0.08670451893178338 -0.9931630141932697
vn -0.23255236040046312 0.08670500681843345 -0.9687113303068094
vn -0.2926212689205895 0.828457319712122 0.4775261902667863
vn -0.5157036730980987 0.16068450369102838 0.841564145996428
vn -0.641008962952504 0.16068495375753467 0.7505250529132882
vn -0.3637292146795605 0.8284528042102242 0.4258720577647776
vn 0.07743963809720902 -0.16068098310791148 0.9839637819141761
vn 0.07816363207283888 0.08670484302710146 0.9931629860283898
vn 0.23255235875947733 0.08670532589291018 0.968711302141772
vn 0.23040405674185985 -0.1606803349190821 0.9597373602226732
vn -0.42999365697972175 0.5681132929752108 -0.7016785170589648
vn -0.5156980569765753 -0.1606825658753459 -0.8415679574783609
vn -0.6410041576217396 -0.16068449985123398 -0.7505292542061254
vn -0.5344725366112086 0.5681128836408216 -0.6257690141335625
vn -0.9118798408582001 -0.16068249428349363 -0.37769867866761053
vn -0.9118798408582001 -0.16068249428349363 -0.37769867866761053
vn -0.959740965721703 -0.16068309364665678 -0.23038711364074357
vn -0.959740965721703 -0.16068309364665678 -0.23038711364074357
vn -0.7016746061950642 0.5681129138549967 -0.4300005396882505
vn -0.6257743575686612 0.5681170332328832 -0.5344618695100679
vn -0.7505250774909156 -0.16068494913821382 -0.6410089353337476
vn -0.8415641705739854 -0.16068446360912644 -0.5157036454794242
vn 0.5157036730980987 -0.16068450369102838 -0.841564145996428
vn 0.37769870628594865 -0.16068256884105583 -0.9118798162809396
vn 0.3149330071781447 0.5681132905023605 -0.7603055242100449
vn 0.43000044204016064 0.5681128804391679 -0.7016746930910209
vn -0.7603054373140248 0.5681133526640534 -0.31493310482630843
vn -0.8002111566005875 0.5681204854564091 -0.19209689965411678
vn -0.9839645100427371 -0.16068051486601373 -0.07743135746420048
vn -0.8204127163422753 0.568115251129889 -0.06456033068001038
vn 0.8415762309548636 0.1606228848583204 -0.51570314750988
vn 0.9118825282993439 0.16062203261901303 -0.37771790693549706
vn 0.9118735958514289 0.16068150001676776 -0.37771417863425066
vn 0.8415679820556218 0.1606823485140136 -0.5156980845949012
vn -0.8204126686897606 0.5681144719279414 0.06456779258563307
vn -0.9634254319062505 0.1419149380125129 -0.22731385247089383
vn -0.8460264130151577 0.14191349224443028 0.5139064790403951
vn -0.8002126244129468 0.5681152930084136 0.19210614144297566
vn -0.7603086620870915 0.568120568181656 0.3149123026562935
vn -0.9118844655800583 -0.16068299443128606 0.3776873002026503
vn -0.9839645100427371 -0.16068051486601373 -0.07743135746420048
vn -0.4299763794232112 0.5681214929258372 0.7016824655168639
vn -0.5157036700569794 -0.16068424008016224 0.8415641981926413
vn -0.377698703244866 -0.16068227977717728 0.91187986847652
vn -0.31493301793028405 0.5681135315171838 0.7603053396658459
vn -0.534461782613478 0.5681172225407294 0.6257742599198458
vn -0.6410089599113757 -0.16068472209105872 0.750525105109653
vn -0.5156980600176578 0.16068228274288726 -0.8415680096739414
vn -0.515703122941732 0.1606228190865506 -0.8415762585629623
vn -0.37771788236748105 0.16062193365730187 -0.9118825559072918
vn -0.3777141540571387 0.16068140105602163 -0.911873623469598
vn 0.3777141540571387 -0.16068140105602163 0.911873623469598
vn 0.5156980600176578 -0.16068228274288726 0.8415680096739414
vn 0.5156980600176578 -0.16068228274288726 0.8415680096739414
vn 0.3777141540571387 -0.16068140105602163 0.911873623469598
vn -0.0645602437836985 0.5681154020184722 0.8204126186937759
vn -0.19209681275700285 0.568120652380129 0.8002110589511855
vn -0.23041538613216275 -0.16068139903728162 0.9597344621492907
vn -0.07743138204115661 -0.160680333897195 0.9839645376607239
vn -0.8415679850967043 0.16068250010421947 0.5156980323993207
vn -0.8415762339948207 0.1606230364500148 0.5157030953336156
vn -0.9118825313392847 0.16062213805738962 0.37771785475951697
vn -0.911873598892495 0.1606816054541023 0.3777141264389533
vn -0.2302680718275018 0.16434485244556316 -0.9591493025444425
vn -0.168978522834193 -0.6898576191937233 -0.703947955506046
vn -0.2770368043259736 -0.6898575411158498 -0.6688401767346559
vn -0.3774610332868466 0.16434599480961598 -0.9113251682797221
vn -0.37826086859616165 -0.6898648832290901 -0.6172561528054548
vn -0.5153867142504674 0.1643463424882455 -0.8410510177657733
vn 0.37826088165257277 -0.689864675562497 0.6172563768989908
vn 0.47014891858489355 -0.6898724016056892 0.5504871150683309
vn 0.6406243485511081 0.16434506259000153 0.7500607605026121
vn 0.5153867111400388 0.1643466254468734 0.8410509643799711
vn -0.4701489055283364 -0.6898725893222394 -0.5504868909722885
vn -0.6406243516615076 0.16434480681809638 -0.7500608138879112
vn 0.5504887057015986 -0.6898623068377374 0.4701618684022496
vn 0.6172571018970894 -0.6898724281888077 0.37824555910477575
vn 0.8410420301287861 0.16434502637361392 0.5154018004073194
vn 0.7500663726002936 0.164347455573626 0.6406171637887268
vn 0.6688298654670581 -0.6898647280696353 0.277043801635635
vn 0.9113205081375385 0.16434655389983346 0.37747204091056563
vn -0.5504886926452328 -0.6898624699821979 -0.47016164430949026
vn -0.7500663757107389 0.16434723328173492 -0.6406172171748086
vn 0.703943870036026 -0.6898573957526815 0.16899645370252842
vn 0.7217153721716641 -0.6898574872093834 0.056776482035010546
vn 0.9279796522576268 -0.0931755488628759 0.360793683550469
vn 0.9591531342913134 0.1643461928710817 0.2302511538905528
vn 0.7217153721716641 -0.6898574872093834 0.056776482035010546
vn 0.721714626120914 -0.689856326195301 -0.056800067354464655
vn 0.927976364365954 -0.09317557454557719 -0.36080213342807155
vn 0.9279796522576268 -0.0931755488628759 0.360793683550469
vn -0.6172570888405322 -0.689872562739121 -0.37824533500873336
vn -0.8410420332391855 0.16434484303448396 -0.5154018537926185
vn 0.7039480740797786 -0.6898575240442766 -0.1689784173167423
vn 0.6688402953083754 -0.6898574685288804 -0.2770366988085326
vn 0.9113251400316772 0.1643460937148089 -0.37746105842447797
vn 0.9591492742965931 0.16434498208480103 -0.23026809696496148
vn 0.6172562713804371 -0.689864834991229 -0.3782607630775951
vn 0.8410509895176699 0.1643464082181325 -0.5153867393881486
vn -0.9113205112479674 0.1643464140352854 -0.37747209429636797
vn -0.668829852410647 -0.6898648307219516 -0.277043577542099
vn -0.7039438569797539 -0.6898574639718014 -0.16899622961137978
vn -0.9591531374017357 0.16434609992402777 -0.23025120727624543
vn 0.5504870095485964 -0.6898725666155512 -0.47014880000858833
vn 0.47016176288406 -0.6898624733703378 -0.5504885871270294
vn 0.640617188926555 0.16434722866523724 -0.750066400848548
vn 0.750060785640073 0.16434483775267678 -0.6406243767989499
vn 0.37824545358503914 -0.68987259213856 -0.6172569833207819
vn 0.5154018255447774 0.16434480298056475 -0.8410420583766248
vn -0.5154018286551768 0.16434506642753313 0.8410420049913258
vn -0.378245440528482 -0.6898723987893689 0.6172572074168245
vn -0.2770436830606663 -0.6898646733871553 0.6688299709856121
vn -0.37747206915868775 0.16434662841079745 0.9113204829998403
vn 0.2770436961170773 -0.6898648854044319 -0.668829746892076
vn 0.16899634818509351 -0.6898575425964965 -0.7039437514623065
vn 0.23025117902819264 0.16434599279226128 -0.9591531625393586
vn 0.37747206604825895 0.16434633952432146 -0.9113205363856425
vn 0.056776376517562954 -0.6898576199431369 -0.7217152535979316
vn 0.07738906385083841 0.16434485142426797 -0.9833624472220943
vn -0.7500607887504723 0.1643450316554211 0.6406243234136508
vn -0.5504869964920392 -0.6898724243123775 0.4701490241046307
vn -0.4701617498276942 -0.6898623034495975 0.5504888112197888
vn -0.640617192037 0.16434746019012367 0.7500663474624663
vn -0.07739229811474593 0.16434438501879844 -0.9833622706334177
vn -0.056800172871733404 -0.6898564415567763 -0.7217145075473841
vn 0.8157066840216558 0.49835411235393573 -0.29371037493135166
vn 0.9189831370314664 0.3267993891430416 -0.22061766272794198
vn 0.968711315403811 0.0867051377518145 -0.23255237366248727
vn 0.9931629992903547 0.08670467768254958 -0.07816364697576755
vn -0.07814939928299526 0.08670532692431228 0.9931640638256375
vn -0.23256245847239845 0.08670588114565328 0.968708827813616
vn -0.22061286787789375 0.32679676617649417 0.9189852208513895
vn -0.0741407898091947 0.32679956860505716 0.9421810787985594
vn -0.3812284604076868 0.08670585885805612 0.9204058642875281
vn -0.3616761876482261 0.32679859483030943 0.8731511975054381
vn 0.7186559263764765 0.326799648405995 -0.6137879514015294
vn 0.8058226767192289 0.3267983838579487 -0.49381436794902
vn -0.9931640787286621 0.08670514426443418 -0.07814941254501843
vn -0.9421811349693363 0.3267993953213417 -0.0741408397949367
vn -0.8516104063761188 0.49835411788874295 -0.16248965793315703
vn -0.9931630009313313 0.08670468427633521 0.07816361881088782
vn -0.7575465482376198 0.08670434489208266 0.6469973599869648
vn -0.7186559325615027 0.3267998341856392 0.6137878452449147
vn -0.613788912892937 0.3268011119229921 0.7186544396687482
vn -0.6470022399874791 0.08670511942619255 0.7575422917015752
vn 0.7186544896547438 0.3268011074998278 0.6137888567218907
vn 0.8058256703827585 0.3267998291249871 0.4938085262893475
vn 0.8494325896482144 0.08670433955757263 0.5205253434227896
vn 0.7575423049635851 0.08670511476368216 0.6470022250844858
vn -0.22061761274219902 0.32679926493152783 -0.9189831932022184
vn -0.3616577439610823 0.3267964737643948 -0.8731596308626147
vn -0.3812386959034661 0.08670557291233123 -0.9204016516563674
vn 0.22061760655717894 0.32679956762658047 0.9189830870457093
vn 0.36165773777611515 0.32679676424359516 0.8731595247070142
vn 0.3812386942624697 0.08670587910808582 0.9204016234911481
vn -0.07415115878769594 0.3268011834232899 -0.9421797026913599
vn 0.613788906707887 0.3268008900940906 -0.718654545825772
vn 0.4938085762751497 0.3267996150877819 -0.805825726553569
vn 0.5205253566846831 0.08670411393867009 -0.8494326045510575
vn 0.6470022383464963 0.08670488559369138 -0.7575423198665593
vn 0.2206128616929266 0.3267964718314958 -0.9189853270069899
vn 0.07414078362417459 0.32679926395305114 -0.9421811849550685
vn 0.07814939764200947 0.08670500578703136 -0.9931640919906749
vn 0.23256245683140211 0.08670557087476376 -0.968708855978835
vn -0.4938143179634277 0.32679832088354027 -0.805822732889817
vn -0.5205181230311284 0.08670557008483865 -0.8494368885988023
vn -0.849432591289183 0.08670415439533087 -0.5205253715875283
vn -0.8058256765677846 0.32679965346664713 -0.4938086324459621
vn -0.8731512536760488 0.32679838943145184 -0.36167623763381757
vn -0.9204058791906452 0.08670564234637698 -0.3812284736697896
vn 0.8731595746923431 0.32679656852683353 -0.36165779394639536
vn -0.6469973748898259 0.08670411781436553 -0.7575465614994938
vn -0.6137879014157426 0.32679961876454683 -0.7186559825472865
vn -0.7186544958397939 0.32680089451725486 -0.6137889628789145
vn -0.7575423066045677 0.0867048902562018 -0.6470022532494697
vn 0.7575465465966514 0.08670414906082083 -0.6469973881517035
vn 0.8494368736957087 0.0867056364712267 -0.5205181362932322
vn 0.3616761814632242 0.3267983180436636 -0.8731513036616355
vn -0.9687088427167361 0.08670567907086163 -0.2325624717345052
vn -0.9189852770216849 0.32679657447601757 -0.22061291786320592
vn -0.07743138204115661 -0.160680333897195 0.9839645376607239
vn 0.07743963809720902 -0.16068098310791148 0.9839637819141761
vn -0.377698703244866 -0.16068227977717728 0.91187986847652
vn -0.23038713821809245 -0.16068289344600337 0.9597409933401293
vn -0.2304040537008138 -0.16068065103781937 -0.9597373080277201
vn -0.37768727258421547 -0.1606831988264094 -0.9118844410027014
vn -0.37768727258421547 -0.1606831988264094 -0.9118844410027014
vn -0.6410089599113757 -0.16068472209105872 0.750525105109653
vn -0.5157036700569794 -0.16068424008016224 0.8415641981926413
vn -0.7505250805320439 0.1606847267103796 -0.6410089875301123
vn -0.8415641736151048 0.16068428016206418 -0.5157036976756373
vn -0.8415724308296578 0.16062481512689225 -0.5157087476792614
vn -0.750532441375427 0.16062525514134635 -0.6410152742749731
vn -0.8415679820556218 -0.1606823485140136 0.5156980845949012
vn -0.8415679820556218 -0.1606823485140136 0.5156980845949012
vn -0.7505292787836834 -0.16068427487696854 0.6410041852403985
vn -0.7505292787836834 -0.16068427487696854 0.6410041852403985
vn 0.23038714125918686 -0.16068320084496648 -0.9597409411443464
vn 0.07743138508220267 -0.16068065205970647 -0.9839644854657708
vn 0.9118844686211526 -0.1606830998596837 -0.3776872480068675
vn 0.8415679850967043 -0.16068250010421947 -0.5156980323993207
vn 0.7016784194108056 0.5681133478108681 -0.42999374387574674
vn 0.7603086513348176 0.568120480276125 -0.3149124872028031
vn 0.641004160662859 -0.16068424391995667 0.7505293064023386
vn 0.7505250805320439 -0.1606847267103796 0.6410089875301123
vn 0.7505250805320439 -0.1606847267103796 0.6410089875301123
vn 0.641004160662859 -0.16068424391995667 0.7505293064023386
vn -0.07835702658194149 0.1606520568287432 0.9838958750914302
vn -0.07838785765355415 0.16059183396011126 0.9839032506490738
vn -0.23041767423907286 0.16062223903786088 0.9597438156741209
vn -0.23041538917322887 0.16068170643358853 0.9597344099539933
vn -0.9839645130837832 0.16068047109088765 -0.0774314096591536
vn -0.983974158136849 0.16062102836469097 -0.07743217268002205
vn -0.9597438432820935 0.16062203883204304 -0.23041769880708796
vn -0.9597344375721872 0.1606815062297369 -0.23041541375033983
vn 0.7505324383354242 0.16062547757136209 0.641015222097927
vn 0.6410104371747127 0.16062503481821616 0.750536619774632
vn 0.6410041576217396 0.16068449985123398 0.7505292542061254
vn 0.7505250774909156 0.16068494913821382 0.6410089353337476
vn -0.7505250774909156 -0.16068494913821382 -0.6410089353337476
vn -0.8415641705739854 -0.16068446360912644 -0.5157036454794242
vn -0.2143038577153132 0.828451507658097 -0.5174378764908508
vn -0.23130756902669017 0.16065173973399677 -0.9595247922963758
vn -0.13140115022641932 0.8282861973235508 -0.544679458987087
vn 0.8415679850967043 -0.16068250010421947 -0.5156980323993207
vn 0.7505292818248028 -0.1606844688942221 -0.6410041330441852
vn 0.7505292818248028 -0.1606844688942221 -0.6410041330441852
vn -0.07743963505615065 -0.1606813042012732 -0.9839637297190117
vn 0.363720183314035 0.8284573175333381 0.42587099135239337
vn 0.42586140798731714 0.8284623821273266 0.3637198682873611
vn -0.7561714752398513 -0.4319715144025222 0.4915336313807821
vn -0.9118844655800583 -0.16068299443128606 0.3776873002026503
vn 0.9597409687627974 -0.16068300064431298 0.23038716583652635
vn 0.9160031172679582 0.1419134863952167 0.3752317304473836
vn 0.8204127055901009 0.5681152876286039 0.06456014613520776
vn 0.8002111458483137 0.5681205630013718 0.19209671510760717
vn 0.23038714125918686 -0.16068320084496648 -0.9597409411443464
vn 0.19209680200472884 0.5681203960776523 -0.800211243497695
vn 0.5157036730980987 -0.16068450369102838 -0.841564145996428
vn 0.641008962952504 -0.16068495375753467 -0.7505250529132882
vn 0.3637199950051751 0.8284622532966912 -0.4258615503846347
vn 0.6410089599113757 0.16068472209105872 -0.750525105109653
vn 0.7505292787836834 0.16068427487696854 -0.6410041852403985
vn 0.42587111806943206 0.8284571898772761 -0.36372032571048135
vn -0.23133917430657475 0.16059151686375978 -0.9595272539863311
vn -0.8710578039257562 -0.43197337273216213 -0.23378902341735253
vn -0.9931630009313313 0.08670468427633521 0.07816361881088782
vn -0.9687113170447966 0.0867051949595291 0.23255234549744985
vn -0.849436875336705 0.08670578947824015 0.5205181081280172
vn 0.5205181213901324 0.08670585586462821 0.8494368604335871
vn -0.37770241646479474 0.16062310518752368 0.9118887556476242
vn -0.37769870628594865 0.16068256884105583 0.9118798162809396
vn -0.7016784301629448 0.5681134742086761 0.42999355933154776
vn -0.6257689272376061 0.5681130712214999 0.5344724389631055
vn 0.983973403598447 0.1606216736270989 -0.07744042208121947
vn 0.9839741550969278 0.1606210721402474 0.07743212050437809
vn 0.9839645100427371 0.16068051486601373 0.07743135746420048
vn 0.9839637542960777 0.16068114038823716 -0.07743966267426257
vn 0.9687088410757397 0.08670577294955538 0.232562443569286
vn 0.9931640770876762 0.0867051884469094 0.078149384379981
vn 0.8237545544856899 -0.431971519647227 0.3671907408660353
vn 0.9597409687627974 -0.16068300064431298 0.23038716583652635
vn 0.8237609661847194 -0.43197337835826366 -0.3671741698161325
vn 0.9597373356457326 -0.16068052131830474 -0.23040402912385863
vn 0.9204016367532724 0.08670567279979154 -0.3812387091655737
vn -0.9833624220846455 0.1643449885331412 -0.07738909209869803
vn 0.4938143117784258 0.32679859199043265 0.8058226267336196
vn 0.9189852708367178 0.3267966635319721 0.22061281170760547
vn 0.8731512474910468 0.32679852344252114 0.3616761314776202
vn 0.6137878952307163 0.32679986382708753 0.7186558763906717
vn 0.6469973732488576 0.086704376138538 0.7575465333347551
vn -0.9204016383942687 0.08670577922062546 0.38123868100035446
vn -0.8731595808773102 0.3267966694811563 0.36165768779079494
vn -0.8058226829042308 0.32679852901602424 0.4938142617928227
vn -0.07738906696123928 0.16434516939199897 0.9833623938367706
vn 0.07739229500435385 0.16434470591587097 0.9833622172482451
vn 0.0741511526026395 0.3268014908813942 0.9421795965342268
vn -0.23025118213861503 0.16434630000284825 0.9591531091536658
vn -0.9113251431420997 0.1643461990803006 0.37746100503878544
vn -0.8410509926280986 0.1643465597169864 0.5153866860023463
vn -0.493808582460176 0.3267998675038525 0.8058256203969543
vn 0.815708128816283 0.4983526571993933 0.29370883140508813
vn 0.17691979149348422 0.7130612745238903 0.6784121211713917
vn -0.3370778313266815 -0.6587527773289649 0.6726241996757746
vn -0.8601141069176386 -0.0931755429271398 0.5015197316970745
vn -0.759719212903794 0.4983526624291643 0.4176976674517149
vn -0.2072766718701044 -0.6184108102516548 -0.7580266822891822
vn 0.8237609661847194 -0.43197337835826366 -0.3671741698161325
vn 0.9160043389240082 0.1419149317735788 -0.3752282015148796
vn 0.2719174829988395 0.6876269125538851 -0.6732236712796033
vn 0.927976364365954 -0.09317557454557719 -0.36080213342807155
vn 0.43813461183889224 -0.6587619447804739 -0.6116132454564986
vn 0.4381494581643768 -0.6587527799024009 0.611612481299329
vn 0.9279796522576268 -0.0931755488628759 0.360793683550469
vn 0.6137879014157426 -0.32679961876454683 0.7186559825472865
vn 0.6406275393417877 -0.16431511448479183 0.750064596544015
vn 0.5153892913005297 -0.16431663043447092 0.8410552439497655
vn 0.4938143179634277 -0.32679832088354027 0.805822732889817
vn 0.9118798408582001 0.16068249428349363 0.37769867866761053
vn 0.9118887802157893 0.1606230306292319 0.3777023888566773
vn 0.8415724277896639 0.1606249985757512 0.5157086955023648
vn 0.8415641705739854 0.16068446360912644 0.5157036454794242
vn -0.07743963809720902 0.16068098310791148 -0.9839637819141761
vn -0.07744039751326169 0.16062151634523086 -0.9839734312063243
vn 0.07838785461418905 0.1605915158355934 -0.9839033028151757
vn 0.07835702354143662 0.16065173870603763 -0.9838959272770946
vn 0.5174336048489057 0.8284498744995983 0.21432048435617695
vn 0.4775263169838246 0.8284572969680516 0.29262112652413436
vn 0.8204127055901009 0.5681152876286039 0.06456014613520776
vn 0.9160031172679582 0.1419134863952167 0.3752317304473836
vn 0.9160043389240082 0.1419149317735788 -0.3752282015148796
vn 0.8204126579376013 0.568114466481076 -0.06456797713017576
vn -0.2143206267513575 0.8284499168061347 0.5174334781330002
vn 0.920405877549649 0.08670578360308986 0.3812284455045746
vn 0.9118798438992827 -0.16068235433473946 0.37769873086319106
vn 0.8415641736151048 -0.16068428016206418 0.5157036976756373
vn 0.9597344345311212 0.1606815992411331 0.23041536155504244
vn 0.9597438402421529 0.16062213184435956 0.23041764663110775
vn 0.5583337932950693 0.8284530227337358 0.04391997709556538
vn 0.5583359324490021 0.8284504062524265 -0.04394213145140942
vn 0.9597373326046865 0.16068046463859667 -0.2304040813188118
vn 0.5445891560112336 0.8284529942385622 -0.13072217674187167
vn 0.5174377340953789 0.8284515638171205 -0.21430398443147902
vn -0.5205253583256515 0.08670438001423343 0.8494325763863189
vn 0.47753600143872704 0.8284497917844917 -0.2926265706017563
vn 0.6257743468164515 0.5681172186892226 0.5344616849646622
vn 0.8415641736151048 -0.16068428016206418 0.5157036976756373
vn 0.7016745954429326 0.5681130668149331 0.4300003551441881
vn 0.5157036700569794 0.16068424008016224 -0.8415641981926413
vn 0.2926212532411713 0.828457170132114 -0.47752645938026905
vn 0.5344499936177272 0.5681214897243383 0.6257804545009458
vn 0.23041538613216275 0.16068139903728162 -0.9597344621492907
vn 0.377698703244866 0.16068227977717728 -0.91187986847652
vn 0.21432061107207956 0.8284497527808455 -0.517433747244076
vn 0.13072029918041514 0.8284515065127588 -0.5445918698795672
vn 0.044576738935521804 0.8282861967393766 -0.5585292209337781
vn 0.2313075659861853 0.16065205580078407 0.9595247401107114
vn 0.07743963505615065 0.1606813042012732 0.9839637297190117
vn 0.043900707804652765 0.8288059521200741 0.557811277749552
vn 0.13140113455023675 0.8282863767423977 0.5446791899291378
vn -0.0567253420584572 0.6908558835733443 -0.7207637502680365
vn 0.054004651344645986 0.69950094292711 -0.712588189964742
vn 0.07735978881203628 -0.16428654726463346 -0.9833744929897371
vn -0.07739345920142035 -0.16425562126132962 -0.9833770097764605
vn 0.16774541211778224 0.6933688893674532 -0.7007860300910541
vn 0.23025235601525637 -0.1643165859336958 -0.9591579182473124
vn -0.23025235290539636 -0.1643162787215689 0.9591579716233528
vn -0.16774542524051436 0.6933691138338207 0.7007858048592174
vn -0.27617504839833584 0.6916525335869295 0.6673410787782799
vn -0.37747395024944214 -0.16431662747053205 0.9113251136777655
vn 0.37747395335930867 -0.16431691635845927 -0.9113250603016148
vn 0.2761750353080916 0.6916523220367871 -0.6673413034525101
vn 0.3776003989990388 0.6909617960957162 -0.6164330742359211
vn 0.5154043853511997 -0.16431537409553684 -0.8410462397493945
vn -0.750070137158362 -0.16431773889396648 -0.6406203790295858
vn -0.8410462648823132 -0.16431533404140927 -0.5154043571084457
vn -0.6168112683855902 0.6903545565353577 -0.378093170347507
vn -0.5498770562610975 0.6906282331870779 -0.46975298458075315
vn 0.6406204072727513 -0.1643177435104873 -0.75007011202508
vn 0.46962159434334 0.6906282298027615 -0.5499892783736094
vn 0.5500457662327897 0.6904167935839661 -0.4698662641503627
vn 0.7500645714111179 -0.1643153393232431 -0.6406275110990345
vn -0.9113297062780699 -0.1643163796446192 0.3774629701515265
vn -0.8410552157067688 -0.1643166961646901 0.5153893164336659
vn -0.6172432770957663 0.689880821555846 0.37825281086795687
vn -0.6685355504673214 0.690187707676215 0.2769497173387392
vn 0.6168937240337058 0.6902562483558775 -0.37813812933040075
vn 0.6688098307170032 0.6898878798587418 -0.2770345169113481
vn 0.91132970938793 -0.1643164850106454 -0.3774629167754861
vn 0.8410552188166353 -0.16431684766430113 -0.5153892630575153
vn -0.515389288190663 -0.16431691339452037 -0.8410551905736146
vn -0.6406275362319502 -0.16431537025798612 -0.750064543168361
vn -0.46938289573285535 0.6909617989073524 -0.5497740350763709
vn -0.3771700494485936 0.691652324205624 -0.615921923801957
vn 0.7036790394017826 0.6901368857255806 -0.16895824474579965
vn 0.7216849512329176 0.689887543910643 -0.0567979570132748
vn 0.9833622454960407 -0.16434454873169302 -0.07739226986696408
vn 0.9591540867279156 -0.164315335587832 -0.2302692085446868
vn 0.721565979202143 0.6900127610269333 0.05678844317324386
vn 0.9833673544347796 -0.16431528538925239 0.07738949036782022
vn -0.37746294190858004 -0.16431658391633086 -0.9113296811449672
vn -0.2753072837207124 0.6933688908382062 -0.6659170224195496
vn -0.1648131255479294 0.699500943653495 -0.6953668553181066
vn -0.2302410437549524 -0.16428654624352515 -0.959165779463594
vn 0.4693828826556803 0.6909619863777702 0.5497738106264521
vn 0.3771700363583494 0.6916525314180924 0.6159216991277269
vn 0.7500701402682447 -0.1643175166009597 0.6406204324060146
vn 0.5498770431902356 0.6906283961871416 0.46975276023919266
vn 0.6167770574378263 0.6904169319302677 0.3780350797509837
vn 0.8410462679921507 -0.16431515070136868 0.5154044104840996
vn 0.9591579464902749 -0.16431638585386912 0.2302523811483419
vn 0.703913403973352 0.6898879526349379 0.1689986169050576
vn 0.6684525623072021 0.6902563552468796 0.276978945023317
vn 0.9113250885446349 -0.16431670198187226 0.37747397849244424
vn 0.23024104686424382 -0.16428623031352635 0.9591658328298751
vn 0.16481311230914167 0.6995011726535317 0.6953666280943516
vn 0.05672532898328621 0.6908561187775559 0.7207635258525151
vn 0.0773934623101264 -0.1642553003594299 0.983377063132695
vn -0.07816301121432971 -0.08679571673839011 -0.9931550972701988
vn -0.07414941781518389 -0.32686542695056514 -0.9421575539696607
vn 0.07494113181191897 -0.32679835592539375 -0.9421181780048661
vn 0.07910431642128112 -0.08676610743519024 -0.9930831534791368
vn 0.37746294501844013 -0.16431628073893384 0.9113297345210074
vn 0.3616652843550348 -0.32680545443756237 0.8731531463851288
vn -0.9687037133503398 -0.08676634739058448 -0.23256121065594623
vn -0.9189800457700286 -0.32680564420548286 -0.22062127366134884
vn -0.8731512474910468 -0.32679852344252114 -0.3616761314776202
vn -0.9204009994188035 -0.08676636293870527 -0.3812264399687627
vn 0.3812264548822874 -0.0867664381932701 -0.9204009861474164
vn 0.3616761876482261 -0.32679859483030943 -0.8731511975054381
vn 0.493808582460176 -0.3267998675038525 -0.8058256203969543
vn 0.5205226158915228 -0.08676494756876715 -0.8494280724221653
vn 0.7575382962267257 -0.0867654667627238 0.6469988280726297
vn 0.7186544958397939 -0.32680089451725486 0.6137889628789145
vn 0.6469939616458578 -0.08676468537028997 0.7575425420175378
vn 0.6469988148013732 -0.08676569593150132 -0.7575382813133211
vn 0.613788912892937 -0.3268011119229921 -0.7186544396687482
vn 0.7186559325615027 -0.3267998341856392 -0.6137878452449147
vn 0.7575425287463996 -0.08676491244680562 -0.6469939467325863
vn 0.8058226829042308 -0.32679852901602424 -0.4938142617928227
vn 0.8494323709983198 -0.08676636881382441 -0.5205153641757719
vn 0.23256122556947037 -0.08676645558610999 -0.9687037000789507
vn 0.22062132983318064 -0.3268057468477511 -0.9189799957833263
vn -0.381236674384499 -0.08676645354855331 -0.9203967517559231
vn -0.36166527816989774 -0.326805744914799 -0.8731530402266111
vn -0.221398255166128 -0.3267983549416688 -0.9187957595770745
vn -0.23348286211240768 -0.08676610639752934 -0.9684820059662497
vn 0.9189831432164864 -0.3267994434150666 -0.22061755657143287
vn 0.9421796527053341 -0.3268013402799911 -0.07415110261660166
vn 0.9931577430703721 -0.08676526242543801 -0.07816320499832098
vn 0.9687061881814983 -0.08676577351812344 -0.23255111593942762
vn -0.9931577414282492 -0.08676525583168729 0.07816323318287877
vn -0.9421796465202776 -0.3268013340246929 0.07415120877373474
vn -0.9421811287843163 -0.32679943723676647 -0.07414073363842758
vn -0.9931588190243362 -0.08676576700553822 -0.07814897229091458
vn 0.0741494240014504 -0.32686511949965397 0.9421576601475626
vn 0.0773934623101264 -0.1642553003594299 0.983377063132695
vn -0.0773597857027449 -0.16428622929241804 0.9833745463560182
vn -0.07494112562692182 -0.32679805130896755 0.9421182841609812
vn 0.9687037149924824 -0.08676625351238824 0.23256123884084218
vn 0.9189800519551655 -0.3268055551468783 0.22062137981986651
vn 0.8731512536760488 -0.32679838943145184 0.36167623763381757
vn 0.920401001060946 -0.08676622168273616 0.3812264681536561
vn 0.8731530963984506 -0.326805650154628 -0.36166522818320374
vn 0.8058256765677846 -0.32679965346664713 0.4938086324459621
vn 0.84942808733544 -0.0867647219510582 0.5205226291626637
vn -0.6469988131592441 -0.08676546210023807 0.7575383094979828
vn -0.613788906707887 -0.3268008900940906 0.718654545825772
vn -0.7186559263764765 -0.326799648405995 0.6137879514015294
vn -0.7575425271042848 -0.08676471661657645 0.6469939749169995
vn 0.38123667602664174 -0.08676614735441943 0.920396779940819
vn 0.5205153790892956 -0.08676614942158353 0.849432384269683
vn 0.22139826135112514 -0.3267980522926925 0.9187958657331896
vn 0.0741494240014504 -0.32686511949965397 0.9421576601475626
vn 0.07816301285702618 -0.08679539264564631 0.9931551254645975
vn 0.23348286375454386 -0.08676578737992571 0.9684820341510312
vn 0.07743963505615065 0.1606813042012732 0.9839637297190117
vn 0.07744039447332879 0.16062183744174138 0.9839733790304768
vn 0.5157031199017749 0.16062310222178466 0.8415762063866978
vn 0.5156980569765753 0.1606825658753459 0.8415679574783609
vn -0.4258722001604586 0.8284526753763285 -0.3637293413958979
vn -0.641004160662859 0.16068424391995667 -0.7505293064023386
vn -0.3637201989934533 0.8284571723108978 -0.42587126046587626
vn 0.6410152466664586 0.16062525052198018 -0.7505324659439394
vn 0.7505366443430944 0.1606248098417447 -0.6410104647831505
vn 0.07743138508220267 -0.16068065205970647 -0.9839644854657708
vn 0.5445917274840951 0.8284516201123681 0.1307201724642446
vn 0.9597467395479469 0.16062102191233674 -0.23040634376449426
vn 0.23040405674185985 -0.1606803349190821 0.9597373602226732
vn -0.29262644388586057 0.8284497544637014 -0.4775361438338969
vn 0.9118844686211526 -0.1606830998596837 -0.3776872480068675
vn -0.6410152497064614 0.16062548219072828 0.7505324137668934
vn -0.7505366473830883 0.16062500386089873 0.6410104126062538
vn -0.7505292818248028 0.1606844688942221 0.6410041330441852
vn 0.641008962952504 -0.16068495375753467 -0.7505250529132882
vn 0.5344617718612684 0.5681170293813763 -0.6257744444652517
vn 0.6257689164854748 0.5681129094484301 -0.5344726235071677
vn 0.2313391712672096 0.16059183293194487 0.9595272018202292
vn 0.07744039447332879 0.16062183744174138 0.9839733790304768
vn 0.3777178793275404 0.1606222370191009 0.9118825037313116
vn -0.849432369356177 -0.08676621580761704 0.5205153923606651
vn -0.9203967650273125 -0.08676624724135136 0.38123668929801474
vn 0.5157087200708246 0.16062477504459535 -0.8415724553980988
vn -0.3812264532401448 -0.08676614642817139 0.9204010143323099
vn -0.5205226142494082 -0.08676468149461496 0.8494281006065787
vn -0.5157087231108185 0.16062503865804817 0.8415724032212022
vn -0.079104314779145 -0.08676578634226478 0.993083181663918
vn -0.23256122392732753 -0.08676614531686279 0.9687037282638468
vn 0.2304176711991322 0.16062193163854188 -0.959743867850101
vn 0.3777024134248376 0.16062281612081156 -0.9118888078238888
vn 0.9931588206664685 -0.08676572282329638 0.07814900047563016
vn -0.04390072349066886 0.8288057700914775 -0.5578115469762782
vn -0.6137878952307163 -0.32679986382708753 -0.7186558763906717
vn -0.4938143117784258 -0.32679859199043265 -0.8058226267336196
vn -0.4938085762751497 -0.3267996150877819 0.805825726553569
vn -0.5154043822413622 -0.16431511064724122 0.8410462931250485
vn -0.6406204041628688 -0.1643175119844389 0.7500701654015086
vn -0.8058226767192289 -0.3267983838579487 0.49381436794902
vn 0.9421811349693363 -0.3267993953213417 0.0741408397949367
vn -0.8058256703827585 -0.3267998291249871 -0.4938085262893475
vn -0.7186544896547438 -0.3268011074998278 -0.6137888567218907
vn 0.07816301285702618 -0.08679539264564631 0.9931551254645975
vn -0.22062132364804357 -0.32680545250461024 0.9189801019418442
vn -0.3616761814632242 -0.3267983180436636 0.8731513036616355
vn -0.5445891716905716 0.8284530263949867 0.13072190762976446
vn 0.8002126136607725 0.5681152457500794 -0.1921063259877783
vn -0.51743774977469 0.8284516236378692 0.214303715319832
vn 0.043900707804652765 0.8288059521200741 0.557811277749552
vn -0.06456789023398368 0.5681143353433485 -0.8204127555859414
vn -0.1921062390914656 0.568115137592048 -0.80021271130925
vn 0.13140113455023675 0.8282863767423977 0.5446791899291378
vn -0.5445917431634065 0.8284515673426218 -0.13072044157589166
vn -0.5174336205281836 0.8284497950873816 -0.2143207534672526
vn 0.7603054265618855 0.5681134693554907 0.3149329202821094
vn -0.5583338089744074 0.828452997899813 -0.043920246207672584
vn -0.4775263326632427 0.8284571928761841 -0.2926213956376171
vn -0.31491240030568846 0.5681203977607143 -0.7603087489841988
vn 0.21430384203600195 0.8284516797968928 0.5174376073792037
vn 0.4775263169838246 0.8284572969680516 0.29262112652413436
vn 0.42586140798731714 0.8284623821273266 0.3637198682873611
vn -0.2143206267513575 0.8284499168061347 0.5174334781330002
vn -0.2926212689205895 0.828457319712122 0.4775261902667863
vn 0.5445917274840951 0.8284516201123681 0.1307201724642446
vn 0.5174336048489057 0.8284498744995983 0.21432048435617695
vn 0.5583337932950693 0.8284530227337358 0.04391997709556538
vn 0.06456787948182428 0.5681146030656691 0.8204125710413985
vn -0.04390072349066886 0.8288057700914775 -0.5578115469762782
vn 0.044576738935521804 0.8282861967393766 -0.5585292209337781
vn -0.8204126686897606 0.5681144719279414 0.06456779258563307
vn 0.5583359324490021 0.8284504062524265 -0.04394213145140942
vn 0.13072029918041514 0.8284515065127588 -0.5445918698795672
vn 0.5174377340953789 0.8284515638171205 -0.21430398443147902
vn 0.47753600143872704 0.8284497917844917 -0.2926265706017563
vn -0.4258711337488502 0.8284572999669596 0.36372005659699846
vn -0.3637292146795605 0.8284528042102242 0.4258720577647776
vn 0.2926264282065826 0.8284499151232787 0.47753587472282116
vn 0.363720183314035 0.8284573175333381 0.42587099135239337
vn -0.4775360171180048 0.8284498778024884 0.29262630149068053
vn -0.04457675461170442 0.8282863773265718 0.5585289518758287
vn 0.06456023303152399 0.5681151367400208 -0.8204128032385788
vn -0.16323929260584255 0.6876310002714258 0.7074719364153341
vn -0.3738851198888404 0.6876269146976843 -0.6223978978989655
vn -0.5436406394597332 0.5741020556748989 -0.6122594913904296
vn -0.32785006369152175 0.5741028490996694 0.7502801172849427
vn 0.33184632307054784 0.4841347492331263 -0.8096243341510527
vn 0.5657982681764209 0.4841275656384551 0.6674524851384901
vn 0.17691979149348422 0.7130612745238903 0.6784121211713917
vn -0.04139749461819595 0.7130579084979572 -0.6998818947278572
vn -0.9634254319062505 0.1419149380125129 -0.22731385247089383
vn -0.8710578039257562 -0.43197337273216213 -0.23378902341735253
vn 0.08614323441890567 -0.6184108112256882 -0.7811193325753981
vn 0.3986568898028765 -0.4525064838096849 -0.7976907711155324
vn 0.3003917489878725 -0.5459310691443758 -0.78212790826238
vn 0.527392379193833 -0.5459185638650665 0.651022426645789
vn 0.625638256827139 -0.4525074501312943 0.6354634365327191
vn 0.5612157478291769 -0.08353186684993066 -0.8234435691710167
vn 0.5316775376069589 -0.21665898497558506 -0.8187660717406102
vn 0.758671366301751 -0.216652900484594 0.614393423357906
vn 0.7882106982694131 -0.0835297306495933 0.6097103240320361
vn -0.6861712058232693 0.05289014070934811 0.725514789177165
vn 0.7218719254217025 -0.056002338860090935 0.6897569581600199
vn 0.7187254482760339 0.08749901903132982 0.6897663747015862
vn -0.6831267948125582 -0.08352972576535779 0.7255071103184897
vn -0.6831212194568018 -0.08353186271924357 -0.7255121139157538
vn -0.6532149526884469 -0.21665898104222917 -0.7255129988621658
vn 0.6873374475310968 0.22758436928214584 -0.6897627041815789
vn 0.7187419225485506 0.08749878034677189 -0.689749238643321
vn 0.703760348379509 -0.3412906879642245 0.623090714388891
vn 0.625638256827139 -0.4525074501312943 0.6354634365327191
vn -0.4311674306757875 0.47576644784957434 0.7666426376252745
vn -0.513286076811886 0.3587219297740368 0.7796511915275018
vn -0.5976193204857275 -0.3413008827550007 -0.7255100655489449
vn 0.6289266463210628 0.3587271080340002 -0.6897580267810617
vn -0.5185351079711596 -0.45250648076498456 -0.7255061865118908
vn 0.5457764407347137 0.4757679479184551 -0.6897629567267364
vn 0.4411690255613283 0.5741020524057358 -0.689765702473521
vn 0.2719025574497035 0.6876309988269337 0.6732255258860764
vn 0.4411833712305708 0.5741028465467944 0.6897558658949527
vn 0.4767668381088444 -0.341300886321521 -0.8100661004361551
vn 0.703760348379509 -0.3412906879642245 0.623090714388891
vn 0.5457883914491893 0.4757664446064828 0.6897545374593871
vn -0.959154083618077 -0.16431527894087988 0.23026926192036176
vn -0.7039181538826268 0.6898886111709298 0.16897614272766517
vn -0.7215662752607241 0.6900124556528909 0.05678839186164585
vn -0.9833622423856484 -0.16434454220297634 0.07739232325213669
vn -0.6469597345702619 0.4757679518778488 -0.5958925723741931
vn 0.3986568898028765 -0.4525064838096849 -0.7976907711155324
vn 0.4767668381088444 -0.341300886321521 -0.8100661004361551
vn -0.7290854524540655 0.358727112542042 -0.582880143551914
vn -0.7867778521699935 0.22758437417560257 -0.5737472997460388
vn 0.5316775376069589 -0.21665898497558506 -0.8187660717406102
vn 0.5612157478291769 -0.08353186684993066 -0.8234435691710167
vn -0.8177935803423617 0.08749878544743801 -0.5688212570711864
vn -0.8208860899640122 -0.05600362082731615 -0.5683393543982553
vn 0.5642340141059643 0.052889609153735126 -0.8239190898197686
vn 0.5406015907495461 0.18723902747133578 -0.8201777043242814
vn -0.795959531488081 -0.19733716130986545 -0.5722818090761219
vn -0.5709811135539887 0.2275825329894954 0.7887881582799858
vn 0.7912188296579289 0.052890135805020624 0.6092416574145795
vn 0.7882106982694131 -0.0835297306495933 0.6097103240320361
vn -0.6019734956481527 0.08749902341550732 0.7937076485951712
vn -0.6050827084480805 -0.05600233445514713 0.7941905655903431
vn 0.758671366301751 -0.216652900484594 0.614393423357906
vn -0.5801445171919252 -0.19733835859750437 0.7902467408336402
vn -0.7416053681153143 -0.34017165631388574 -0.5781909046527943
vn -0.5266523028207619 -0.34016736237194795 0.7790529619419339
vn -0.6532149526884469 -0.21665898104222917 -0.7255129988621658
vn -0.6532185437796577 -0.21665289579770003 0.725511582819223
vn -0.5976230163603113 -0.3412906836441668 0.7255118190450797
vn -0.5976193204857275 -0.3413008827550007 -0.7255100655489449
vn -0.4379907413245886 -0.47125245270386146 0.7655620395072708
vn -0.6531360867532359 -0.4712479006178159 -0.5927382798031274
vn -0.5284178532568343 -0.6587619415719171 -0.5355439073463883
vn 0.5406015907495461 0.18723902747133578 -0.8201777043242814
vn 0.5642340141059643 0.052889609153735126 -0.8239190898197686
vn 0.7912188296579289 0.052890135805020624 0.6092416574145795
vn 0.7676024534499128 0.18723621088171943 0.6129674337126977
vn -0.5973872644855293 0.3274368706164244 -0.7320611668374571
vn -0.662249961251214 0.18723903146430837 -0.7255112224625289
vn 0.6966353355860763 -0.19733716626466677 -0.6897515871844776
vn 0.642025975063507 -0.34017166090697293 -0.6870850663924696
vn 0.6873450569227411 0.22758252881236993 0.6897557287208572
vn -0.6532185437796577 -0.21665289579770003 0.725511582819223
vn 0.6289310061816605 0.35872192598234576 0.6897567464569234
vn -0.5976230163603113 -0.3412906836441668 0.7255118190450797
vn 0.33184632307054784 0.4841347492331263 -0.8096243341510527
vn -0.04139749461819595 0.7130579084979572 -0.6998818947278572
vn -0.9729933288452799 -0.0931755682351394 -0.21119255551898566
vn -0.8516104063761188 0.49835411788874295 -0.16248965793315703
vn 0.4755128253661278 0.3274368670548373 -0.8165002455637326
vn 0.7045568794188003 0.3274401939025251 0.6295891700789641
vn 0.4755128253661278 0.3274368670548373 -0.8165002455637326
vn -0.8460264130151577 0.14191349224443028 0.5139064790403951
vn 0.9160031172679582 0.1419134863952167 0.3752317304473836
vn 0.5657982681764209 0.4841275656384551 0.6674524851384901
vn 0.7045568794188003 0.3274401939025251 0.6295891700789641
vn 0.7218717434848511 -0.05600362594863787 -0.6897570440660583
vn -0.759719212903794 0.4983526624291643 0.4176976674517149
vn -0.8516104063761188 0.49835411788874295 -0.16248965793315703
vn -0.06858438948036613 0.7130639119372723 0.6977363678441303
vn 0.815708128816283 0.4983526571993933 0.29370883140508813
vn -0.9634254319062505 0.1419149380125129 -0.22731385247089383
vn -0.5156980569765753 -0.1606825658753459 -0.8415679574783609
vn -0.6410041576217396 -0.16068449985123398 -0.7505292542061254
vn 0.9597373356457326 -0.16068052131830474 -0.23040402912385863
vn 0.31491238955341444 0.568120650697067 0.7603085644376892
vn 0.1921062283392911 0.5681154011664452 0.8002125267644474
vn 0.9118798438992827 -0.16068235433473946 0.37769873086319106
vn 0.42999364622758235 0.5681135290443335 0.7016783325147657
vn 0.37771415101607264 0.1606817044148485 0.9118735712743006
vn -0.1689963351288215 -0.6898573171279866 0.703943975553455
vn -0.8710578039257562 -0.43197337273216213 -0.23378902341735253
vn -0.7561714752398513 -0.4319715144025222 0.4915336313807821
vn 0.3233218035013285 -0.6184116300799684 0.7162611724521193
vn 0.08614323441890567 -0.6184108112256882 -0.7811193325753981
vn 0.05680018592798446 -0.6898562060422341 0.7217147316381735
vn 0.16897853589046635 -0.6898573873273206 0.7039481795972186
vn 0.2302680687171009 0.1643451683707038 0.9591492491591189
vn -0.05677636346128957 -0.6898573865779071 0.7217154776891042
vn -0.6172562583240262 -0.6898647238003581 0.37826098717113105
vn -0.6688402822521036 -0.6898573911956023 0.2770369228996812
vn -0.8601141069176386 -0.0931755429271398 0.5015197316970745
vn -0.703948061023505 -0.689857482476767 0.1689786414079147
vn -0.9729933288452799 -0.0931755682351394 -0.21119255551898566
vn -0.721714613064663 -0.6898563214037093 0.05680029144525394
vn -0.7217153591153906 -0.6898575193116602 -0.056776257943838136
vn -0.721714613064663 -0.6898563214037093 0.05680029144525394
vn -0.9729933288452799 -0.0931755682351394 -0.21119255551898566
vn -0.20729323170847122 -0.6184116283185446 0.7580214865346919
vn 0.8237545544856899 -0.431971519647227 0.3671907408660353
vn 0.8237609661847194 -0.43197337835826366 -0.3671741698161325
vn -0.2072766718701044 -0.6184108102516548 -0.7580266822891822
vn 0.2770368173822456 -0.6898573186086332 0.6688404008258044
vn 0.3774610301764242 0.16434629798549355 0.9113251148940295
vn -0.8516104063761188 0.49835411788874295 -0.16248965793315703
vn -0.759719212903794 0.4983526624291643 0.4176976674517149
vn 0.3812284587666906 0.08670556709141075 -0.920405892452743
vn -0.5174336205281836 0.8284497950873816 -0.2143207534672526
vn -0.9118798438992827 0.16068235433473946 -0.37769873086319106
vn -0.4775263326632427 0.8284571928761841 -0.2926213956376171
vn 0.9931640770876762 0.0867051884469094 0.078149384379981
vn 0.8237545544856899 -0.431971519647227 0.3671907408660353
vn 0.37769870628594865 -0.16068256884105583 -0.9118798162809396
vn -0.983963757337136 0.16068114692094737 0.07743961047909806
vn -0.98397340663838 0.1606216801598732 0.07744036990537197
vn -0.4775360171180048 0.8284498778024884 0.29262630149068053
vn -0.51743774977469 0.8284516236378692 0.214303715319832
vn 0.2926264282065826 0.8284499151232787 0.47753587472282116
vn -0.8710578039257562 -0.43197337273216213 -0.23378902341735253
vn 0.815708128816283 0.4983526571993933 0.29370883140508813
vn -0.9189831370314664 -0.3267993891430416 0.22061766272794198
vn 0.815708128816283 0.4983526571993933 0.29370883140508813
vn -0.06858438948036613 0.7130639119372723 0.6977363678441303
vn -0.06859783577095527 0.7130579085882512 -0.6977411811891931
vn 0.8157066840216558 0.49835411235393573 -0.29371037493135166
vn -0.20729323170847122 -0.6184116283185446 0.7580214865346919
vn 0.8237545544856899 -0.431971519647227 0.3671907408660353
vn 0.043900707804652765 0.8288059521200741 0.557811277749552
vn -0.04457675461170442 0.8282863773265718 0.5585289518758287
vn -0.13072031485972635 0.8284516809422312 0.5445916007679202
vn -0.4258711337488502 0.8284572999669596 0.36372005659699846
vn -0.9597373356457326 0.16068052131830474 0.23040402912385863
vn -0.5445891716905716 0.8284530263949867 0.13072190762976446
vn -0.5583359481282908 0.828450409959318 0.04394186234014751
vn -0.5583338089744074 0.828452997899813 -0.043920246207672584
vn -0.9597467425878679 0.1606210785926017 0.2304062915888503
vn -0.5445917431634065 0.8284515673426218 -0.13072044157589166
vn 0.05672532898328621 0.6908561187775559 0.7207635258525151
vn -0.05400466458343371 0.6995011733799167 0.7125879627409871
vn 0.2753072705979802 0.6933691123630681 0.665916797187713
vn -0.7500645683012804 -0.16431514541953487 0.6406275644746884
vn -0.5500705038577142 0.6903546949012991 0.469928543518538
vn -0.37760041207621386 0.6909619891894064 0.6164328497860023
vn -0.4696216074142018 0.6906283995714579 0.549989054032049
vn -0.9113250854347683 -0.164316841847119 -0.3774739251162935
vn -0.6688157871642295 0.6898807146364996 -0.2770379800903204
vn -0.7216854645185039 0.6898885743360108 -0.05677891601059325
vn -0.983367351324941 -0.1643153291394595 -0.07738943699214526
vn -0.7036292702176569 0.690187634920447 -0.16895821582831508
vn -0.959157943380415 -0.16431647880139547 -0.23025232777230153
vn 0.9203967666694551 -0.08676635366162135 -0.3812366611131186
vn -0.9687061865393661 -0.08676571631071117 0.23255114412414316
vn -0.8494280856933252 -0.08676490711232389 -0.5205226009782504
vn -0.7575382945845966 -0.08676569126901561 -0.6469987998879679
vn -0.6469939600037431 -0.08676494369309215 -0.7575425138331245
vn -0.8731530902133136 -0.3268055491977332 0.3616653343417216
vn -0.5205153774471529 -0.08676643519985797 -0.8494323560847895
vn -0.6410104402147067 0.16062477888442736 -0.7505366719515286
vn -0.9118887832557465 0.16062289067910332 -0.37770244103294187
vn 0.21430384203600195 0.8284516797968928 0.5174376073792037
vn 0.42587111806943206 0.8284571898772761 -0.36372032571048135
vn 0.3637199950051751 0.8284622532966912 -0.4258615503846347
vn -0.13072031485972635 0.8284516809422312 0.5445916007679202
vn -0.3637201989934533 0.8284571723108978 -0.42587126046587626
vn -0.4258722001604586 0.8284526753763285 -0.3637293413958979
vn 0.2926212532411713 0.828457170132114 -0.47752645938026905
vn 0.21432061107207956 0.8284497527808455 -0.517433747244076
vn 0.5445891560112336 0.8284529942385622 -0.13072217674187167
vn -0.5583359481282908 0.828450409959318 0.04394186234014751
vn -0.5583338089744074 0.828452997899813 -0.043920246207672584
vn -0.13140115022641932 0.8282861973235508 -0.544679458987087
vn -0.2143038577153132 0.828451507658097 -0.5174378764908508
vn 0.3003917489878725 -0.5459310691443758 -0.78212790826238
vn -0.29262644388586057 0.8284497544637014 -0.4775361438338969
vn 0.5583359324490021 0.8284504062524265 -0.04394213145140942
vn 0.3233218035013285 -0.6184116300799684 0.7162611724521193
vn -0.7561714752398513 -0.4319715144025222 0.4915336313807821
vn -0.5973872644855293 0.3274368706164244 -0.7320611668374571
vn -0.5973931538026853 0.32744019822446396 0.7320548725173578
vn -0.6622627456872705 0.18723621562828402 0.7255002792776555
vn -0.662249961251214 0.18723903146430837 -0.7255112224625289
vn -0.419045206592773 -0.5459310667561409 -0.725506984929933
vn -0.41905694842685143 -0.545918560723244 0.7255096133291667
vn -0.419045206592773 -0.5459310667561409 -0.725506984929933
vn -0.41905694842685143 -0.545918560723244 0.7255096133291667
vn -0.5185272179553222 -0.45250744633313533 0.7255112233815395
vn -0.5185351079711596 -0.45250648076498456 -0.7255061865118908
vn -0.5185272179553222 -0.45250744633313533 0.7255112233815395
vn 0.5523586467428926 -0.47125245599141424 0.6876198427113783
vn 0.5523701856369002 -0.47124790461960114 -0.6876136927164057
vn 0.6420390833800257 -0.3401673662515229 0.6870749437652625
vn 0.7676024534499128 0.18723621088171943 0.6129674337126977
vn -0.6861767127853002 0.05288961330458464 -0.7255096192578367
vn 0.527392379193833 -0.5459185638650665 0.651022426645789
vn -0.6831212194568018 -0.08353186271924357 -0.7255121139157538
vn -0.6831267948125582 -0.08352972576535779 0.7255071103184897
vn -0.6861712058232693 0.05289014070934811 0.725514789177165
vn -0.6861767127853002 0.05288961330458464 -0.7255096192578367
vn -0.4544197625491629 0.48412756902515947 0.7477453953817113
vn -0.454413904978903 0.48413475184318705 -0.7477443045717969
vn -0.5973931538026853 0.32744019822446396 0.7320548725173578
vn 0.6966238136339747 -0.19733836283585027 0.6897628815986864
vn -0.6622627456872705 0.18723621562828402 0.7255002792776555
vn -0.4544197625491629 0.48412756902515947 0.7477453953817113
vn -0.454413904978903 0.48413475184318705 -0.7477443045717969
vn -0.06859783577095527 0.7130579085882512 -0.6977411811891931
vn 0.8157066840216558 0.49835411235393573 -0.29371037493135166
f 1/1/1 2/2/2 3/3/3
f 4/4/4 5/5/5 6/6/6
f 7/7/7 8/8/8 9/9/9
f 10/10/10 11/11/11 12/12/12
f 13/13/13 14/14/14 1/1/1
f 14/14/14 15/15/15 1/1/1
f 15/15/15 16/16/16 1/1/1
f 1/1/1 17/17/17 18/18/18
f 18/18/18 19/19/19 1/1/1
f 19/19/19 2/2/2 1/1/1
f 2/2/2 20/20/20 21/21/21
f 20/20/20 22/22/22 21/21/21
f 22/22/22 23/23/23 21/21/21
f 21/21/21 24/24/24 25/25/25
f 25/25/25 26/26/26 3/3/3
f 3/3/3 27/27/27 28/28/28
f 28/28/28 7/7/7 3/3/3
f 21/21/21 25/25/25 2/2/2
f 25/25/25 3/3/3 2/2/2
f 13/13/13 1/1/1 3/3/3
f 29/29/29 6/6/6 30/30/30
f 30/30/30 6/6/6 31/31/31
f 12/12/12 32/32/32 33/33/33
f 33/33/33 34/34/34 12/12/12
f 34/34/34 35/35/35 12/12/12
f 35/35/35 36/36/36 12/12/12
f 36/36/36 37/37/37 12/12/12
f 37/37/37 38/38/38 39/39/39
f 39/39/39 40/40/40 41/41/41
f 41/41/41 42/42/42 4/4/4
f 4/4/4 43/43/43 5/5/5
f 5/5/5 44/44/44 6/6/6
f 44/44/44 45/45/45 6/6/6
f 45/45/45 31/31/31 6/6/6
f 37/37/37 39/39/39 12/12/12
f 39/39/39 41/41/41 12/12/12
f 41/41/41 4/4/4 6/6/6
f 46/46/46 47/47/47 48/48/48
f 47/47/47 7/7/7 48/48/48
f 7/7/7 49/49/49 50/50/50
f 50/50/50 51/51/51 52/52/52
f 52/52/52 53/53/53 8/8/8
f 53/53/53 54/54/54 8/8/8
f 54/54/54 55/55/55 8/8/8
f 8/8/8 56/56/56 57/57/57
f 57/57/57 58/58/58 59/59/59
f 59/59/59 60/60/60 61/61/61
f 61/61/61 62/62/62 9/9/9
f 9/9/9 63/63/63 7/7/7
f 63/63/63 48/48/48 7/7/7
f 7/7/7 50/50/50 8/8/8
f 50/50/50 52/52/52 8/8/8
f 8/8/8 57/57/57 59/59/59
f 59/59/59 61/61/61 8/8/8
f 61/61/61 9/9/9 8/8/8
f 6/6/6 64/64/64 65/65/65
f 66/66/66 6/6/6 67/67/67
f 65/65/65 68/68/68 6/6/6
f 68/68/68 69/69/69 6/6/6
f 69/69/69 70/70/70 6/6/6
f 70/70/70 71/71/71 6/6/6
f 71/71/71 67/67/67 6/6/6
f 67/67/67 72/72/72 66/66/66
f 66/66/66 73/73/73 10/10/10
f 10/10/10 74/74/74 11/11/11
f 11/11/11 75/75/75 12/12/12
f 75/75/75 76/76/76 12/12/12
f 76/76/76 77/77/77 12/12/12
f 77/77/77 78/78/78 12/12/12
f 78/78/78 79/79/79 12/12/12
f 79/79/79 80/80/80 12/12/12
f 66/66/66 10/10/10 12/12/12
f 81/81/81 82/82/82 83/83/83
f 81/81/81 83/83/83 84/84/84
f 85/85/85 86/86/86 87/87/87
f 85/85/85 87/87/87 88/88/88
f 89/89/89 90/90/90 91/91/91
f 89/89/89 91/91/91 92/92/92
f 93/93/93 94/94/94 95/95/95
f 93/93/93 95/95/95 96/96/96
f 97/97/97 98/98/98 99/99/99
f 97/97/97 99/99/99 100/100/100
f 101/101/101 102/102/102 103/103/103
f 101/101/101 103/103/103 104/104/104
f 105/105/105 106/106/106 107/107/107
f 105/105/105 107/107/107 108/108/108
f 109/109/109 97/97/97 100/100/100
f 109/109/109 100/100/100 110/110/110
f 110/110/110 100/100/100 111/111/111
f 110/110/110 111/111/111 112/112/112
f 113/113/113 114/114/114 115/115/115
f 113/113/113 115/115/115 116/116/116
f 117/117/117 118/118/118 119/119/119
f 117/117/117 119/119/119 120/120/120
f 121/121/121 120/120/120 119/119/119
f 121/121/121 119/119/119 122/122/122
f 100/100/100 99/99/99 123/123/123
f 100/100/100 123/123/123 111/111/111
f 124/124/124 125/125/125 126/126/126
f 124/124/124 126/126/126 127/127/127
f 109/109/109 101/101/101 104/104/104
f 109/109/109 104/104/104 97/97/97
f 128/128/128 129/129/129 125/125/125
f 128/128/128 125/125/125 124/124/124
f 130/130/130 131/131/131 132/132/132
f 130/130/130 132/132/132 133/133/133
f 134/134/134 135/135/135 136/136/136
f 134/134/134 136/136/136 137/137/137
f 138/138/138 139/139/139 140/140/140
f 138/138/138 140/140/140 141/141/141
f 142/142/142 143/143/143 144/144/144
f 142/142/142 144/144/144 145/145/145
f 146/146/146 147/147/147 148/148/148
f 146/146/146 148/148/148 149/149/149
f 149/149/149 148/148/148 150/150/150
f 149/149/149 150/150/150 151/151/151
f 152/152/152 153/153/153 154/154/154
f 152/152/152 154/154/154 155/155/155
f 151/151/151 150/150/150 156/156/156
f 151/151/151 156/156/156 157/157/157
f 158/158/158 159/159/159 160/160/160
f 158/158/158 160/160/160 161/161/161
f 159/159/159 162/162/162 163/163/163
f 159/159/159 163/163/163 160/160/160
f 157/157/157 156/156/156 164/164/164
f 157/157/157 164/164/164 165/165/165
f 166/166/166 167/167/167 168/168/168
f 166/166/166 168/168/168 169/169/169
f 170/170/170 171/171/171 172/172/172
f 170/170/170 172/172/172 173/173/173
f 165/165/165 164/164/164 174/174/174
f 165/165/165 174/174/174 175/175/175
f 176/176/176 177/177/177 178/178/178
f 176/176/176 178/178/178 179/179/179
f 177/177/177 180/180/180 181/181/181
f 177/177/177 181/181/181 178/178/178
f 182/182/182 183/183/183 184/184/184
f 182/182/182 184/184/184 185/185/185
f 186/186/186 187/187/187 188/188/188
f 186/186/186 188/188/188 189/189/189
f 187/187/187 190/190/190 191/191/191
f 187/187/187 191/191/191 188/188/188
f 192/192/192 193/193/193 194/194/194
f 192/192/192 194/194/194 195/195/195
f 196/196/196 197/197/197 198/198/198
f 196/196/196 198/198/198 199/199/199
f 197/197/197 200/200/200 201/201/201
f 197/197/197 201/201/201 198/198/198
f 202/202/202 203/203/203 204/204/204
f 202/202/202 204/204/204 205/205/205
f 206/206/206 207/207/207 147/147/147
f 206/206/206 147/147/147 146/146/146
f 208/208/208 209/209/209 210/210/210
f 208/208/208 210/210/210 211/211/211
f 212/212/212 213/213/213 214/214/214
f 212/212/212 214/214/214 215/215/215
f 216/216/216 217/217/217 214/214/214
f 216/216/216 214/214/214 213/213/213
f 181/181/181 189/189/189 218/218/218
f 181/181/181 218/218/218 219/219/219
f 220/220/220 221/221/221 222/222/222
f 220/220/220 222/222/222 223/223/223
f 224/224/224 225/225/225 226/226/226
f 224/224/224 226/226/226 227/227/227
f 228/228/228 229/229/229 230/230/230
f 228/228/228 230/230/230 231/231/231
f 84/84/84 232/232/232 233/233/233
f 84/84/84 233/233/233 234/234/234
f 91/91/91 235/235/235 236/236/236
f 91/91/91 236/236/236 237/237/237
f 84/84/84 83/83/83 238/238/238
f 84/84/84 238/238/238 232/232/232
f 239/239/239 240/240/240 241/241/241
f 239/239/239 241/241/241 242/242/242
f 243/243/243 244/244/244 245/245/245
f 243/243/243 245/245/245 246/246/246
f 234/234/234 233/233/233 247/247/247
f 234/234/234 247/247/247 248/248/248
f 249/249/249 250/250/250 251/251/251
f 249/249/249 251/251/251 252/252/252
f 178/178/178 181/181/181 219/219/219
f 178/178/178 219/219/219 253/253/253
f 254/254/254 255/255/255 256/256/256
f 254/254/254 256/256/256 257/257/257
f 219/219/219 218/218/218 258/258/258
f 219/219/219 258/258/258 259/259/259
f 191/191/191 199/199/199 260/260/260
f 191/191/191 260/260/260 240/240/240
f 261/261/261 262/262/262 221/221/221
f 261/261/261 221/221/221 220/220/220
f 248/248/248 247/247/247 255/255/255
f 248/248/248 255/255/255 254/254/254
f 141/141/141 263/263/263 89/89/89
f 141/141/141 89/89/89 264/264/264
f 99/99/99 261/261/261 220/220/220
f 99/99/99 220/220/220 123/123/123
f 126/126/126 265/265/265 266/266/266
f 126/126/126 266/266/266 140/140/140
f 267/267/267 81/81/81 268/268/268
f 267/267/267 268/268/268 269/269/269
f 129/129/129 270/270/270 271/271/271
f 129/129/129 271/271/271 125/125/125
f 272/272/272 273/273/273 274/274/274
f 272/272/272 274/274/274 275/275/275
f 276/276/276 277/277/277 278/278/278
f 276/276/276 278/278/278 279/279/279
f 280/280/280 246/246/246 245/245/245
f 280/280/280 245/245/245 281/281/281
f 282/282/282 283/283/283 284/284/284
f 282/282/282 284/284/284 285/285/285
f 286/286/286 287/287/287 288/288/288
f 286/286/286 288/288/288 289/289/289
f 290/290/290 291/291/291 292/292/292
f 290/290/290 292/292/292 293/293/293
f 96/96/96 95/95/95 103/103/103
f 96/96/96 103/103/103 102/102/102
f 294/294/294 295/295/295 296/296/296
f 294/294/294 296/296/296 297/297/297
f 298/298/298 299/299/299 300/300/300
f 298/298/298 300/300/300 301/301/301
f 103/103/103 302/302/302 303/303/303
f 103/103/103 303/303/303 104/104/104
f 135/135/135 286/286/286 289/289/289
f 135/135/135 289/289/289 136/136/136
f 304/304/304 133/133/133 305/305/305
f 304/304/304 305/305/305 306/306/306
f 307/307/307 308/308/308 309/309/309
f 307/307/307 309/309/309 283/283/283
f 310/310/310 82/82/82 81/81/81
f 310/310/310 81/81/81 267/267/267
f 301/301/301 300/300/300 311/311/311
f 301/301/301 311/311/311 312/312/312
f 119/119/119 313/313/313 314/314/314
f 119/119/119 314/314/314 122/122/122
f 315/315/315 316/316/316 317/317/317
f 315/315/315 317/317/317 318/318/318
f 259/259/259 258/258/258 308/308/308
f 259/259/259 308/308/308 307/307/307
f 106/106/106 319/319/319 320/320/320
f 106/106/106 320/320/320 107/107/107
f 242/242/242 241/241/241 321/321/321
f 242/242/242 321/321/321 322/322/322
f 323/323/323 324/324/324 325/325/325
f 323/323/323 325/325/325 326/326/326
f 99/99/99 98/98/98 252/252/252
f 99/99/99 252/252/252 261/261/261
f 133/133/133 132/132/132 327/327/327
f 133/133/133 327/327/327 305/305/305
f 89/89/89 263/263/263 212/212/212
f 89/89/89 212/212/212 90/90/90
f 328/328/328 329/329/329 330/330/330
f 328/328/328 330/330/330 313/313/313
f 277/277/277 331/331/331 224/224/224
f 277/277/277 224/224/224 278/278/278
f 237/237/237 332/332/332 135/135/135
f 237/237/237 135/135/135 134/134/134
f 266/266/266 213/213/213 212/212/212
f 266/266/266 212/212/212 263/263/263
f 278/278/278 224/224/224 227/227/227
f 278/278/278 227/227/227 270/270/270
f 293/293/293 292/292/292 333/333/333
f 293/293/293 333/333/333 334/334/334
f 335/335/335 276/276/276 279/279/279
f 335/335/335 279/279/279 336/336/336
f 337/337/337 338/338/338 339/339/339
f 337/337/337 339/339/339 340/340/340
f 341/341/341 342/342/342 343/343/343
f 341/341/341 343/343/343 344/344/344
f 345/345/345 211/211/211 210/210/210
f 345/345/345 210/210/210 346/346/346
f 209/209/209 253/253/253 347/347/347
f 209/209/209 347/347/347 210/210/210
f 262/262/262 185/185/185 348/348/348
f 262/262/262 348/348/348 221/221/221
f 236/236/236 349/349/349 332/332/332
f 236/236/236 332/332/332 237/237/237
f 255/255/255 247/247/247 151/151/151
f 255/255/255 151/151/151 157/157/157
f 244/244/244 201/201/201 206/206/206
f 244/244/244 206/206/206 238/238/238
f 163/163/163 169/169/169 350/350/350
f 163/163/163 350/350/350 351/351/351
f 352/352/352 228/228/228 231/231/231
f 352/352/352 231/231/231 353/353/353
f 251/251/251 182/182/182 185/185/185
f 251/251/251 185/185/185 262/262/262
f 354/354/354 355/355/355 356/356/356
f 354/354/354 356/356/356 331/331/331
f 215/215/215 357/357/357 358/358/358
f 215/215/215 358/358/358 359/359/359
f 214/214/214 360/360/360 357/357/357
f 214/214/214 357/357/357 215/215/215
f 355/355/355 361/361/361 362/362/362
f 355/355/355 362/362/362 356/356/356
f 331/331/331 356/356/356 225/225/225
f 331/331/331 225/225/225 224/224/224
f 217/217/217 195/195/195 360/360/360
f 217/217/217 360/360/360 214/214/214
f 232/232/232 146/146/146 149/149/149
f 232/232/232 149/149/149 233/233/233
f 363/363/363 192/192/192 195/195/195
f 363/363/363 195/195/195 217/217/217
f 363/363/363 226/226/226 205/205/205
f 363/363/363 205/205/205 192/192/192
f 169/169/169 168/168/168 364/364/364
f 169/169/169 364/364/364 350/350/350
f 233/233/233 149/149/149 151/151/151
f 233/233/233 151/151/151 247/247/247
f 365/365/365 366/366/366 367/367/367
f 365/365/365 367/367/367 368/368/368
f 369/369/369 370/370/370 371/371/371
f 369/369/369 371/371/371 372/372/372
f 373/373/373 374/374/374 375/375/375
f 373/373/373 375/375/375 376/376/376
f 377/377/377 378/378/378 379/379/379
f 377/377/377 379/379/379 380/380/380
f 381/381/381 382/382/382 383/383/383
f 381/381/381 383/383/383 384/384/384
f 385/385/385 386/386/386 387/387/387
f 385/385/385 387/387/387 388/388/388
f 389/389/389 381/381/381 384/384/384
f 389/389/389 384/384/384 390/390/390
f 390/390/390 384/384/384 301/301/301
f 390/390/390 301/301/301 312/312/312
f 391/391/391 392/392/392 393/393/393
f 391/391/391 393/393/393 394/394/394
f 395/395/395 334/334/334 86/86/86
f 395/395/395 86/86/86 85/85/85
f 230/230/230 396/396/396 397/397/397
f 230/230/230 397/397/397 398/398/398
f 399/399/399 400/400/400 382/382/382
f 399/399/399 382/382/382 381/381/381
f 340/340/340 339/339/339 401/401/401
f 340/340/340 401/401/401 402/402/402
f 403/403/403 340/340/340 402/402/402
f 403/403/403 402/402/402 404/404/404
f 115/115/115 403/403/403 404/404/404
f 115/115/115 404/404/404 405/405/405
f 265/265/265 271/271/271 406/406/406
f 265/265/265 406/406/406 216/216/216
f 325/325/325 116/116/116 407/407/407
f 325/325/325 407/407/407 326/326/326
f 408/408/408 288/288/288 409/409/409
f 408/408/408 409/409/409 410/410/410
f 411/411/411 324/324/324 323/323/323
f 411/411/411 323/323/323 412/412/412
f 289/289/289 288/288/288 408/408/408
f 289/289/289 408/408/408 413/413/413
f 414/414/414 415/415/415 416/416/416
f 414/414/414 416/416/416 417/417/417
f 388/388/388 414/414/414 417/417/417
f 388/388/388 417/417/417 418/418/418
f 419/419/419 420/420/420 421/421/421
f 419/419/419 421/421/421 422/422/422
f 423/423/423 424/424/424 425/425/425
f 423/423/423 425/425/425 426/426/426
f 424/424/424 427/427/427 428/428/428
f 424/424/424 428/428/428 425/425/425
f 429/429/429 430/430/430 431/431/431
f 429/429/429 431/431/431 432/432/432
f 433/433/433 434/434/434 435/435/435
f 433/433/433 435/435/435 436/436/436
f 437/437/437 438/438/438 439/439/439
f 437/437/437 439/439/439 440/440/440
f 441/441/441 442/442/442 443/443/443
f 441/441/441 443/443/443 444/444/444
f 445/445/445 446/446/446 447/447/447
f 445/445/445 447/447/447 448/448/448
f 449/449/449 450/450/450 451/451/451
f 449/449/449 451/451/451 452/452/452
f 453/453/453 454/454/454 455/455/455
f 453/453/453 455/455/455 456/456/456
f 457/457/457 458/458/458 459/459/459
f 457/457/457 459/459/459 460/460/460
f 458/458/458 461/461/461 462/462/462
f 458/458/458 462/462/462 459/459/459
f 463/463/463 464/464/464 465/465/465
f 463/463/463 465/465/465 466/466/466
f 463/463/463 453/453/453 456/456/456
f 463/463/463 456/456/456 464/464/464
f 467/467/467 468/468/468 379/379/379
f 467/467/467 379/379/379 378/378/378
f 469/469/469 470/470/470 467/467/467
f 469/469/469 467/467/467 378/378/378
f 471/471/471 470/470/470 469/469/469
f 471/471/471 469/469/469 472/472/472
f 443/443/443 449/449/449 452/452/452
f 443/443/443 452/452/452 444/444/444
f 473/473/473 474/474/474 475/475/475
f 473/473/473 475/475/475 476/476/476
f 450/450/450 457/457/457 460/460/460
f 450/450/450 460/460/460 451/451/451
f 477/477/477 478/478/478 479/479/479
f 477/477/477 479/479/479 480/480/480
f 481/481/481 482/482/482 483/483/483
f 481/481/481 483/483/483 484/484/484
f 380/380/380 379/379/379 485/485/485
f 380/380/380 485/485/485 486/486/486
f 487/487/487 488/488/488 489/489/489
f 487/487/487 489/489/489 490/490/490
f 491/491/491 492/492/492 493/493/493
f 491/491/491 493/493/493 494/494/494
f 495/495/495 496/496/496 377/377/377
f 495/495/495 377/377/377 497/497/497
f 498/498/498 499/499/499 500/500/500
f 498/498/498 500/500/500 501/501/501
f 500/500/500 502/502/502 503/503/503
f 500/500/500 503/503/503 501/501/501
f 504/504/504 505/505/505 492/492/492
f 504/504/504 492/492/492 491/491/491
f 506/506/506 507/507/507 508/508/508
f 506/506/506 508/508/508 509/509/509
f 510/510/510 511/511/511 512/512/512
f 510/510/510 512/512/512 513/513/513
f 514/514/514 515/515/515 516/516/516
f 514/514/514 516/516/516 517/517/517
f 518/518/518 519/519/519 520/520/520
f 518/518/518 520/520/520 521/521/521
f 522/522/522 523/523/523 524/524/524
f 522/522/522 524/524/524 525/525/525
f 502/502/502 452/452/452 451/451/451
f 502/502/502 451/451/451 526/526/526
f 527/527/527 496/496/496 495/495/495
f 527/527/527 495/495/495 528/528/528
f 529/529/529 530/530/530 531/531/531
f 529/529/529 531/531/531 532/532/532
f 525/525/525 524/524/524 527/527/527
f 525/525/525 527/527/527 528/528/528
f 380/380/380 486/486/486 533/533/533
f 380/380/380 533/533/533 534/534/534
f 473/473/473 476/476/476 524/524/524
f 473/473/473 524/524/524 523/523/523
f 535/535/535 536/536/536 537/537/537
f 535/535/535 537/537/537 538/538/538
f 539/539/539 540/540/540 291/291/291
f 539/539/539 291/291/291 290/290/290
f 299/299/299 541/541/541 542/542/542
f 299/299/299 542/542/542 300/300/300
f 91/91/91 237/237/237 134/134/134
f 91/91/91 134/134/134 92/92/92
f 407/407/407 116/116/116 115/115/115
f 407/407/407 115/115/115 405/405/405
f 543/543/543 272/272/272 544/544/544
f 543/543/543 544/544/544 545/545/545
f 324/324/324 546/546/546 547/547/547
f 324/324/324 547/547/547 325/325/325
f 281/281/281 82/82/82 310/310/310
f 281/281/281 310/310/310 548/548/548
f 339/339/339 399/399/399 549/549/549
f 339/339/339 549/549/549 401/401/401
f 114/114/114 550/550/550 403/403/403
f 114/114/114 403/403/403 115/115/115
f 264/264/264 89/89/89 92/92/92
f 264/264/264 92/92/92 551/551/551
f 127/127/127 126/126/126 140/140/140
f 127/127/127 140/140/140 139/139/139
f 552/552/552 545/545/545 544/544/544
f 552/552/552 544/544/544 130/130/130
f 553/553/553 347/347/347 259/259/259
f 553/553/553 259/259/259 307/307/307
f 383/383/383 298/298/298 301/301/301
f 383/383/383 301/301/301 384/384/384
f 87/87/87 554/554/554 555/555/555
f 87/87/87 555/555/555 556/556/556
f 309/309/309 557/557/557 558/558/558
f 309/309/309 558/558/558 559/559/559
f 270/270/270 227/227/227 406/406/406
f 270/270/270 406/406/406 271/271/271
f 338/338/338 400/400/400 399/399/399
f 338/338/338 399/399/399 339/339/339
f 560/560/560 561/561/561 420/420/420
f 560/560/560 420/420/420 419/419/419
f 560/560/560 538/538/538 537/537/537
f 560/560/560 537/537/537 561/561/561
f 533/533/533 538/538/538 560/560/560
f 533/533/533 560/560/560 562/562/562
f 144/144/144 143/143/143 563/563/563
f 144/144/144 563/563/563 564/564/564
f 494/494/494 498/498/498 546/546/546
f 494/494/494 546/546/546 565/565/565
f 298/298/298 495/495/495 497/497/497
f 298/298/298 497/497/497 299/299/299
f 383/383/383 528/528/528 495/495/495
f 383/383/383 495/495/495 298/298/298
f 333/333/333 566/566/566 567/567/567
f 333/333/333 567/567/567 568/568/568
f 400/400/400 522/522/522 525/525/525
f 400/400/400 525/525/525 382/382/382
f 291/291/291 569/569/569 570/570/570
f 291/291/291 570/570/570 292/292/292
f 550/550/550 513/513/513 512/512/512
f 550/550/550 512/512/512 337/337/337
f 554/554/554 529/529/529 532/532/532
f 554/554/554 532/532/532 555/555/555
f 387/387/387 484/484/484 504/504/504
f 387/387/387 504/504/504 571/571/571
f 571/571/571 504/504/504 491/491/491
f 571/571/571 491/491/491 572/572/572
f 568/568/568 567/567/567 529/529/529
f 568/568/568 529/529/529 554/554/554
f 382/382/382 525/525/525 528/528/528
f 382/382/382 528/528/528 383/383/383
f 143/143/143 555/555/555 532/532/532
f 143/143/143 532/532/532 563/563/563
f 572/572/572 491/491/491 494/494/494
f 572/572/572 494/494/494 565/565/565
f 512/512/512 573/573/573 338/338/338
f 512/512/512 338/338/338 337/337/337
f 338/338/338 573/573/573 522/522/522
f 338/338/338 522/522/522 400/400/400
f 574/574/574 385/385/385 388/388/388
f 574/574/574 388/388/388 418/418/418
f 477/477/477 480/480/480 536/536/536
f 477/477/477 536/536/536 535/535/535
f 483/483/483 425/425/425 428/428/428
f 483/483/483 428/428/428 505/505/505
f 533/533/533 486/486/486 535/535/535
f 533/533/533 535/535/535 538/538/538
f 575/575/575 454/454/454 453/453/453
f 575/575/575 453/453/453 576/576/576
f 527/527/527 472/472/472 469/469/469
f 527/527/527 469/469/469 496/496/496
f 577/577/577 578/578/578 579/579/579
f 577/577/577 579/579/579 530/530/530
f 476/476/476 472/472/472 527/527/527
f 476/476/476 527/527/527 524/524/524
f 563/563/563 532/532/532 531/531/531
f 563/563/563 531/531/531 580/580/580
f 485/485/485 477/477/477 535/535/535
f 485/485/485 535/535/535 486/486/486
f 511/511/511 459/459/459 462/462/462
f 511/511/511 462/462/462 581/581/581
f 451/451/451 460/460/460 510/510/510
f 451/451/451 510/510/510 526/526/526
f 377/377/377 380/380/380 534/534/534
f 377/377/377 534/534/534 497/497/497
f 500/500/500 444/444/444 452/452/452
f 500/500/500 452/452/452 502/502/502
f 441/441/441 444/444/444 500/500/500
f 441/441/441 500/500/500 499/499/499
f 582/582/582 438/438/438 437/437/437
f 582/582/582 437/437/437 583/583/583
f 433/433/433 436/436/436 493/493/493
f 433/433/433 493/493/493 492/492/492
f 428/428/428 433/433/433 492/492/492
f 428/428/428 492/492/492 505/505/505
f 581/581/581 523/523/523 522/522/522
f 581/581/581 522/522/522 573/573/573
f 584/584/584 518/518/518 521/521/521
f 584/584/584 521/521/521 569/569/569
f 570/570/570 585/585/585 586/586/586
f 570/570/570 586/586/586 566/566/566
f 587/587/587 588/588/588 285/285/285
f 587/587/587 285/285/285 589/589/589
f 340/340/340 403/403/403 550/550/550
f 340/340/340 550/550/550 337/337/337
f 590/590/590 591/591/591 592/592/592
f 590/590/590 592/592/592 593/593/593
f 594/594/594 595/595/595 596/596/596
f 594/594/594 596/596/596 318/318/318
f 597/597/597 594/594/594 318/318/318
f 597/597/597 318/318/318 317/317/317
f 595/595/595 598/598/598 410/410/410
f 595/595/595 410/410/410 596/596/596
f 593/593/593 592/592/592 599/599/599
f 593/593/593 599/599/599 600/600/600
f 102/102/102 101/101/101 601/601/601
f 102/102/102 601/601/601 602/602/602
f 603/603/603 604/604/604 108/108/108
f 603/603/603 108/108/108 107/107/107
f 109/109/109 110/110/110 605/605/605
f 109/109/109 605/605/605 606/606/606
f 110/110/110 112/112/112 607/607/607
f 110/110/110 607/607/607 605/605/605
f 138/138/138 608/608/608 609/609/609
f 138/138/138 609/609/609 610/610/610
f 112/112/112 611/611/611 612/612/612
f 112/112/112 612/612/612 607/607/607
f 139/139/139 138/138/138 610/610/610
f 139/139/139 610/610/610 613/613/613
f 614/614/614 121/121/121 335/335/335
f 614/614/614 335/335/335 615/615/615
f 101/101/101 109/109/109 606/606/606
f 101/101/101 606/606/606 601/601/601
f 616/616/616 559/559/559 558/558/558
f 616/616/616 558/558/558 617/617/617
f 604/604/604 617/617/617 558/558/558
f 604/604/604 558/558/558 108/108/108
f 618/618/618 93/93/93 96/96/96
f 618/618/618 96/96/96 619/619/619
f 589/589/589 285/285/285 284/284/284
f 589/589/589 284/284/284 620/620/620
f 600/600/600 599/599/599 93/93/93
f 600/600/600 93/93/93 618/618/618
f 590/590/590 621/621/621 622/622/622
f 590/590/590 622/622/622 591/591/591
f 623/623/623 624/624/624 625/625/625
f 623/623/623 625/625/625 626/626/626
f 627/627/627 628/628/628 629/629/629
f 627/627/627 629/629/629 630/630/630
f 631/631/631 632/632/632 633/633/633
f 631/631/631 633/633/633 624/624/624
f 153/153/153 158/158/158 161/161/161
f 153/153/153 161/161/161 154/154/154
f 634/634/634 635/635/635 636/636/636
f 634/634/634 636/636/636 637/637/637
f 638/638/638 639/639/639 640/640/640
f 638/638/638 640/640/640 641/641/641
f 642/642/642 643/643/643 644/644/644
f 642/642/642 644/644/644 645/645/645
f 646/646/646 647/647/647 648/648/648
f 646/646/646 648/648/648 649/649/649
f 650/650/650 651/651/651 652/652/652
f 650/650/650 652/652/652 653/653/653
f 647/647/647 654/654/654 655/655/655
f 647/647/647 655/655/655 648/648/648
f 654/654/654 656/656/656 657/657/657
f 654/654/654 657/657/657 655/655/655
f 658/658/658 372/372/372 659/659/659
f 658/658/658 659/659/659 660/660/660
f 639/639/639 661/661/661 662/662/662
f 639/639/639 662/662/662 640/640/640
f 657/657/657 658/658/658 660/660/660
f 657/657/657 660/660/660 663/663/663
f 664/664/664 665/665/665 666/666/666
f 664/664/664 666/666/666 667/667/667
f 668/668/668 669/669/669 670/670/670
f 668/668/668 670/670/670 671/671/671
f 672/672/672 673/673/673 674/674/674
f 672/672/672 674/674/674 675/675/675
f 671/671/671 670/670/670 673/673/673
f 671/671/671 673/673/673 672/672/672
f 676/676/676 677/677/677 678/678/678
f 676/676/676 678/678/678 679/679/679
f 653/653/653 671/671/671 672/672/672
f 653/653/653 672/672/672 680/680/680
f 681/681/681 682/682/682 683/683/683
f 681/681/681 683/683/683 684/684/684
f 682/682/682 685/685/685 680/680/680
f 682/682/682 680/680/680 683/683/683
f 686/686/686 679/679/679 687/687/687
f 686/686/686 687/687/687 688/688/688
f 200/200/200 207/207/207 206/206/206
f 200/200/200 206/206/206 201/201/201
f 689/689/689 690/690/690 691/691/691
f 689/689/689 691/691/691 692/692/692
f 693/693/693 694/694/694 695/695/695
f 693/693/693 695/695/695 366/366/366
f 696/696/696 697/697/697 698/698/698
f 696/696/696 698/698/698 699/699/699
f 700/700/700 701/701/701 702/702/702
f 700/700/700 702/702/702 703/703/703
f 645/645/645 644/644/644 704/704/704
f 645/645/645 704/704/704 705/705/705
f 705/705/705 704/704/704 706/706/706
f 705/705/705 706/706/706 707/707/707
f 694/694/694 708/708/708 709/709/709
f 694/694/694 709/709/709 695/695/695
f 683/683/683 680/680/680 672/672/672
f 683/683/683 672/672/672 675/675/675
f 710/710/710 695/695/695 709/709/709
f 710/710/710 709/709/709 711/711/711
f 684/684/684 676/676/676 679/679/679
f 684/684/684 679/679/679 686/686/686
f 712/712/712 696/696/696 699/699/699
f 712/712/712 699/699/699 713/713/713
f 679/679/679 678/678/678 714/714/714
f 679/679/679 714/714/714 687/687/687
f 652/652/652 668/668/668 671/671/671
f 652/652/652 671/671/671 653/653/653
f 715/715/715 631/631/631 624/624/624
f 715/715/715 624/624/624 623/623/623
f 372/372/372 371/371/371 716/716/716
f 372/372/372 716/716/716 659/659/659
f 717/717/717 718/718/718 688/688/688
f 717/717/717 688/688/688 693/693/693
f 366/366/366 695/695/695 710/710/710
f 366/366/366 710/710/710 367/367/367
f 365/365/365 717/717/717 693/693/693
f 365/365/365 693/693/693 366/366/366
f 13/13/13 3/3/3 7/7/7
f 13/13/13 7/7/7 47/47/47
f 643/643/643 719/719/719 649/649/649
f 643/643/643 649/649/649 644/644/644
f 630/630/630 629/629/629 720/720/720
f 630/630/630 720/720/720 721/721/721
f 376/376/376 375/375/375 722/722/722
f 376/376/376 722/722/722 723/723/723
f 548/548/548 310/310/310 591/591/591
f 548/548/548 591/591/591 622/622/622
f 112/112/112 111/111/111 724/724/724
f 112/112/112 724/724/724 611/611/611
f 122/122/122 314/314/314 277/277/277
f 122/122/122 277/277/277 276/276/276
f 547/547/547 113/113/113 116/116/116
f 547/547/547 116/116/116 325/325/325
f 557/557/557 105/105/105 108/108/108
f 557/557/557 108/108/108 558/558/558
f 125/125/125 271/271/271 265/265/265
f 125/125/125 265/265/265 126/126/126
f 128/128/128 336/336/336 279/279/279
f 128/128/128 279/279/279 129/129/129
f 269/269/269 268/268/268 725/725/725
f 269/269/269 725/725/725 94/94/94
f 302/302/302 726/726/726 254/254/254
f 302/302/302 254/254/254 257/257/257
f 393/393/393 727/727/727 588/588/588
f 393/393/393 588/588/588 394/394/394
f 416/416/416 415/415/415 411/411/411
f 416/416/416 411/411/411 412/412/412
f 551/551/551 137/137/137 728/728/728
f 551/551/551 728/728/728 729/729/729
f 346/346/346 553/553/553 282/282/282
f 346/346/346 282/282/282 727/727/727
f 409/409/409 730/730/730 596/596/596
f 409/409/409 596/596/596 410/410/410
f 592/592/592 591/591/591 310/310/310
f 592/592/592 310/310/310 267/267/267
f 284/284/284 283/283/283 309/309/309
f 284/284/284 309/309/309 559/559/559
f 136/136/136 289/289/289 413/413/413
f 136/136/136 413/413/413 731/731/731
f 562/562/562 560/560/560 419/419/419
f 562/562/562 419/419/419 732/732/732
f 599/599/599 269/269/269 94/94/94
f 599/599/599 94/94/94 93/93/93
f 264/264/264 551/551/551 729/729/729
f 264/264/264 729/729/729 608/608/608
f 195/195/195 194/194/194 733/733/733
f 195/195/195 733/733/733 360/360/360
f 734/734/734 735/735/735 736/736/736
f 734/734/734 736/736/736 737/737/737
f 738/738/738 739/739/739 740/740/740
f 738/738/738 740/740/740 358/358/358
f 190/190/190 196/196/196 199/199/199
f 190/190/190 199/199/199 191/191/191
f 357/357/357 741/741/741 738/738/738
f 357/357/357 738/738/738 358/358/358
f 362/362/362 742/742/742 203/203/203
f 362/362/362 203/203/203 202/202/202
f 361/361/361 743/743/743 742/742/742
f 361/361/361 742/742/742 362/362/362
f 744/744/744 745/745/745 743/743/743
f 744/744/744 743/743/743 361/361/361
f 746/746/746 747/747/747 745/745/745
f 746/746/746 745/745/745 744/744/744
f 348/348/348 748/748/748 749/749/749
f 348/348/348 749/749/749 750/750/750
f 185/185/185 184/184/184 748/748/748
f 185/185/185 748/748/748 348/348/348
f 360/360/360 733/733/733 741/741/741
f 360/360/360 741/741/741 357/357/357
f 180/180/180 186/186/186 189/189/189
f 180/180/180 189/189/189 181/181/181
f 171/171/171 176/176/176 179/179/179
f 171/171/171 179/179/179 172/172/172
f 175/175/175 174/174/174 183/183/183
f 175/175/175 183/183/183 182/182/182
f 162/162/162 166/166/166 169/169/169
f 162/162/162 169/169/169 163/163/163
f 751/751/751 752/752/752 753/753/753
f 751/751/751 753/753/753 754/754/754
f 755/755/755 152/152/152 155/155/155
f 755/755/755 155/155/155 756/756/756
f 739/739/739 755/755/755 756/756/756
f 739/739/739 756/756/756 740/740/740
f 697/697/697 638/638/638 641/641/641
f 697/697/697 641/641/641 698/698/698
f 359/359/359 235/235/235 91/91/91
f 359/359/359 91/91/91 90/90/90
f 198/198/198 201/201/201 244/244/244
f 198/198/198 244/244/244 243/243/243
f 189/189/189 188/188/188 239/239/239
f 189/189/189 239/239/239 218/218/218
f 349/349/349 352/352/352 353/353/353
f 349/349/349 353/353/353 332/332/332
f 406/406/406 363/363/363 217/217/217
f 406/406/406 217/217/217 216/216/216
f 329/329/329 757/757/757 758/758/758
f 329/329/329 758/758/758 330/330/330
f 229/229/229 351/351/351 396/396/396
f 229/229/229 396/396/396 230/230/230
f 740/740/740 756/756/756 236/236/236
f 740/740/740 236/236/236 235/235/235
f 350/350/350 364/364/364 342/342/342
f 350/350/350 342/342/342 341/341/341
f 260/260/260 243/243/243 246/246/246
f 260/260/260 246/246/246 759/759/759
f 212/212/212 215/215/215 359/359/359
f 212/212/212 359/359/359 90/90/90
f 351/351/351 350/350/350 341/341/341
f 351/351/351 341/341/341 396/396/396
f 347/347/347 253/253/253 219/219/219
f 347/347/347 219/219/219 259/259/259
f 356/356/356 362/362/362 202/202/202
f 356/356/356 202/202/202 225/225/225
f 218/218/218 239/239/239 242/242/242
f 218/218/218 242/242/242 258/258/258
f 257/257/257 256/256/256 250/250/250
f 257/257/257 250/250/250 249/249/249
f 240/240/240 260/260/260 759/759/759
f 240/240/240 759/759/759 241/241/241
f 250/250/250 175/175/175 182/182/182
f 250/250/250 182/182/182 251/251/251
f 226/226/226 225/225/225 202/202/202
f 226/226/226 202/202/202 205/205/205
f 245/245/245 244/244/244 238/238/238
f 245/245/245 238/238/238 83/83/83
f 314/314/314 354/354/354 331/331/331
f 314/314/314 331/331/331 277/277/277
f 344/344/344 343/343/343 316/316/316
f 344/344/344 316/316/316 315/315/315
f 760/760/760 761/761/761 273/273/273
f 760/760/760 273/273/273 762/762/762
f 553/553/553 307/307/307 283/283/283
f 553/553/553 283/283/283 282/282/282
f 565/565/565 546/546/546 324/324/324
f 565/565/565 324/324/324 411/411/411
f 288/288/288 287/287/287 398/398/398
f 288/288/288 398/398/398 409/409/409
f 763/763/763 211/211/211 345/345/345
f 763/763/763 345/345/345 764/764/764
f 397/397/397 344/344/344 315/315/315
f 397/397/397 315/315/315 730/730/730
f 268/268/268 81/81/81 84/84/84
f 268/268/268 84/84/84 234/234/234
f 345/345/345 346/346/346 727/727/727
f 345/345/345 727/727/727 393/393/393
f 137/137/137 136/136/136 731/731/731
f 137/137/137 731/731/731 728/728/728
f 319/319/319 548/548/548 622/622/622
f 319/319/319 622/622/622 320/320/320
f 321/321/321 765/765/765 106/106/106
f 321/321/321 106/106/106 105/105/105
f 308/308/308 322/322/322 557/557/557
f 308/308/308 557/557/557 309/309/309
f 557/557/557 322/322/322 321/321/321
f 557/557/557 321/321/321 105/105/105
f 104/104/104 303/303/303 98/98/98
f 104/104/104 98/98/98 97/97/97
f 765/765/765 280/280/280 319/319/319
f 765/765/765 319/319/319 106/106/106
f 280/280/280 281/281/281 548/548/548
f 280/280/280 548/548/548 319/319/319
f 295/295/295 294/294/294 766/766/766
f 295/295/295 766/766/766 767/767/767
f 608/608/608 138/138/138 141/141/141
f 608/608/608 141/141/141 264/264/264
f 140/140/140 266/266/266 263/263/263
f 140/140/140 263/263/263 141/141/141
f 92/92/92 134/134/134 137/137/137
f 92/92/92 137/137/137 551/551/551
f 303/303/303 249/249/249 252/252/252
f 303/303/303 252/252/252 98/98/98
f 303/303/303 302/302/302 257/257/257
f 303/303/303 257/257/257 249/249/249
f 258/258/258 242/242/242 322/322/322
f 258/258/258 322/322/322 308/308/308
f 241/241/241 759/759/759 765/765/765
f 241/241/241 765/765/765 321/321/321
f 268/268/268 234/234/234 248/248/248
f 268/268/268 248/248/248 725/725/725
f 387/387/387 571/571/571 414/414/414
f 387/387/387 414/414/414 388/388/388
f 725/725/725 248/248/248 254/254/254
f 725/725/725 254/254/254 726/726/726
f 231/231/231 230/230/230 398/398/398
f 231/231/231 398/398/398 287/287/287
f 571/571/571 572/572/572 415/415/415
f 571/571/571 415/415/415 414/414/414
f 396/396/396 341/341/341 344/344/344
f 396/396/396 344/344/344 397/397/397
f 768/768/768 142/142/142 145/145/145
f 768/768/768 145/145/145 769/769/769
f 399/399/399 381/381/381 389/389/389
f 399/399/399 389/389/389 549/549/549
f 300/300/300 542/542/542 770/770/770
f 300/300/300 770/770/770 311/311/311
f 135/135/135 332/332/332 353/353/353
f 135/135/135 353/353/353 286/286/286
f 103/103/103 95/95/95 726/726/726
f 103/103/103 726/726/726 302/302/302
f 314/314/314 313/313/313 330/330/330
f 314/314/314 330/330/330 354/354/354
f 771/771/771 123/123/123 220/220/220
f 771/771/771 220/220/220 223/223/223
f 256/256/256 255/255/255 157/157/157
f 256/256/256 157/157/157 165/165/165
f 330/330/330 758/758/758 355/355/355
f 330/330/330 355/355/355 354/354/354
f 199/199/199 198/198/198 243/243/243
f 199/199/199 243/243/243 260/260/260
f 252/252/252 251/251/251 262/262/262
f 252/252/252 262/262/262 261/261/261
f 256/256/256 165/165/165 175/175/175
f 256/256/256 175/175/175 250/250/250
f 239/239/239 188/188/188 191/191/191
f 239/239/239 191/191/191 240/240/240
f 772/772/772 208/208/208 211/211/211
f 772/772/772 211/211/211 763/763/763
f 222/222/222 221/221/221 348/348/348
f 222/222/222 348/348/348 750/750/750
f 179/179/179 178/178/178 253/253/253
f 179/179/179 253/253/253 209/209/209
f 172/172/172 179/179/179 209/209/209
f 172/172/172 209/209/209 208/208/208
f 515/515/515 773/773/773 664/664/664
f 515/515/515 664/664/664 667/667/667
f 232/232/232 238/238/238 206/206/206
f 232/232/232 206/206/206 146/146/146
f 406/406/406 227/227/227 226/226/226
f 406/406/406 226/226/226 363/363/363
f 161/161/161 160/160/160 229/229/229
f 161/161/161 229/229/229 228/228/228
f 352/352/352 154/154/154 161/161/161
f 352/352/352 161/161/161 228/228/228
f 160/160/160 163/163/163 351/351/351
f 160/160/160 351/351/351 229/229/229
f 756/756/756 155/155/155 349/349/349
f 756/756/756 349/349/349 236/236/236
f 758/758/758 744/744/744 361/361/361
f 758/758/758 361/361/361 355/355/355
f 358/358/358 740/740/740 235/235/235
f 358/358/358 235/235/235 359/359/359
f 774/774/774 775/775/775 776/776/776
f 774/774/774 776/776/776 777/777/777
f 778/778/778 659/659/659 716/716/716
f 778/778/778 716/716/716 779/779/779
f 780/780/780 539/539/539 290/290/290
f 780/780/780 290/290/290 781/781/781
f 782/782/782 781/781/781 290/290/290
f 782/782/782 290/290/290 293/293/293
f 395/395/395 782/782/782 293/293/293
f 395/395/395 293/293/293 334/334/334
f 768/768/768 783/783/783 556/556/556
f 768/768/768 556/556/556 142/142/142
f 783/783/783 88/88/88 87/87/87
f 783/783/783 87/87/87 556/556/556
f 281/281/281 245/245/245 83/83/83
f 281/281/281 83/83/83 82/82/82
f 409/409/409 398/398/398 397/397/397
f 409/409/409 397/397/397 730/730/730
f 727/727/727 282/282/282 285/285/285
f 727/727/727 285/285/285 588/588/588
f 769/769/769 145/145/145 784/784/784
f 769/769/769 784/784/784 785/785/785
f 786/786/786 766/766/766 294/294/294
f 786/786/786 294/294/294 787/787/787
f 353/353/353 231/231/231 287/287/287
f 353/353/353 287/287/287 286/286/286
f 334/334/334 333/333/333 568/568/568
f 334/334/334 568/568/568 86/86/86
f 552/552/552 130/130/130 133/133/133
f 552/552/552 133/133/133 304/304/304
f 415/415/415 572/572/572 565/565/565
f 415/415/415 565/565/565 411/411/411
f 762/762/762 273/273/273 272/272/272
f 762/762/762 272/272/272 543/543/543
f 784/784/784 788/788/788 767/767/767
f 784/784/784 767/767/767 766/766/766
f 592/592/592 267/267/267 269/269/269
f 592/592/592 269/269/269 599/599/599
f 760/760/760 789/789/789 297/297/297
f 760/760/760 297/297/297 761/761/761
f 787/787/787 294/294/294 297/297/297
f 787/787/787 297/297/297 789/789/789
f 574/574/574 306/306/306 305/305/305
f 574/574/574 305/305/305 385/385/385
f 520/520/520 519/519/519 790/790/790
f 520/520/520 790/790/790 791/791/791
f 461/461/461 474/474/474 473/473/473
f 461/461/461 473/473/473 462/462/462
f 468/468/468 792/792/792 485/485/485
f 468/468/468 485/485/485 379/379/379
f 446/446/446 793/793/793 794/794/794
f 446/446/446 794/794/794 447/447/447
f 437/437/437 440/440/440 455/455/455
f 437/437/437 455/455/455 454/454/454
f 579/579/579 578/578/578 795/795/795
f 579/579/579 795/795/795 796/796/796
f 797/797/797 798/798/798 439/439/439
f 797/797/797 439/439/439 438/438/438
f 435/435/435 442/442/442 441/441/441
f 435/435/435 441/441/441 436/436/436
f 445/445/445 448/448/448 665/665/665
f 445/445/445 665/665/665 664/664/664
f 792/792/792 478/478/478 477/477/477
f 792/792/792 477/477/477 485/485/485
f 667/667/667 666/666/666 799/799/799
f 667/667/667 799/799/799 800/800/800
f 800/800/800 799/799/799 801/801/801
f 800/800/800 801/801/801 802/802/802
f 428/428/428 427/427/427 434/434/434
f 428/428/428 434/434/434 433/433/433
f 432/432/432 431/431/431 795/795/795
f 432/432/432 795/795/795 578/578/578
f 579/579/579 796/796/796 794/794/794
f 579/579/579 794/794/794 793/793/793
f 466/466/466 465/465/465 423/423/423
f 466/466/466 423/423/423 426/426/426
f 476/476/476 475/475/475 471/471/471
f 476/476/476 471/471/471 472/472/472
f 802/802/802 801/801/801 798/798/798
f 802/802/802 798/798/798 797/797/797
f 520/520/520 791/791/791 430/430/430
f 520/520/520 430/430/430 429/429/429
f 534/534/534 533/533/533 562/562/562
f 534/534/534 562/562/562 541/541/541
f 6/6/6 66/66/66 12/12/12
f 6/6/6 12/12/12 41/41/41
f 526/526/526 510/510/510 513/513/513
f 526/526/526 513/513/513 803/803/803
f 514/514/514 804/804/804 773/773/773
f 514/514/514 773/773/773 515/515/515
f 490/490/490 489/489/489 582/582/582
f 490/490/490 582/582/582 805/805/805
f 806/806/806 805/805/805 582/582/582
f 806/806/806 582/582/582 583/583/583
f 807/807/807 806/806/806 583/583/583
f 807/807/807 583/583/583 575/575/575
f 493/493/493 436/436/436 441/441/441
f 493/493/493 441/441/441 499/499/499
f 564/564/564 563/563/563 580/580/580
f 564/564/564 580/580/580 808/808/808
f 517/517/517 516/516/516 488/488/488
f 517/517/517 488/488/488 487/487/487
f 512/512/512 511/511/511 581/581/581
f 512/512/512 581/581/581 573/573/573
f 493/493/493 499/499/499 498/498/498
f 493/493/493 498/498/498 494/494/494
f 564/564/564 808/808/808 773/773/773
f 564/564/564 773/773/773 804/804/804
f 506/506/506 809/809/809 576/576/576
f 506/506/506 576/576/576 507/507/507
f 483/483/483 505/505/505 504/504/504
f 483/483/483 504/504/504 484/484/484
f 531/531/531 530/530/530 579/579/579
f 531/531/531 579/579/579 793/793/793
f 529/529/529 567/567/567 577/577/577
f 529/529/529 577/577/577 530/530/530
f 809/809/809 807/807/807 575/575/575
f 809/809/809 575/575/575 576/576/576
f 502/502/502 526/526/526 803/803/803
f 502/502/502 803/803/803 503/503/503
f 569/569/569 521/521/521 585/585/585
f 569/569/569 585/585/585 570/570/570
f 481/481/481 509/509/509 508/508/508
f 481/481/481 508/508/508 482/482/482
f 385/385/385 305/305/305 327/327/327
f 385/385/385 327/327/327 386/386/386
f 210/210/210 347/347/347 553/553/553
f 210/210/210 553/553/553 346/346/346
f 759/759/759 246/246/246 280/280/280
f 759/759/759 280/280/280 765/765/765
f 130/130/130 544/544/544 810/810/810
f 130/130/130 810/810/810 131/131/131
f 272/272/272 275/275/275 810/810/810
f 272/272/272 810/810/810 544/544/544
f 266/266/266 265/265/265 216/216/216
f 266/266/266 216/216/216 213/213/213
f 761/761/761 811/811/811 274/274/274
f 761/761/761 274/274/274 273/273/273
f 297/297/297 296/296/296 811/811/811
f 297/297/297 811/811/811 761/761/761
f 121/121/121 122/122/122 276/276/276
f 121/121/121 276/276/276 335/335/335
f 129/129/129 279/279/279 278/278/278
f 129/129/129 278/278/278 270/270/270
f 145/145/145 144/144/144 788/788/788
f 145/145/145 788/788/788 784/784/784
f 541/541/541 562/562/562 732/732/732
f 541/541/541 732/732/732 542/542/542
f 142/142/142 556/556/556 555/555/555
f 142/142/142 555/555/555 143/143/143
f 770/770/770 542/542/542 732/732/732
f 770/770/770 732/732/732 812/812/812
f 86/86/86 568/568/568 554/554/554
f 86/86/86 554/554/554 87/87/87
f 95/95/95 94/94/94 725/725/725
f 95/95/95 725/725/725 726/726/726
f 785/785/785 784/784/784 766/766/766
f 785/785/785 766/766/766 786/786/786
f 730/730/730 315/315/315 318/318/318
f 730/730/730 318/318/318 596/596/596
f 291/291/291 540/540/540 584/584/584
f 291/291/291 584/584/584 569/569/569
f 481/481/481 484/484/484 387/387/387
f 481/481/481 387/387/387 386/386/386
f 812/812/812 732/732/732 419/419/419
f 812/812/812 419/419/419 422/422/422
f 292/292/292 570/570/570 566/566/566
f 292/292/292 566/566/566 333/333/333
f 275/275/275 806/806/806 807/807/807
f 275/275/275 807/807/807 810/810/810
f 131/131/131 810/810/810 807/807/807
f 131/131/131 807/807/807 809/809/809
f 501/501/501 503/503/503 113/113/113
f 501/501/501 113/113/113 547/547/547
f 497/497/497 534/534/534 541/541/541
f 497/497/497 541/541/541 299/299/299
f 503/503/503 803/803/803 114/114/114
f 503/503/503 114/114/114 113/113/113
f 788/788/788 144/144/144 564/564/564
f 788/788/788 564/564/564 804/804/804
f 788/788/788 804/804/804 514/514/514
f 788/788/788 514/514/514 767/767/767
f 295/295/295 767/767/767 514/514/514
f 295/295/295 514/514/514 517/517/517
f 295/295/295 517/517/517 487/487/487
f 295/295/295 487/487/487 296/296/296
f 296/296/296 487/487/487 490/490/490
f 296/296/296 490/490/490 811/811/811
f 811/811/811 490/490/490 805/805/805
f 811/811/811 805/805/805 274/274/274
f 274/274/274 805/805/805 806/806/806
f 274/274/274 806/806/806 275/275/275
f 803/803/803 513/513/513 550/550/550
f 803/803/803 550/550/550 114/114/114
f 498/498/498 501/501/501 547/547/547
f 498/498/498 547/547/547 546/546/546
f 132/132/132 131/131/131 809/809/809
f 132/132/132 809/809/809 506/506/506
f 327/327/327 132/132/132 506/506/506
f 327/327/327 506/506/506 509/509/509
f 327/327/327 509/509/509 481/481/481
f 327/327/327 481/481/481 386/386/386
f 482/482/482 426/426/426 425/425/425
f 482/482/482 425/425/425 483/483/483
f 581/581/581 462/462/462 473/473/473
f 581/581/581 473/473/473 523/523/523
f 576/576/576 453/453/453 463/463/463
f 576/576/576 463/463/463 507/507/507
f 531/531/531 793/793/793 446/446/446
f 531/531/531 446/446/446 580/580/580
f 566/566/566 586/586/586 577/577/577
f 566/566/566 577/577/577 567/567/567
f 469/469/469 378/378/378 377/377/377
f 469/469/469 377/377/377 496/496/496
f 577/577/577 586/586/586 432/432/432
f 577/577/577 432/432/432 578/578/578
f 580/580/580 446/446/446 445/445/445
f 580/580/580 445/445/445 808/808/808
f 508/508/508 507/507/507 463/463/463
f 508/508/508 463/463/463 466/466/466
f 460/460/460 459/459/459 511/511/511
f 460/460/460 511/511/511 510/510/510
f 773/773/773 808/808/808 445/445/445
f 773/773/773 445/445/445 664/664/664
f 489/489/489 488/488/488 802/802/802
f 489/489/489 802/802/802 797/797/797
f 155/155/155 154/154/154 352/352/352
f 155/155/155 352/352/352 349/349/349
f 521/521/521 520/520/520 429/429/429
f 521/521/521 429/429/429 585/585/585
f 575/575/575 583/583/583 437/437/437
f 575/575/575 437/437/437 454/454/454
f 582/582/582 489/489/489 797/797/797
f 582/582/582 797/797/797 438/438/438
f 586/586/586 585/585/585 429/429/429
f 586/586/586 429/429/429 432/432/432
f 516/516/516 800/800/800 802/802/802
f 516/516/516 802/802/802 488/488/488
f 482/482/482 508/508/508 466/466/466
f 482/482/482 466/466/466 426/426/426
f 515/515/515 667/667/667 800/800/800
f 515/515/515 800/800/800 516/516/516
f 111/111/111 123/123/123 771/771/771
f 111/111/111 771/771/771 724/724/724
f 813/813/813 336/336/336 128/128/128
f 813/813/813 128/128/128 814/814/814
f 621/621/621 815/815/815 320/320/320
f 621/621/621 320/320/320 622/622/622
f 815/815/815 603/603/603 107/107/107
f 815/815/815 107/107/107 320/320/320
f 620/620/620 284/284/284 559/559/559
f 620/620/620 559/559/559 616/616/616
f 816/816/816 413/413/413 408/408/408
f 816/816/816 408/408/408 817/817/817
f 128/128/128 124/124/124 818/818/818
f 128/128/128 818/818/818 814/814/814
f 615/615/615 335/335/335 336/336/336
f 615/615/615 336/336/336 813/813/813
f 124/124/124 127/127/127 819/819/819
f 124/124/124 819/819/819 818/818/818
f 820/820/820 120/120/120 121/121/121
f 820/820/820 121/121/121 614/614/614
f 821/821/821 394/394/394 588/588/588
f 821/821/821 588/588/588 587/587/587
f 821/821/821 822/822/822 391/391/391
f 821/821/821 391/391/391 394/394/394
f 823/823/823 729/729/729 728/728/728
f 823/823/823 728/728/728 824/824/824
f 127/127/127 139/139/139 613/613/613
f 127/127/127 613/613/613 819/819/819
f 624/624/624 633/633/633 825/825/825
f 624/624/624 825/825/825 625/625/625
f 598/598/598 817/817/817 408/408/408
f 598/598/598 408/408/408 410/410/410
f 619/619/619 96/96/96 102/102/102
f 619/619/619 102/102/102 602/602/602
f 826/826/826 731/731/731 413/413/413
f 826/826/826 413/413/413 816/816/816
f 824/824/824 728/728/728 731/731/731
f 824/824/824 731/731/731 826/826/826
f 827/827/827 117/117/117 120/120/120
f 827/827/827 120/120/120 820/820/820
f 609/609/609 608/608/608 729/729/729
f 609/609/609 729/729/729 823/823/823
f 712/712/712 713/713/713 628/628/628
f 712/712/712 628/628/628 627/627/627
f 693/693/693 688/688/688 687/687/687
f 693/693/693 687/687/687 694/694/694
f 828/828/828 829/829/829 715/715/715
f 828/828/828 715/715/715 623/623/623
f 626/626/626 625/625/625 668/668/668
f 626/626/626 668/668/668 652/652/652
f 830/830/830 831/831/831 832/832/832
f 830/830/830 832/832/832 833/833/833
f 834/834/834 835/835/835 751/751/751
f 834/834/834 751/751/751 754/754/754
f 836/836/836 369/369/369 372/372/372
f 836/836/836 372/372/372 658/658/658
f 837/837/837 660/660/660 659/659/659
f 837/837/837 659/659/659 778/778/778
f 625/625/625 825/825/825 669/669/669
f 625/625/625 669/669/669 668/668/668
f 656/656/656 836/836/836 658/658/658
f 656/656/656 658/658/658 657/657/657
f 838/838/838 663/663/663 660/660/660
f 838/838/838 660/660/660 837/837/837
f 655/655/655 657/657/657 663/663/663
f 655/655/655 663/663/663 706/706/706
f 839/839/839 840/840/840 835/835/835
f 839/839/839 835/835/835 834/834/834
f 841/841/841 842/842/842 703/703/703
f 841/841/841 703/703/703 843/843/843
f 692/692/692 691/691/691 840/840/840
f 692/692/692 840/840/840 839/839/839
f 707/707/707 706/706/706 663/663/663
f 707/707/707 663/663/663 838/838/838
f 718/718/718 844/844/844 686/686/686
f 718/718/718 686/686/686 688/688/688
f 685/685/685 650/650/650 653/653/653
f 685/685/685 653/653/653 680/680/680
f 701/701/701 845/845/845 719/719/719
f 701/701/701 719/719/719 702/702/702
f 374/374/374 842/842/842 841/841/841
f 374/374/374 841/841/841 375/375/375
f 846/846/846 828/828/828 623/623/623
f 846/846/846 623/623/623 626/626/626
f 675/675/675 674/674/674 677/677/677
f 675/675/675 677/677/677 676/676/676
f 648/648/648 655/655/655 706/706/706
f 648/648/648 706/706/706 704/704/704
f 847/847/847 848/848/848 690/690/690
f 847/847/847 690/690/690 689/689/689
f 832/832/832 849/849/849 850/850/850
f 832/832/832 850/850/850 833/833/833
f 775/775/775 851/851/851 852/852/852
f 775/775/775 852/852/852 776/776/776
f 850/850/850 849/849/849 848/848/848
f 850/850/850 848/848/848 847/847/847
f 845/845/845 646/646/646 649/649/649
f 845/845/845 649/649/649 719/719/719
f 853/853/853 843/843/843 854/854/854
f 853/853/853 854/854/854 855/855/855
f 844/844/844 681/681/681 684/684/684
f 844/844/844 684/684/684 686/686/686
f 855/855/855 854/854/854 643/643/643
f 855/855/855 643/643/643 642/642/642
f 702/702/702 719/719/719 643/643/643
f 702/702/702 643/643/643 854/854/854
f 856/856/856 841/841/841 843/843/843
f 856/856/856 843/843/843 853/853/853
f 703/703/703 702/702/702 854/854/854
f 703/703/703 854/854/854 843/843/843
f 661/661/661 634/634/634 637/637/637
f 661/661/661 637/637/637 662/662/662
f 651/651/651 846/846/846 626/626/626
f 651/651/651 626/626/626 652/652/652
f 635/635/635 737/737/737 736/736/736
f 635/635/635 736/736/736 636/636/636
f 851/851/851 831/831/831 830/830/830
f 851/851/851 830/830/830 852/852/852
f 649/649/649 648/648/648 704/704/704
f 649/649/649 704/704/704 644/644/644
f 857/857/857 700/700/700 703/703/703
f 857/857/857 703/703/703 842/842/842
f 687/687/687 714/714/714 708/708/708
f 687/687/687 708/708/708 694/694/694
f 858/858/858 857/857/857 842/842/842
f 858/858/858 842/842/842 374/374/374
f 722/722/722 375/375/375 841/841/841
f 722/722/722 841/841/841 856/856/856
f 684/684/684 683/683/683 675/675/675
f 684/684/684 675/675/675 676/676/676
f 373/373/373 859/859/859 858/858/858
f 373/373/373 858/858/858 374/374/374
f 205/205/205 204/204/204 193/193/193
f 205/205/205 193/193/193 192/192/192
