# Exportado por OBJ Viewer
mtllib modified2.mtl
v 6.645932 -0.102167 -10.838477
v 6.637750 -0.096345 -10.840373
v 6.622954 -0.095878 -10.836498
v 6.314030 0.279910 -11.529223
v 6.303964 0.257262 -11.520923
v 6.302614 0.232750 -11.531250
v 6.755174 -0.123834 -10.909924
v 6.744775 -0.118973 -10.899806
v 6.740597 -0.122182 -10.891047
v 6.440758 0.203542 -11.607965
v 6.456251 0.225065 -11.605491
v 6.451702 0.250803 -11.605678
v 6.632161 -0.100305 -10.828733
v 6.637752 -0.100217 -10.825342
v 6.642058 -0.099771 -10.822851
v 6.755763 -0.126439 -10.897372
v 6.756027 -0.123868 -10.886140
v 6.755899 -0.125198 -10.890954
v 6.322402 0.275641 -11.527047
v 6.331007 0.279598 -11.525990
v 6.331615 0.275108 -11.537136
v 6.314030 0.279910 -11.529223
v 6.306524 0.285228 -11.542768
v 6.327734 0.271633 -11.562780
v 6.309707 0.270265 -11.572534
v 6.293154 0.279217 -11.559111
v 6.281903 0.288425 -11.542618
v 6.276299 0.284956 -11.524195
v 6.294792 0.281898 -11.510681
v 6.314466 0.283481 -11.517220
v 6.308794 0.278741 -11.509596
v 6.567731 0.256847 -11.055577
v 6.576419 0.259771 -11.051408
v 6.576188 0.256271 -11.061785
v 6.559342 0.260915 -11.060406
v 6.553017 0.266798 -11.072618
v 6.571398 0.254815 -11.084960
v 6.556733 0.255998 -11.099948
v 6.538975 0.259983 -11.095089
v 6.529022 0.268097 -11.080537
v 6.528156 0.266502 -11.061646
v 6.543786 0.262600 -11.046324
v 6.560861 0.263460 -11.048633
v 6.555081 0.259490 -11.045082
v 6.435297 0.253185 -11.594712
v 6.446138 0.255255 -11.589927
v 6.448150 0.249054 -11.596878
v 6.451702 0.250803 -11.605678
v 6.445831 0.255773 -11.620131
v 6.415019 0.253179 -11.611251
v 6.415204 0.247958 -11.631120
v 6.436933 0.248819 -11.638956
v 6.458728 0.251038 -11.640812
v 6.475443 0.242850 -11.634787
v 6.476740 0.243429 -11.611724
v 6.462462 0.252189 -11.599406
v 6.469949 0.244669 -11.599092
v 6.702662 0.229529 -11.132019
v 6.712172 0.231067 -11.126820
v 6.711982 0.226348 -11.135684
v 6.713299 0.228364 -11.145903
v 6.708139 0.234001 -11.158762
v 6.685477 0.230694 -11.148310
v 6.680554 0.229819 -11.168709
v 6.694276 0.227147 -11.181334
v 6.713518 0.229088 -11.182991
v 6.728935 0.224052 -11.173147
v 6.732825 0.222630 -11.151301
v 6.723032 0.229149 -11.138690
v 6.727470 0.223043 -11.140816
v 6.750711 -0.043557 -10.764547
v 6.760900 -0.045315 -10.768428
v 6.758426 -0.032028 -10.777940
v 6.745934 -0.030684 -10.773135
v 6.747802 -0.011427 -10.804913
v 6.741272 -0.042717 -10.763215
v 6.729517 -0.010943 -10.795640
v 6.735471 0.005774 -10.833672
v 6.731486 -0.033255 -10.771375
v 6.715461 0.006873 -10.821980
v 6.708735 -0.020252 -10.790059
v 6.726318 0.019395 -10.855338
v 6.696532 0.001043 -10.812213
v 6.705187 0.020123 -10.844328
v 6.698639 0.031793 -10.866274
v 6.717528 0.030772 -10.875495
v 6.702498 0.040375 -10.906215
v 6.686045 0.041029 -10.898005
v 6.683799 0.049296 -10.943330
v 6.680033 0.011364 -10.834866
v 6.668015 0.049586 -10.935236
v 6.666034 -0.005345 -10.825060
v 6.622237 0.058265 -11.024699
v 6.636618 0.058419 -11.031718
v 6.603554 0.070627 -11.059811
v 6.619683 0.067994 -11.065860
v 6.586243 0.080614 -11.098018
v 6.600632 0.077518 -11.103793
v 6.577438 0.086864 -11.149115
v 6.557590 0.090005 -11.142962
v 6.567377 0.086340 -11.096573
v 6.524642 0.100266 -11.150572
v 6.545558 0.106056 -11.103597
v 6.514682 0.121111 -11.143933
v 6.529989 0.140902 -11.118371
v 6.512650 0.148110 -11.133648
v 6.534200 0.169929 -11.115326
v 6.517663 0.167084 -11.127504
v 6.523103 0.179107 -11.122372
v 6.542085 0.189327 -11.108825
v 6.531426 0.195284 -11.118284
v 6.536870 0.208381 -11.120069
v 6.546199 0.212196 -11.109459
v 6.553833 0.212072 -11.095357
v 6.556466 0.224721 -11.096980
v 6.557284 0.243464 -11.104324
v 6.571398 0.254815 -11.084960
v 6.562925 0.228397 -11.078953
v 6.576188 0.256271 -11.061785
v 6.560450 0.238723 -11.064400
v 6.576419 0.259771 -11.051408
v 6.567731 0.256847 -11.055577
v 6.559342 0.260915 -11.060406
v 6.556986 0.213110 -11.079576
v 6.547567 0.192845 -11.089838
v 6.547728 0.221121 -11.065816
v 6.549302 0.242259 -11.057478
v 6.560861 0.263460 -11.048633
v 6.555081 0.259490 -11.045082
v 6.543786 0.262600 -11.046324
v 6.531944 0.235176 -11.058266
v 6.534523 0.219082 -11.060295
v 6.518391 0.243736 -11.067906
v 6.528156 0.266502 -11.061646
v 6.518400 0.258971 -11.074800
v 6.529022 0.268097 -11.080537
v 6.522675 0.267330 -11.083881
v 6.538975 0.259983 -11.095089
v 6.516778 0.267775 -11.084789
v 6.521294 0.261218 -11.097152
v 6.512529 0.261594 -11.091725
v 6.521692 0.222474 -11.109715
v 6.512279 0.258366 -11.083686
v 6.510627 0.235529 -11.082924
v 6.512461 0.242684 -11.096298
v 6.505216 0.216304 -11.097132
v 6.510212 0.217005 -11.070464
v 6.518475 0.197306 -11.070674
v 6.500927 0.197983 -11.086452
v 6.512166 0.172220 -11.076778
v 6.494929 0.174410 -11.092175
v 6.500007 0.191030 -11.107870
v 6.492485 0.171783 -11.114756
v 6.502808 0.168356 -11.126523
v 6.510222 0.186081 -11.118686
v 6.517663 0.167084 -11.127504
v 6.523103 0.179107 -11.122372
v 6.531426 0.195284 -11.118284
v 6.531387 0.216287 -11.120858
v 6.532745 0.205726 -11.121388
v 6.536870 0.208381 -11.120069
v 6.536791 0.222860 -11.122444
v 6.546199 0.212196 -11.109459
v 6.540001 0.233325 -11.114141
v 6.556466 0.224721 -11.096980
v 6.556733 0.255998 -11.099948
v 6.557284 0.243464 -11.104324
v 6.571398 0.254815 -11.084960
v 6.495138 0.148393 -11.135218
v 6.512650 0.148110 -11.133648
v 6.484304 0.147645 -11.119941
v 6.485981 0.116471 -11.146063
v 6.514682 0.121111 -11.143933
v 6.524642 0.100266 -11.150572
v 6.473209 0.092881 -11.155033
v 6.465019 0.109872 -11.126953
v 6.482458 0.082988 -11.167431
v 6.518066 0.091442 -11.168266
v 6.557590 0.090005 -11.142962
v 6.577438 0.086864 -11.149115
v 6.555580 0.095528 -11.191775
v 6.534261 0.097231 -11.184092
v 6.466725 0.115512 -11.302701
v 6.490370 0.112059 -11.315496
v 6.442650 0.104054 -11.398377
v 6.419852 0.108242 -11.385891
v 6.483919 0.146842 -11.093444
v 6.387967 0.114991 -11.446671
v 6.410514 0.111562 -11.459106
v 6.391053 0.106104 -11.370808
v 6.438119 0.113933 -11.287794
v 6.472396 0.088981 -11.184685
v 6.506172 0.096084 -11.189284
v 6.402284 0.105972 -11.269528
v 6.347928 0.099268 -11.342536
v 6.361028 0.113175 -11.432131
v 6.367691 0.118549 -11.483607
v 6.390342 0.115272 -11.496888
v 6.360259 0.119212 -11.552513
v 6.343935 0.122120 -11.527348
v 6.324111 0.120287 -11.504951
v 6.334715 0.114860 -11.465451
v 6.300817 0.096036 -11.463567
v 6.290841 0.105616 -11.473351
v 6.317629 0.123412 -11.524676
v 6.293521 0.132183 -11.499234
v 6.315564 0.136296 -11.534718
v 6.294633 0.158059 -11.527282
v 6.258999 0.159641 -11.521895
v 6.444665 0.072333 -11.175002
v 6.253644 0.133093 -11.503229
v 6.444927 0.070979 -11.157850
v 6.443876 0.078583 -11.145500
v 6.442581 0.083216 -11.123464
v 6.416551 0.041065 -11.150525
v 6.420143 0.054193 -11.128061
v 6.447690 0.077167 -11.084902
v 6.468506 0.110297 -11.089567
v 6.312014 0.101476 -11.436617
v 6.490077 0.107853 -11.063703
v 6.324976 0.100654 -11.414558
v 6.311343 0.076131 -11.330564
v 6.370144 0.091828 -11.252887
v 6.347708 0.068595 -11.239622
v 6.410955 0.041148 -11.166922
v 6.398965 -0.008377 -11.135598
v 6.402592 -0.004594 -11.113102
v 6.422594 0.049307 -11.092913
v 6.479775 0.075189 -11.047052
v 6.292200 0.073603 -11.401229
v 6.285677 0.074876 -11.427188
v 6.264567 0.036273 -11.391999
v 6.264973 0.071969 -11.429263
v 6.242306 0.099909 -11.481295
v 6.215540 0.061791 -11.472596
v 6.209963 0.097228 -11.562387
v 6.196759 0.020535 -11.454300
v 6.230530 0.127570 -11.554752
v 6.245343 0.029031 -11.401806
v 6.228785 -0.025553 -11.394232
v 6.240548 -0.025373 -11.380513
v 6.227876 -0.079845 -11.392025
v 6.287781 0.038790 -11.317719
v 6.265665 -0.030617 -11.308886
v 6.328153 0.030420 -11.227969
v 6.387172 -0.003912 -11.155569
v 6.392899 -0.058104 -11.122628
v 6.376333 -0.057104 -11.147171
v 6.400315 -0.057999 -11.100899
v 6.401656 -0.106090 -11.102673
v 6.411347 -0.002546 -11.082616
v 6.455904 0.045187 -11.036501
v 6.448269 -0.007551 -11.016307
v 6.521612 -0.029577 -10.956454
v 6.491974 0.042039 -11.006618
v 6.530242 0.056126 -11.014286
v 6.518097 0.078191 -11.040752
v 6.517282 0.099362 -11.058251
v 6.541945 0.071856 -11.049160
v 6.534706 0.087710 -11.061546
v 6.529778 0.134082 -11.076071
v 6.502748 0.143750 -11.076211
v 6.304355 -0.035390 -11.217157
v 6.298704 -0.113971 -11.219295
v 6.259323 -0.107851 -11.307906
v 6.246954 -0.157914 -11.410016
v 6.324308 -0.188366 -11.239376
v 6.285145 -0.183413 -11.321217
v 6.283713 -0.202825 -11.433592
v 6.532732 0.168680 -11.076615
v 6.541725 0.141788 -11.095491
v 6.537472 0.192351 -11.073771
v 6.545610 0.167805 -11.093132
v 6.547670 0.096344 -11.074175
v 6.571323 0.076731 -11.058526
v 6.555824 0.050557 -11.027441
v 6.540729 0.020222 -10.982134
v 6.571830 0.034755 -10.995392
v 6.591679 0.054359 -11.014549
v 6.645650 0.040084 -10.927381
v 6.665926 0.035123 -10.891328
v 6.623037 0.025020 -10.922993
v 6.676377 0.025864 -10.860479
v 6.642340 0.021316 -10.891341
v 6.652550 0.013114 -10.863278
v 6.629362 -0.004702 -10.868134
v 6.649164 -0.022635 -10.825912
v 6.681464 -0.011919 -10.808859
v 6.664186 -0.030879 -10.812553
v 6.691041 -0.027349 -10.796717
v 6.701347 -0.039349 -10.787584
v 6.676561 -0.038309 -10.802676
v 6.721176 -0.040800 -10.772896
v 6.733099 -0.045413 -10.767031
v 6.721565 -0.047930 -10.775726
v 6.708355 -0.050436 -10.789172
v 6.702452 -0.050045 -10.793528
v 6.686874 -0.048966 -10.793777
v 6.697623 -0.049162 -10.782896
v 6.705788 -0.049682 -10.787835
v 6.724074 -0.043594 -10.754789
v 6.728481 -0.041921 -10.762903
v 6.738179 -0.039920 -10.758027
v 6.734095 -0.042877 -10.749907
v 6.750459 -0.038802 -10.757730
v 6.729915 -0.062539 -10.740554
v 6.748733 -0.043304 -10.750752
v 6.766593 -0.047338 -10.757404
v 6.764968 -0.040619 -10.762886
v 6.753122 -0.055661 -10.749573
v 6.749330 -0.076410 -10.747616
v 6.761074 -0.082583 -10.753925
v 6.758304 -0.108758 -10.748946
v 6.745173 -0.065902 -10.746745
v 6.743159 -0.093378 -10.742214
v 6.738610 -0.065378 -10.743572
v 6.733442 -0.088737 -10.740000
v 6.724295 -0.060895 -10.748332
v 6.728705 -0.083179 -10.748827
v 6.702004 -0.066850 -10.781646
v 6.712386 -0.088622 -10.782433
v 6.690153 -0.073172 -10.796637
v 6.671439 -0.061149 -10.802938
v 6.663690 -0.051747 -10.806833
v 6.650270 -0.047514 -10.816890
v 6.634985 -0.041938 -10.831121
v 6.607753 -0.026787 -10.869320
v 6.591797 -0.059843 -10.869301
v 6.598379 -0.016232 -10.889511
v 6.619093 0.003395 -10.891034
v 6.599458 -0.000655 -10.913823
v 6.572540 -0.034533 -10.912948
v 6.576236 -0.055917 -10.891242
v 6.555753 -0.070821 -10.908985
v 6.512138 -0.080781 -10.950563
v 6.447017 -0.070113 -10.999564
v 6.412507 -0.061625 -11.070259
v 6.418387 -0.118415 -11.061433
v 6.456322 -0.127321 -10.996195
v 6.439184 -0.181050 -11.060896
v 6.559367 -0.121076 -10.903586
v 6.510082 -0.129109 -10.951411
v 6.515666 -0.175151 -10.959211
v 6.377929 -0.113049 -11.140359
v 6.400097 -0.182132 -11.140263
v 6.473539 -0.231855 -11.076417
v 6.432775 -0.227695 -11.153179
v 6.369978 -0.232769 -11.268222
v 6.331694 -0.227559 -11.345084
v 6.361213 -0.238463 -11.361739
v 6.400867 -0.243410 -11.286192
v 6.457470 -0.243762 -11.167299
v 6.446125 -0.252981 -11.311326
v 6.516545 -0.256252 -11.200104
v 6.498686 -0.245207 -11.092175
v 6.478966 -0.255814 -11.328748
v 6.558062 -0.257760 -11.125124
v 6.544961 -0.251414 -11.215481
v 6.587181 -0.255881 -11.139526
v 6.585429 -0.221318 -11.243181
v 6.538359 -0.233623 -11.358243
v 6.590333 -0.175631 -11.381244
v 6.471050 -0.174940 -11.001150
v 6.507729 -0.222054 -11.019865
v 6.535227 -0.207411 -10.975302
v 6.571644 -0.173961 -10.907495
v 6.582631 -0.177654 -10.878997
v 6.601255 -0.199330 -10.882156
v 6.583567 -0.139542 -10.869720
v 6.575018 -0.104704 -10.882877
v 6.592104 -0.099127 -10.867209
v 6.625327 -0.065405 -10.833998
v 6.642217 -0.067038 -10.819037
v 6.622883 -0.093916 -10.834631
v 6.602277 -0.131771 -10.849751
v 6.658195 -0.066344 -10.808776
v 6.675866 -0.080269 -10.805800
v 6.640541 -0.093213 -10.822058
v 6.658441 -0.084751 -10.813329
v 6.657657 -0.096751 -10.819914
v 6.700265 -0.093551 -10.799237
v 6.681293 -0.098148 -10.812651
v 6.724167 -0.103483 -10.784435
v 6.735125 -0.097946 -10.759328
v 6.741945 -0.105368 -10.746833
v 6.746614 -0.106913 -10.743325
v 6.768922 -0.111071 -10.761812
v 6.769081 -0.111663 -10.755803
v 6.783791 -0.099383 -10.767962
v 6.538337 -0.166844 -11.462852
v 6.775877 -0.100295 -10.760385
v 6.785686 -0.075332 -10.769718
v 6.779781 -0.073218 -10.765964
v 6.773794 -0.081583 -10.761205
v 6.761074 -0.082583 -10.753925
v 6.766593 -0.047338 -10.757404
v 6.776861 -0.060680 -10.762755
v 6.781850 -0.050306 -10.769144
v 6.776706 -0.044352 -10.772307
v 6.764968 -0.040619 -10.762886
v 6.789680 -0.054629 -10.780773
v 6.781986 -0.049183 -10.782351
v 6.790234 -0.057604 -10.791531
v 6.781994 -0.053236 -10.792621
v 6.769953 -0.063250 -10.823468
v 6.778072 -0.066171 -10.827575
v 6.766761 -0.063641 -10.829239
v 6.790023 -0.074793 -10.784834
v 6.793208 -0.075920 -10.775704
v 6.780546 -0.094140 -10.777617
v 6.764244 -0.104103 -10.775497
v 6.747141 -0.108340 -10.797195
v 6.759063 -0.098492 -10.808354
v 6.713018 -0.107249 -10.801573
v 6.737211 -0.112364 -10.815009
v 6.697774 -0.110431 -10.814037
v 6.675643 -0.114755 -10.820532
v 6.665427 -0.106382 -10.819442
v 6.651042 -0.108123 -10.820061
v 6.662811 -0.122433 -10.827119
v 6.645185 -0.095396 -10.837127
v 6.637403 -0.116175 -10.823479
v 6.771476 -0.081538 -10.820224
v 6.774342 -0.067460 -10.842350
v 6.762861 -0.088545 -10.837012
v 6.775510 -0.055030 -10.828772
v 6.767393 -0.062918 -10.821959
v 6.777634 -0.052737 -10.804247
v 6.772896 -0.058782 -10.804232
v 6.775306 -0.054336 -10.790469
v 6.775371 -0.049926 -10.782153
v 6.776311 -0.042734 -10.796266
v 6.768782 -0.035515 -10.785823
v 6.769505 -0.047531 -10.774983
v 6.758426 -0.032028 -10.777940
v 6.760900 -0.045315 -10.768428
v 6.747802 -0.011427 -10.804913
v 6.770395 -0.082072 -10.857891
v 6.775297 -0.059184 -10.857508
v 6.776690 -0.045459 -10.844281
v 6.775917 -0.034456 -10.827368
v 6.764308 -0.018299 -10.814960
v 6.735471 0.005774 -10.833672
v 6.770312 -0.014556 -10.853184
v 6.754957 -0.001478 -10.843915
v 6.726318 0.019395 -10.855338
v 6.745685 0.011561 -10.866819
v 6.734448 0.024221 -10.886161
v 6.717528 0.030772 -10.875495
v 6.702498 0.040375 -10.906215
v 6.717309 0.034418 -10.915367
v 6.683799 0.049296 -10.943330
v 6.747994 0.010722 -10.900251
v 6.762738 -0.006121 -10.880795
v 6.772259 -0.027804 -10.884049
v 6.776128 -0.031934 -10.861426
v 6.775429 -0.054399 -10.874329
v 6.773841 -0.075037 -10.868003
v 6.773326 -0.073533 -10.885226
v 6.770309 -0.090049 -10.871037
v 6.770692 -0.070630 -10.906483
v 6.759952 -0.098048 -10.852497
v 6.760704 -0.106373 -10.870116
v 6.759454 -0.118354 -10.888092
v 6.774221 -0.049076 -10.895359
v 6.769307 -0.093909 -10.889616
v 6.757353 -0.122347 -10.909307
v 6.765615 -0.095066 -10.911904
v 6.752702 -0.094061 -10.957507
v 6.745059 -0.129905 -10.949472
v 6.756045 -0.059378 -10.951053
v 6.754637 -0.031990 -10.937352
v 6.753104 -0.008146 -10.919119
v 6.737513 0.001193 -10.944196
v 6.730564 0.021457 -10.927223
v 6.698044 0.043236 -10.951913
v 6.649209 0.052563 -11.039678
v 6.636618 0.058419 -11.031718
v 6.633184 0.064362 -11.076263
v 6.619683 0.067994 -11.065860
v 6.613217 0.074910 -11.112998
v 6.600632 0.077518 -11.103793
v 6.592961 0.082527 -11.162606
v 6.577438 0.086864 -11.149115
v 6.625215 0.074111 -11.128692
v 6.605675 0.083134 -11.195572
v 6.636042 0.086925 -11.153845
v 6.622398 0.098336 -11.203753
v 6.656148 0.073410 -11.134416
v 6.743300 -0.024662 -10.959804
v 6.746442 -0.049986 -10.971654
v 6.743391 -0.091798 -10.983684
v 6.737270 -0.137403 -10.971098
v 6.735538 -0.071342 -11.003886
v 6.733709 -0.109163 -11.006684
v 6.722631 -0.155595 -10.994251
v 6.733088 -0.171156 -10.952755
v 6.742965 -0.161518 -10.927878
v 6.739945 -0.186131 -10.919872
v 6.743491 -0.190497 -10.933215
v 6.714013 -0.205431 -10.951958
v 6.734149 -0.170754 -10.898162
v 6.710817 -0.194329 -10.885098
v 6.735600 -0.206154 -10.913870
v 6.733199 -0.030891 -10.988111
v 6.721920 0.004113 -10.977906
v 6.690015 0.009766 -11.061025
v 6.712214 0.026009 -10.964345
v 6.670930 0.037602 -11.058559
v 6.651554 0.059767 -11.103082
v 6.676300 0.025085 -11.094344
v 6.711227 -0.015827 -11.076818
v 6.719244 -0.124570 -11.065578
v 6.697028 -0.200471 -10.977124
v 6.704428 -0.170200 -11.059338
v 6.680967 -0.210100 -11.051006
v 6.695738 -0.219307 -10.934625
v 6.673657 -0.215675 -10.956905
v 6.648324 -0.231323 -11.038108
v 6.654982 -0.215682 -10.944427
v 6.686949 -0.217050 -10.906007
v 6.619818 -0.240193 -11.019542
v 6.613830 -0.206982 -10.921574
v 6.620317 -0.245859 -11.082388
v 6.667941 -0.216568 -11.110489
v 6.693929 -0.177559 -11.128145
v 6.713490 -0.126454 -11.147546
v 6.718703 -0.064730 -11.166487
v 6.725883 -0.072766 -11.069893
v 6.721256 -0.006438 -11.133945
v 6.701067 0.020008 -11.109151
v 6.671765 0.044409 -11.121253
v 6.692049 0.041413 -11.137352
v 6.670014 0.059101 -11.136687
v 6.704259 0.027727 -11.171716
v 6.695877 0.064341 -11.177985
v 6.684690 0.063967 -11.151217
v 6.674938 0.103391 -11.156683
v 6.655694 0.117691 -11.158782
v 6.642248 0.117166 -11.180713
v 6.640251 0.121130 -11.204508
v 6.651805 0.145065 -11.180634
v 6.648826 0.139352 -11.200342
v 6.654194 0.151389 -11.195170
v 6.659432 0.164517 -11.173992
v 6.658629 0.168390 -11.188922
v 6.664094 0.187269 -11.174931
v 6.658655 0.182632 -11.187698
v 6.714960 -0.009586 -11.180361
v 6.685866 -0.006356 -11.239115
v 6.689150 0.026115 -11.218990
v 6.685719 0.064371 -11.210193
v 6.686591 0.103990 -11.205994
v 6.656568 0.069373 -11.233325
v 6.671982 0.187092 -11.160968
v 6.673344 0.200008 -11.161885
v 6.685477 0.230694 -11.148310
v 6.672781 0.219044 -11.168462
v 6.686201 0.202333 -11.147411
v 6.702662 0.229529 -11.132019
v 6.683751 0.186308 -11.149975
v 6.673497 0.166220 -11.159769
v 6.690769 0.103996 -11.180623
v 6.690983 0.132957 -11.201051
v 6.694696 0.133628 -11.178144
v 6.683891 0.136720 -11.160559
v 6.704532 0.157967 -11.173998
v 6.691359 0.159814 -11.159226
v 6.701977 0.188508 -11.151475
v 6.702557 0.208677 -11.143315
v 6.712172 0.231067 -11.126820
v 6.711982 0.226348 -11.135684
v 6.713299 0.228364 -11.145903
v 6.723032 0.229149 -11.138690
v 6.714674 0.207295 -11.149315
v 6.727470 0.223043 -11.140816
v 6.732825 0.222630 -11.151301
v 6.663906 0.142794 -11.158825
v 6.720109 0.195391 -11.162763
v 6.712183 0.181520 -11.158956
v 6.714809 0.173747 -11.184083
v 6.700180 0.155855 -11.197104
v 6.680867 0.152791 -11.208308
v 6.664909 0.109459 -11.220236
v 6.672799 0.133659 -11.214890
v 6.647424 0.116195 -11.219788
v 6.657131 0.135726 -11.212225
v 6.648826 0.139352 -11.200342
v 6.665561 0.153236 -11.204950
v 6.654194 0.151389 -11.195170
v 6.640251 0.121130 -11.204508
v 6.632923 0.085403 -11.227664
v 6.622398 0.098336 -11.203753
v 6.605675 0.083134 -11.195572
v 6.624294 0.060939 -11.238935
v 6.661829 0.036860 -11.245217
v 6.641675 0.036761 -11.255343
v 6.659712 0.003541 -11.261103
v 6.662011 -0.059443 -11.257165
v 6.683491 -0.060086 -11.233746
v 6.674617 -0.117043 -11.215816
v 6.656425 -0.112149 -11.243125
v 6.661300 -0.169776 -11.196330
v 6.639300 -0.156336 -11.234642
v 6.632223 -0.221865 -11.168096
v 6.617537 -0.163709 -11.273418
v 6.613941 -0.100847 -11.389081
v 6.630191 -0.110777 -11.288146
v 6.642104 -0.110794 -11.261018
v 6.634740 -0.056257 -11.293050
v 6.644098 -0.060206 -11.271728
v 6.638889 -0.005944 -11.273996
v 6.628658 0.032132 -11.259881
v 6.628132 -0.004769 -11.287526
v 6.614257 -0.030072 -11.386851
v 6.607272 0.013715 -11.383767
v 6.552367 0.025171 -11.464411
v 6.678813 0.189253 -11.196970
v 6.658629 0.168390 -11.188922
v 6.695092 0.176159 -11.202575
v 6.615128 0.036291 -11.269666
v 6.592920 0.044727 -11.376600
v 6.599125 0.062187 -11.255062
v 6.532279 0.060290 -11.444909
v 6.606606 0.056739 -11.236373
v 6.591537 0.075908 -11.209068
v 6.592961 0.082527 -11.162606
v 6.555580 0.095528 -11.191775
v 6.577438 0.086864 -11.149115
v 6.572614 0.089124 -11.205389
v 6.581422 0.080174 -11.231075
v 6.538674 0.092673 -11.343636
v 6.568313 0.070868 -11.361727
v 6.490590 0.085058 -11.426085
v 6.456820 0.092922 -11.485328
v 6.710172 0.193339 -11.193737
v 6.700556 0.202915 -11.200749
v 6.513258 0.105673 -11.328543
v 6.490370 0.112059 -11.315496
v 6.442650 0.104054 -11.398377
v 6.465110 0.098673 -11.411024
v 6.432591 0.105556 -11.471451
v 6.410514 0.111562 -11.459106
v 6.413060 0.108956 -11.508803
v 6.390342 0.115272 -11.496888
v 6.360259 0.119212 -11.552513
v 6.389632 0.112458 -11.552724
v 6.416921 0.100666 -11.556489
v 6.442576 0.092054 -11.525351
v 6.484566 0.066911 -11.503184
v 6.472914 0.067457 -11.525970
v 6.502724 0.029092 -11.518139
v 6.511845 -0.016008 -11.529321
v 6.484931 0.032747 -11.537840
v 6.454448 0.063553 -11.548882
v 6.454178 0.071082 -11.564055
v 6.404805 0.104980 -11.573088
v 6.492219 0.023921 -11.555459
v 6.721354 0.200824 -11.180616
v 6.728935 0.224052 -11.173147
v 6.720453 0.216251 -11.187005
v 6.713518 0.229088 -11.182991
v 6.713566 0.226970 -11.189890
v 6.694276 0.227147 -11.181334
v 6.715779 0.225700 -11.195300
v 6.701426 0.223133 -11.197182
v 6.710186 0.219804 -11.201488
v 6.715895 0.215314 -11.196761
v 6.663096 0.188441 -11.193999
v 6.658712 0.179092 -11.191341
v 6.658655 0.182632 -11.187698
v 6.661265 0.196542 -11.191567
v 6.664094 0.187269 -11.174931
v 6.669818 0.205879 -11.186233
v 6.673344 0.200008 -11.161885
v 6.680554 0.229819 -11.168709
v 6.672781 0.219044 -11.168462
v 6.685477 0.230694 -11.148310
v 6.510725 -0.027080 -11.549179
v 6.507798 -0.084544 -11.549177
v 6.488208 -0.041086 -11.616151
v 6.477104 0.006488 -11.617850
v 6.485749 -0.092631 -11.614899
v 6.430757 -0.039676 -11.692060
v 6.493075 -0.135916 -11.539299
v 6.428428 -0.084418 -11.693169
v 6.465199 -0.140379 -11.612689
v 6.417770 -0.119994 -11.688009
v 6.444790 -0.199743 -11.519882
v 6.418648 -0.179772 -11.611939
v 6.385425 -0.145474 -11.676455
v 6.333147 -0.158057 -11.671464
v 6.345287 -0.124320 -11.703769
v 6.352160 -0.089194 -11.724698
v 6.359304 -0.060250 -11.731045
v 6.294503 -0.037247 -11.717650
v 6.513492 -0.083081 -11.532086
v 6.562505 -0.019294 -11.470283
v 6.558638 -0.092560 -11.471581
v 6.491452 -0.227032 -11.435785
v 6.393829 -0.226107 -11.494741
v 6.435811 -0.249573 -11.402903
v 6.404618 -0.247640 -11.385844
v 6.288651 -0.071055 -11.715006
v 6.291954 -0.113650 -11.691247
v 6.367263 -0.022058 -11.728200
v 6.427550 0.005842 -11.686377
v 6.302608 0.000670 -11.711377
v 6.417141 0.053423 -11.677440
v 6.382163 0.018847 -11.711273
v 6.469079 0.051962 -11.607226
v 6.261245 -0.062310 -11.698108
v 6.267895 -0.028155 -11.698784
v 6.251559 -0.050021 -11.683867
v 6.258016 -0.025273 -11.681619
v 6.246991 -0.055095 -11.690118
v 6.279329 0.008855 -11.691310
v 6.269207 0.006660 -11.673714
v 6.289201 0.047717 -11.653074
v 6.305390 0.057244 -11.668652
v 6.324627 0.043064 -11.694289
v 6.317757 0.087675 -11.616911
v 6.371680 0.077773 -11.669279
v 6.333170 0.081759 -11.624461
v 6.352306 0.106331 -11.590543
v 6.339735 0.112831 -11.587002
v 6.360259 0.119212 -11.552513
v 6.389632 0.112458 -11.552724
v 6.416921 0.100666 -11.556489
v 6.404805 0.104980 -11.573088
v 6.371846 0.103499 -11.591526
v 6.401577 0.118110 -11.582479
v 6.380250 0.118364 -11.604993
v 6.424488 0.130604 -11.599395
v 6.398643 0.140231 -11.607967
v 6.254246 -0.066393 -11.697684
v 6.248798 -0.052349 -11.707176
v 6.244176 -0.039058 -11.701293
v 6.248948 -0.015573 -11.715636
v 6.245791 -0.016118 -11.707117
v 6.247077 0.014718 -11.716542
v 6.348256 0.084749 -11.634794
v 6.369895 0.097692 -11.633396
v 6.386966 0.134316 -11.628073
v 6.403233 0.154485 -11.626568
v 6.407747 0.156893 -11.613152
v 6.410538 0.182863 -11.624349
v 6.413537 0.177381 -11.611944
v 6.416667 0.201029 -11.609377
v 6.407590 0.202643 -11.617392
v 6.417387 0.220725 -11.608450
v 6.438747 0.227363 -11.602319
v 6.435297 0.253185 -11.594712
v 6.415019 0.253179 -11.611251
v 6.404997 0.217116 -11.620393
v 6.402573 0.236529 -11.626612
v 6.415204 0.247958 -11.631120
v 6.403154 0.225050 -11.639801
v 6.436933 0.248819 -11.638956
v 6.404823 0.206246 -11.631141
v 6.404205 0.211482 -11.640448
v 6.407824 0.198519 -11.637500
v 6.407117 0.179415 -11.640623
v 6.405602 0.195345 -11.640869
v 6.407680 0.203224 -11.641808
v 6.424592 0.207612 -11.646686
v 6.447858 0.246896 -11.654335
v 6.460740 0.250539 -11.646563
v 6.458728 0.251038 -11.640812
v 6.468504 0.236137 -11.643532
v 6.464460 0.250125 -11.652154
v 6.475443 0.242850 -11.634787
v 6.464820 0.236973 -11.651367
v 6.458245 0.243088 -11.658852
v 6.457008 0.208024 -11.644584
v 6.398496 0.153799 -11.641922
v 6.406343 0.153913 -11.650997
v 6.389394 0.134377 -11.648171
v 6.377713 0.116655 -11.652357
v 6.447799 0.220634 -11.652237
v 6.444828 0.192258 -11.645634
v 6.391061 0.097213 -11.663527
v 6.423059 0.086863 -11.661670
v 6.391891 0.114003 -11.669132
v 6.422842 0.111824 -11.662880
v 6.398206 0.132908 -11.660665
v 6.423200 0.133475 -11.657546
v 6.424747 0.159922 -11.651456
v 6.442429 0.142541 -11.632087
v 6.445158 0.165611 -11.642997
v 6.446440 0.120012 -11.625986
v 6.454956 0.190059 -11.637762
v 6.454867 0.194004 -11.618875
v 6.445681 0.165330 -11.627023
v 6.430584 0.171811 -11.611811
v 6.425671 0.151503 -11.613947
v 6.456026 0.090303 -11.615617
v 6.439955 0.101223 -11.580551
v 6.424488 0.130604 -11.599395
v 6.401577 0.118110 -11.582479
v 6.398643 0.140231 -11.607967
v 6.407747 0.156893 -11.613152
v 6.413537 0.177381 -11.611944
v 6.416667 0.201029 -11.609377
v 6.438747 0.227363 -11.602319
v 6.417387 0.220725 -11.608450
v 6.446138 0.255255 -11.589927
v 6.435297 0.253185 -11.594712
v 6.448150 0.249054 -11.596878
v 6.462462 0.252189 -11.599406
v 6.469949 0.244669 -11.599092
v 6.476740 0.243429 -11.611724
v 6.464447 0.214817 -11.616366
v 6.463785 0.210622 -11.638906
v 6.749514 -0.103965 -10.826611
v 6.746147 -0.111861 -10.848665
v 6.733273 -0.117936 -10.833751
v 6.690238 -0.120154 -10.823994
v 6.725679 -0.127670 -10.843677
v 6.737191 -0.127768 -10.854710
v 6.681025 -0.132305 -10.831485
v 6.651639 -0.136014 -10.833029
v 6.745587 -0.123330 -10.863955
v 6.751648 -0.117355 -10.871301
v 6.746741 -0.115890 -10.886056
v 6.751413 -0.129345 -10.875800
v 6.752609 -0.140532 -10.887455
v 6.735518 -0.137804 -10.867495
v 6.720283 -0.140626 -10.853286
v 6.668910 -0.151078 -10.838712
v 6.714504 -0.160739 -10.864007
v 6.731762 -0.152954 -10.877524
v 6.642712 -0.179908 -10.847277
v 6.629656 -0.204936 -10.874190
v 6.561324 -0.227826 -10.987059
v 6.594660 -0.198973 -10.913035
v 6.532295 -0.236234 -11.034936
v 6.591771 -0.248809 -11.067964
v 6.182851 -0.028588 -11.446692
v 6.179568 -0.079986 -11.454071
v 6.148578 -0.025248 -11.537761
v 6.146792 -0.062701 -11.537526
v 6.190129 -0.131457 -11.485037
v 6.163776 -0.098611 -11.553369
v 6.188932 -0.127566 -11.591377
v 6.167155 -0.086658 -11.604848
v 6.216203 -0.171665 -11.530842
v 6.252041 -0.182637 -11.565630
v 6.227916 -0.139864 -11.620931
v 6.310804 -0.218321 -11.458319
v 6.355738 -0.227821 -11.483272
v 6.306901 -0.194236 -11.596093
v 6.356018 -0.201227 -11.608486
v 6.286410 -0.152232 -11.653412
v 6.267555 -0.121298 -11.670842
v 6.206269 -0.095534 -11.643664
v 6.232292 -0.113841 -11.651258
v 6.253953 -0.107846 -11.682564
v 6.233376 -0.103496 -11.671138
v 6.229557 -0.083796 -11.682462
v 6.252641 -0.088677 -11.695281
v 6.233376 -0.103496 -11.671138
v 6.229557 -0.083796 -11.682462
v 6.229557 -0.083796 -11.682462
v 6.229453 -0.071970 -11.695166
v 6.245958 -0.075461 -11.704331
v 6.243445 -0.058508 -11.712255
v 6.229453 -0.071970 -11.695166
v 6.229449 -0.055549 -11.704482
v 6.243670 -0.034342 -11.718395
v 6.229449 -0.055549 -11.704482
v 6.231855 -0.031845 -11.711834
v 6.231855 -0.031845 -11.711834
v 6.237441 -0.002163 -11.727468
v 6.247908 0.011955 -11.730069
v 6.250794 0.014715 -11.723754
v 6.248553 0.048238 -11.726647
v 6.251455 0.046535 -11.731756
v 6.250079 0.075088 -11.734122
v 6.248491 0.044783 -11.736825
v 6.242180 0.044327 -11.736633
v 6.246855 0.073062 -11.739160
v 6.250819 0.068788 -11.740000
v 6.252872 0.069990 -11.736677
v 6.331615 0.275108 -11.537136
v 6.315652 0.253388 -11.533962
v 6.318758 0.241577 -11.553679
v 6.327734 0.271633 -11.562780
v 6.313748 0.236408 -11.569721
v 6.310454 0.223180 -11.563448
v 6.315871 0.254861 -11.578464
v 6.309707 0.270265 -11.572534
v 6.301181 0.246610 -11.583173
v 6.293154 0.279217 -11.559111
v 6.301613 0.228068 -11.573827
v 6.312188 0.223118 -11.551355
v 6.297151 0.206837 -11.561382
v 6.304185 0.200501 -11.551217
v 6.299558 0.179768 -11.553073
v 6.289954 0.178434 -11.563661
v 6.302961 0.160462 -11.554832
v 6.294633 0.158059 -11.527282
v 6.315564 0.136296 -11.534718
v 6.307361 0.133774 -11.564516
v 6.290191 0.154778 -11.574330
v 6.317787 0.114928 -11.561505
v 6.317629 0.123412 -11.524676
v 6.324111 0.120287 -11.504951
v 6.343935 0.122120 -11.527348
v 6.328821 0.111297 -11.577502
v 6.360259 0.119212 -11.552513
v 6.339735 0.112831 -11.587002
v 6.317757 0.087675 -11.616911
v 6.302451 0.088254 -11.607401
v 6.271798 0.064347 -11.649999
v 6.289201 0.047717 -11.653074
v 6.287690 0.097555 -11.601162
v 6.282538 0.116164 -11.584884
v 6.269163 0.139607 -11.592076
v 6.272552 0.159082 -11.583288
v 6.279400 0.178980 -11.575787
v 6.257625 0.162631 -11.582595
v 6.247538 0.127559 -11.583823
v 6.247784 0.144471 -11.589108
v 6.246006 0.104346 -11.599488
v 6.237437 0.151024 -11.559921
v 6.248412 0.170432 -11.560481
v 6.268234 0.183113 -11.574302
v 6.288652 0.180472 -11.537858
v 6.302961 0.160462 -11.554832
v 6.299558 0.179768 -11.553073
v 6.304185 0.200501 -11.551217
v 6.237125 0.061567 -11.645695
v 6.250563 0.014917 -11.675310
v 6.269207 0.006660 -11.673714
v 6.258016 -0.025273 -11.681619
v 6.238303 -0.021898 -11.682350
v 6.251559 -0.050021 -11.683867
v 6.220377 0.018057 -11.665711
v 6.231362 -0.055991 -11.681512
v 6.246991 -0.055095 -11.690118
v 6.294405 0.200605 -11.536185
v 6.312188 0.223118 -11.551355
v 6.318758 0.241577 -11.553679
v 6.315652 0.253388 -11.533962
v 6.331615 0.275108 -11.537136
v 6.331007 0.279598 -11.525990
v 6.322402 0.275641 -11.527047
v 6.188107 0.059877 -11.603510
v 6.182781 0.057594 -11.550450
v 6.162358 0.017071 -11.543010
v 6.158088 -0.017707 -11.619304
v 6.168555 0.019955 -11.617850
v 6.207255 -0.018800 -11.669197
v 6.201656 -0.052662 -11.666696
v 6.157668 -0.048072 -11.616692
v 6.233779 -0.062067 -11.686318
v 6.229453 -0.071970 -11.695166
v 6.229449 -0.055549 -11.704482
v 6.232985 -0.049005 -11.698395
v 6.244176 -0.039058 -11.701293
v 6.231855 -0.031845 -11.711834
v 6.237460 -0.013143 -11.709258
v 6.245791 -0.016118 -11.707117
v 6.247077 0.014718 -11.716542
v 6.239380 0.017127 -11.717415
v 6.248553 0.048238 -11.726647
v 6.234714 0.014745 -11.722740
v 6.237441 -0.002163 -11.727468
v 6.242438 0.048441 -11.726749
v 6.239138 0.046759 -11.731654
v 6.242180 0.044327 -11.736633
v 6.246855 0.073062 -11.739160
v 6.242931 0.070455 -11.735620
v 6.250079 0.075088 -11.734122
v 6.245055 0.071643 -11.732335
v 6.603345 -0.178191 -10.840425
v 6.602602 -0.157092 -10.843600
v 6.588591 -0.157726 -10.847195
v 6.606474 -0.194337 -10.834272
v 6.583567 -0.139542 -10.869720
v 6.582631 -0.177654 -10.878997
v 6.578007 -0.157665 -10.830451
v 6.593284 -0.210860 -10.820199
v 6.582273 -0.178094 -10.859322
v 6.597109 -0.203198 -10.864235
v 6.601255 -0.199330 -10.882156
v 6.629656 -0.204936 -10.874190
v 6.629098 -0.209376 -10.851095
v 6.642712 -0.179908 -10.847277
v 6.638108 -0.202042 -10.831637
v 6.603345 -0.178191 -10.840425
v 6.606474 -0.194337 -10.834272
v 6.637021 -0.210284 -10.820360
v 6.628405 -0.223231 -10.810038
v 6.593284 -0.210860 -10.820199
v 6.618712 -0.236677 -10.797754
v 6.587127 -0.229238 -10.800766
v 6.606269 -0.245805 -10.784928
v 6.590393 -0.243621 -10.783613
v 6.595789 -0.247308 -10.773375
v 6.625213 -0.218380 -10.835794
v 6.587455 -0.207369 -10.848989
v 6.619201 -0.228969 -10.819118
v 6.580287 -0.215990 -10.828409
v 6.609252 -0.240968 -10.799952
v 6.578880 -0.234453 -10.804822
v 6.570928 -0.176348 -10.843432
v 6.560295 -0.181234 -10.824358
v 6.566138 -0.168826 -10.814221
v 6.587127 -0.229238 -10.800766
v 6.556046 -0.204350 -10.803726
v 6.560040 -0.192292 -10.798020
v 6.567442 -0.219836 -10.791255
v 6.565381 -0.230788 -10.788540
v 6.590393 -0.243621 -10.783613
v 6.571807 -0.241520 -10.775715
v 6.576672 -0.236848 -10.776442
v 6.585936 -0.243122 -10.764766
v 6.595789 -0.247308 -10.773375
v 6.579106 -0.248087 -10.769417
v 6.589660 -0.251052 -10.772491
v 6.595554 -0.250331 -10.783677
v 6.576808 -0.247744 -10.785022
v 6.314466 0.283481 -11.517220
v 6.308794 0.278741 -11.509596
v 6.294792 0.281898 -11.510681
v 6.287915 0.252142 -11.518332
v 6.283933 0.230146 -11.523949
v 6.268420 0.251928 -11.530416
v 6.276299 0.284956 -11.524195
v 6.270341 0.278036 -11.533487
v 6.281903 0.288425 -11.542618
v 6.276064 0.289585 -11.544006
v 6.274705 0.283506 -11.558177
v 6.269568 0.291331 -11.543925
v 6.279831 0.238220 -11.566297
v 6.264844 0.283979 -11.551451
v 6.265930 0.279025 -11.540918
v 6.266187 0.248370 -11.538618
v 6.268249 0.258597 -11.552527
v 6.266221 0.230022 -11.546450
v 6.267153 0.229767 -11.533471
v 6.272675 0.201910 -11.530947
v 6.262951 0.180487 -11.532417
v 6.259899 0.204779 -11.540117
v 6.260937 0.194557 -11.560487
v 6.284351 0.205372 -11.572448
v 6.290549 0.227988 -11.576762
v 6.295907 0.234379 -11.580306
v 6.289852 0.219818 -11.576589
v 6.292547 0.222892 -11.573483
v 6.735600 -0.206154 -10.913870
v 6.743491 -0.190497 -10.933215
v 6.739945 -0.186131 -10.919872
v 6.734112 -0.221323 -10.905152
v 6.714013 -0.205431 -10.951958
v 6.733088 -0.171156 -10.952755
v 6.762320 -0.196634 -10.932804
v 6.746806 -0.243318 -10.905452
v 6.730196 -0.209369 -10.941466
v 6.777825 -0.213583 -10.931778
v 6.749207 -0.214042 -10.942435
v 6.759953 -0.265779 -10.896741
v 6.786704 -0.240216 -10.923895
v 6.780111 -0.264802 -10.909356
v 6.767980 -0.281169 -10.882233
v 6.772651 -0.284704 -10.871589
v 6.785734 -0.285366 -10.875721
v 6.782542 -0.280376 -10.890767
v 6.784002 -0.286385 -10.893554
v 6.779904 -0.276145 -10.907670
v 6.783631 -0.291331 -10.882998
v 6.772027 -0.289020 -10.893433
v 6.775135 -0.290269 -10.875492
v 6.772651 -0.284704 -10.871589
v 6.758628 -0.278017 -10.869536
v 6.767980 -0.281169 -10.882233
v 6.763362 -0.285811 -10.876866
v 6.745003 -0.263379 -10.867887
v 6.759953 -0.265779 -10.896741
v 6.746806 -0.243318 -10.905452
v 6.734485 -0.245661 -10.868948
v 6.734112 -0.221323 -10.905152
v 6.725942 -0.229084 -10.869740
v 6.718740 -0.219090 -10.876413
v 6.735600 -0.206154 -10.913870
v 6.710817 -0.194329 -10.885098
v 6.704786 -0.225379 -10.893126
v 6.686949 -0.217050 -10.906007
v 6.716387 -0.237657 -10.886429
v 6.711223 -0.227326 -10.927606
v 6.695738 -0.219307 -10.934625
v 6.727052 -0.236883 -10.926511
v 6.744678 -0.250746 -10.919701
v 6.768419 -0.225239 -10.939934
v 6.780164 -0.251736 -10.928186
v 6.758939 -0.272523 -10.904814
v 6.746379 -0.269961 -10.876101
v 6.729643 -0.252320 -10.880450
v 6.627997 -0.148310 -10.839211
v 6.602602 -0.157092 -10.843600
v 6.603345 -0.178191 -10.840425
v 6.588591 -0.157726 -10.847195
v 6.741272 -0.042717 -10.763215
v 6.733099 -0.045413 -10.767031
v 6.743703 -0.046919 -10.770834
v 6.750711 -0.043557 -10.764547
v 6.733143 -0.048655 -10.782149
v 6.721565 -0.047930 -10.775726
v 6.756209 -0.049073 -10.775443
v 6.760900 -0.045315 -10.768428
v 6.769505 -0.047531 -10.774983
v 6.766644 -0.051770 -10.783575
v 6.775371 -0.049926 -10.782153
v 6.761862 -0.054728 -10.798098
v 6.775306 -0.054336 -10.790469
v 6.772896 -0.058782 -10.804232
v 6.755407 -0.058140 -10.813560
v 6.767393 -0.062918 -10.821959
v 6.747986 -0.052090 -10.789104
v 6.722471 -0.051176 -10.795270
v 6.708355 -0.050436 -10.789172
v 6.739367 -0.055580 -10.803292
v 6.735746 -0.061476 -10.807566
v 6.753129 -0.062778 -10.818775
v 6.766761 -0.063641 -10.829239
v 6.769953 -0.063250 -10.823468
v 6.754668 -0.066614 -10.814368
v 6.781994 -0.053236 -10.792621
v 6.736462 -0.067421 -10.804013
v 6.768029 -0.057214 -10.787330
v 6.781986 -0.049183 -10.782351
v 6.751979 -0.058146 -10.779605
v 6.757865 -0.051598 -10.771497
v 6.738255 -0.050919 -10.770796
v 6.717830 -0.055315 -10.799171
v 6.702452 -0.050045 -10.793528
v 6.705788 -0.049682 -10.787835
v 6.719515 -0.059181 -10.794845
v 6.728481 -0.041921 -10.762903
v 6.738179 -0.039920 -10.758027
v 6.745832 -0.046639 -10.764319
v 6.750459 -0.038802 -10.757730
v 6.752189 -0.043484 -10.761735
v 6.764968 -0.040619 -10.762886
v 6.761996 -0.045893 -10.766232
v 6.771130 -0.047488 -10.772252
v 6.776706 -0.044352 -10.772307
v 6.771061 -0.051973 -10.778328
v 6.635874 -0.112948 -10.838887
v 6.638433 -0.115123 -10.845542
v 6.644568 -0.117539 -10.842082
v 6.641553 -0.115168 -10.835700
v 6.651222 -0.117090 -10.838773
v 6.631557 -0.108418 -10.841747
v 6.633754 -0.110217 -10.848619
v 6.647690 -0.114767 -10.832642
v 6.657383 -0.113853 -10.836128
v 6.629228 -0.102273 -10.843808
v 6.631227 -0.103592 -10.850864
v 6.653398 -0.111779 -10.830193
v 6.662118 -0.108346 -10.834527
v 6.629260 -0.095465 -10.844788
v 6.631268 -0.096209 -10.851920
v 6.657756 -0.106662 -10.828718
v 6.664694 -0.101353 -10.834234
v 6.631639 -0.089018 -10.844510
v 6.633838 -0.089237 -10.851627
v 6.660152 -0.100219 -10.828452
v 6.664729 -0.093990 -10.835291
v 6.636013 -0.083925 -10.843046
v 6.638577 -0.083708 -10.850030
v 6.660168 -0.093410 -10.829422
v 6.662207 -0.087345 -10.837535
v 6.641700 -0.080935 -10.840586
v 6.644738 -0.080471 -10.847383
v 6.657853 -0.087286 -10.831492
v 6.657527 -0.082439 -10.840612
v 6.647858 -0.080516 -10.837539
v 6.651390 -0.080043 -10.844071
v 6.653515 -0.082754 -10.834339
v 6.648689 -0.085509 -10.829402
v 6.651999 -0.088966 -10.827220
v 6.645527 -0.092143 -10.825354
v 6.643742 -0.090267 -10.826535
v 6.646495 -0.094684 -10.824505
v 6.644351 -0.083793 -10.831847
v 6.641382 -0.089348 -10.827858
v 6.639640 -0.084115 -10.834185
v 6.638843 -0.089513 -10.829131
v 6.635288 -0.086394 -10.836063
v 6.631942 -0.090300 -10.837190
v 6.636474 -0.090750 -10.830138
v 6.639427 -0.096328 -10.826198
v 6.653780 -0.093659 -10.825635
v 6.646472 -0.097499 -10.824093
v 6.653754 -0.098866 -10.824898
v 6.645497 -0.100169 -10.824213
v 6.651936 -0.103797 -10.825098
v 6.643683 -0.102280 -10.824816
v 6.630124 -0.095230 -10.837390
v 6.630097 -0.100436 -10.836651
v 6.631878 -0.105132 -10.835069
v 6.635182 -0.108608 -10.832885
v 6.639528 -0.110302 -10.830439
v 6.644235 -0.110001 -10.828101
v 6.648591 -0.107703 -10.826224
v 6.634679 -0.092866 -10.830750
v 6.641331 -0.103520 -10.825831
v 6.638770 -0.103703 -10.827096
v 6.636431 -0.102767 -10.828428
v 6.633681 -0.098350 -10.830460
v 6.634631 -0.100887 -10.829599
v 6.633685 -0.095531 -10.830863
v 6.733489 -0.136340 -10.891462
v 6.734335 -0.135399 -10.898800
v 6.741701 -0.135323 -10.897655
v 6.740908 -0.136175 -10.890874
v 6.733163 -0.134415 -10.884276
v 6.742836 -0.131947 -10.903542
v 6.735580 -0.131747 -10.905167
v 6.744178 -0.126576 -10.907641
v 6.737016 -0.125959 -10.909613
v 6.745483 -0.120039 -10.909329
v 6.738436 -0.118868 -10.911435
v 6.746590 -0.113323 -10.908346
v 6.739628 -0.111604 -10.910374
v 6.747291 -0.107454 -10.904841
v 6.740404 -0.105238 -10.906574
v 6.747527 -0.103310 -10.899355
v 6.740640 -0.100748 -10.900638
v 6.747213 -0.101523 -10.892714
v 6.740311 -0.098844 -10.893453
v 6.746436 -0.102400 -10.885942
v 6.739468 -0.099764 -10.886117
v 6.745283 -0.105772 -10.880046
v 6.738223 -0.103417 -10.879749
v 6.743963 -0.111124 -10.875956
v 6.736783 -0.109224 -10.875303
v 6.742639 -0.117659 -10.874258
v 6.735364 -0.116294 -10.873480
v 6.741552 -0.124379 -10.875252
v 6.734170 -0.123580 -10.874539
v 6.740827 -0.130265 -10.878746
v 6.733399 -0.129925 -10.878342
v 6.740611 -0.134413 -10.884242
v 6.747478 -0.131830 -10.885436
v 6.747715 -0.133177 -10.890521
v 6.747654 -0.128648 -10.881239
v 6.752754 -0.127079 -10.887709
v 6.752852 -0.125362 -10.885441
v 6.748200 -0.124150 -10.878555
v 6.753140 -0.122927 -10.883990
v 6.749037 -0.119012 -10.877813
v 6.753608 -0.120150 -10.883589
v 6.750044 -0.114013 -10.879096
v 6.754137 -0.117443 -10.884282
v 6.751064 -0.109909 -10.882233
v 6.754696 -0.115225 -10.885979
v 6.751935 -0.107337 -10.886735
v 6.752539 -0.106668 -10.891927
v 6.755165 -0.113825 -10.888412
v 6.755497 -0.113474 -10.891228
v 6.752770 -0.108036 -10.897011
v 6.755612 -0.120894 -10.890718
v 6.752884 -0.127831 -10.890466
v 6.753201 -0.127455 -10.893271
v 6.748314 -0.132528 -10.895710
v 6.749191 -0.129935 -10.900216
v 6.753687 -0.126059 -10.895716
v 6.754230 -0.123837 -10.897403
v 6.750209 -0.125832 -10.903353
v 6.751218 -0.120832 -10.904637
v 6.752053 -0.115695 -10.903892
v 6.752600 -0.111197 -10.901210
v 6.755532 -0.115923 -10.896255
v 6.755610 -0.114202 -10.893976
v 6.755227 -0.118354 -10.897696
v 6.754778 -0.121134 -10.898109
vn -0.286592 0.789237 0.543112
vn -0.000005 -0.419010 0.907982
vn -0.119403 0.029086 0.992420
vn 0.569994 0.582511 0.579472
vn 0.549014 -0.392470 0.737937
vn 0.608253 -0.299849 0.734927
vn 0.880782 -0.182384 0.436989
vn 0.557019 -0.663372 0.499668
vn 0.738940 0.664405 -0.111950
vn 0.218738 -0.217494 0.951236
vn 0.220584 -0.323030 0.920323
vn 0.385180 0.621586 0.682105
vn -0.364034 0.635696 0.680713
vn -0.458734 0.068031 0.885966
vn -0.588232 0.505972 0.630853
vn 0.931457 0.361787 -0.038709
vn 0.926484 0.327055 -0.186179
vn 0.967805 -0.233584 0.093770
vn -0.131404 0.565679 0.814089
vn 0.481003 0.013156 0.876620
vn 0.820979 0.556640 0.127068
vn 0.569994 0.582511 0.579472
vn 0.214944 0.971799 -0.096984
vn 0.834941 0.297908 -0.462736
vn 0.085365 0.677229 -0.730804
vn -0.057834 0.749926 -0.658989
vn -0.056993 0.997982 0.027986
vn -0.526698 0.742454 0.413947
vn -0.140570 0.561399 0.815519
vn 0.811032 0.456422 0.365933
vn 0.397166 -0.012774 0.917658
vn -0.333198 0.594854 0.731525
vn 0.267016 -0.046630 0.962563
vn 0.821462 0.539184 0.185689
vn 0.446147 0.580520 0.681138
vn 0.240858 0.969413 -0.047175
vn 0.877810 0.229764 -0.420308
vn 0.315748 0.666066 -0.675766
vn 0.012599 0.776859 -0.629548
vn -0.158176 0.986751 -0.036084
vn -0.518013 0.766447 0.379765
vn -0.194635 0.499056 0.844429
vn 0.796419 0.273522 0.539353
vn 0.236488 -0.217969 0.946870
vn -0.114246 0.754376 0.646424
vn 0.493701 0.010471 0.869569
vn 0.907834 0.345951 0.236971
vn 0.385180 0.621586 0.682105
vn 0.121331 0.991592 -0.044999
vn -0.685907 0.619463 0.381834
vn -0.429032 0.785989 -0.445144
vn -0.278902 0.796667 -0.536224
vn 0.362105 0.909372 -0.204751
vn 0.823620 0.456954 -0.335922
vn 0.912052 0.338842 0.230969
vn 0.055257 0.616216 0.785636
vn 0.559364 -0.047068 0.827585
vn -0.071398 0.727995 0.681854
vn 0.649136 -0.128103 0.749808
vn 0.945706 0.324353 0.020876
vn 0.527110 0.563307 0.636270
vn 0.149082 0.988818 0.003790
vn -0.692873 0.561855 0.451935
vn -0.497489 0.838010 -0.224153
vn -0.279994 0.838722 -0.467064
vn 0.354381 0.878381 -0.320720
vn 0.798909 0.488007 -0.351559
vn 0.941985 0.259092 0.213392
vn 0.147637 0.411132 0.899541
vn 0.596325 -0.293675 0.747096
vn 0.236415 -0.227453 0.944655
vn 0.425574 -0.262096 0.866136
vn 0.467721 0.655671 0.592734
vn 0.170595 0.715333 0.677640
vn 0.402184 0.816998 0.413234
vn -0.143581 -0.031328 0.989143
vn 0.078352 0.808794 0.582849
vn 0.382354 0.848735 0.365313
vn -0.209022 0.589500 0.780256
vn 0.172694 0.867255 0.466954
vn -0.359876 0.493285 0.791934
vn 0.373313 0.861469 0.344250
vn -0.197704 0.755875 0.624152
vn 0.049797 0.883549 0.465684
vn 0.060451 0.925432 0.374060
vn 0.328564 0.912340 0.244299
vn 0.276390 0.951451 0.135457
vn -0.019840 0.965590 0.259312
vn 0.230160 0.972152 0.044135
vn -0.254757 0.814151 0.521782
vn -0.111320 0.969618 0.217827
vn -0.506059 0.643008 0.574844
vn 0.058816 0.976117 0.209130
vn 0.259631 0.960316 0.101904
vn 0.205868 0.959271 0.193435
vn 0.269362 0.955368 0.121311
vn 0.257887 0.961923 0.090542
vn 0.247826 0.965608 0.078630
vn 0.244720 0.966875 0.072555
vn 0.201280 0.979425 0.014613
vn 0.440365 0.896453 0.049511
vn 0.272699 0.746609 -0.606804
vn 0.858897 0.417046 -0.297270
vn 0.513787 0.352339 -0.782228
vn 0.818407 0.072619 -0.570032
vn 0.376574 0.236278 -0.895748
vn 0.707502 -0.009065 -0.706653
vn 0.203428 0.299395 -0.932191
vn 0.276451 0.174501 -0.945053
vn 0.810842 -0.145019 -0.567014
vn 0.155165 -0.157595 -0.975237
vn 0.613403 -0.243071 -0.751434
vn 0.796542 -0.119917 -0.592571
vn 0.912375 -0.285072 -0.293777
vn 0.838245 -0.221738 -0.498175
vn 0.663868 0.012719 -0.747742
vn 0.877810 0.229764 -0.420308
vn 0.917519 -0.397583 0.009349
vn 0.821462 0.539184 0.185689
vn 0.352215 -0.488642 0.798232
vn 0.267016 -0.046630 0.962563
vn -0.333198 0.594854 0.731525
vn 0.446147 0.580520 0.681138
vn 0.832887 -0.459936 0.307829
vn 0.906253 -0.332704 0.260793
vn 0.472015 -0.419207 0.775543
vn 0.435786 -0.465055 0.770594
vn 0.796419 0.273522 0.539353
vn 0.236488 -0.217969 0.946870
vn -0.194635 0.499056 0.844429
vn -0.292971 -0.157752 0.943018
vn 0.013043 -0.313348 0.949549
vn -0.777955 0.128476 0.615044
vn -0.518013 0.766447 0.379765
vn -0.700356 0.505948 0.503506
vn -0.158176 0.986751 -0.036084
vn -0.013591 0.999721 -0.019306
vn 0.012599 0.776859 -0.629548
vn -0.487435 0.868199 0.092944
vn -0.093052 0.705102 -0.702974
vn -0.847206 0.348277 -0.401179
vn -0.484752 0.323036 -0.812812
vn -0.910620 0.266034 0.316224
vn -0.968937 0.148409 0.197829
vn -0.885264 0.182888 -0.427621
vn -0.939583 0.282155 -0.193838
vn -0.759740 0.027536 0.649643
vn -0.181427 -0.273573 0.944586
vn -0.900659 0.089197 0.425273
vn -0.361781 0.001933 0.932261
vn -0.893541 0.267549 0.360558
vn -0.811134 0.400394 -0.426317
vn -0.824491 0.430395 -0.367389
vn -0.356913 0.481782 -0.800312
vn -0.264056 0.410346 -0.872864
vn 0.203428 0.299395 -0.932191
vn 0.276451 0.174501 -0.945053
vn 0.155165 -0.157595 -0.975237
vn -0.650612 0.049547 -0.757792
vn -0.074076 -0.154805 -0.985164
vn 0.613403 -0.243071 -0.751434
vn 0.131909 0.193144 -0.972263
vn 0.796542 -0.119917 -0.592571
vn 0.260730 0.350018 -0.899726
vn 0.838245 -0.221738 -0.498175
vn 0.315748 0.666066 -0.675766
vn 0.663868 0.012719 -0.747742
vn 0.877810 0.229764 -0.420308
vn -0.359327 0.417820 -0.834452
vn 0.376574 0.236278 -0.895748
vn -0.869438 0.411575 -0.273281
vn -0.304309 0.426418 -0.851800
vn 0.513787 0.352339 -0.782228
vn 0.272699 0.746609 -0.606804
vn -0.418070 0.661908 -0.622170
vn -0.819863 0.539346 -0.192173
vn -0.282187 0.947713 -0.149033
vn -0.077413 0.995162 0.060498
vn 0.201280 0.979425 0.014613
vn 0.244720 0.966875 0.072555
vn 0.228217 0.972764 0.040597
vn -0.006328 0.983813 0.179087
vn 0.043031 0.998991 -0.012828
vn 0.167314 0.983194 -0.073047
vn 0.165013 0.983264 -0.077216
vn 0.046475 0.998838 -0.012766
vn -0.831837 0.402469 0.382186
vn 0.080710 0.994599 0.065261
vn 0.203901 0.978976 -0.005555
vn -0.068557 0.996456 0.048732
vn -0.098508 0.989770 0.103211
vn -0.228528 0.888756 0.397350
vn -0.115083 0.956108 0.269468
vn -0.197820 0.953622 0.226876
vn -0.287674 0.950311 0.118963
vn -0.106786 0.985427 0.132405
vn 0.064070 0.996440 0.054802
vn 0.195136 0.980529 -0.021996
vn 0.130679 0.981735 -0.138269
vn 0.026780 0.997250 -0.069107
vn -0.076978 0.967049 0.242673
vn -0.262895 0.951647 0.158915
vn -0.271040 0.886821 0.374281
vn 0.057849 0.784286 0.617697
vn 0.483574 0.842145 0.238637
vn 0.388800 0.627479 0.674614
vn 0.888576 0.441334 0.125127
vn 0.570937 0.586534 0.574464
vn -0.445622 0.557661 0.700311
vn -0.423216 0.811946 0.402035
vn -0.520716 0.600569 0.606772
vn -0.587178 0.776834 -0.227487
vn -0.661223 0.684619 -0.306727
vn -0.737906 0.671979 -0.062764
vn -0.837559 0.545530 -0.029871
vn -0.882928 0.469259 -0.015284
vn -0.730000 0.589246 0.346250
vn -0.781720 0.476168 0.402714
vn -0.535872 0.824107 0.183546
vn -0.374027 0.491622 0.786392
vn -0.404550 0.892704 0.198541
vn -0.664653 0.705028 0.247330
vn -0.397699 0.846642 0.353599
vn -0.571608 0.636925 0.517292
vn -0.665705 0.586162 0.461791
vn -0.904982 0.331406 0.266793
vn -0.957744 0.208188 0.198454
vn -0.849928 0.422671 0.314599
vn -0.418480 0.618541 0.665043
vn -0.666154 0.713574 0.216913
vn -0.521257 0.752046 0.403382
vn -0.736547 0.533207 0.416160
vn -0.342122 0.716128 0.608369
vn -0.546754 0.651144 0.526376
vn -0.736964 0.550580 0.392104
vn -0.788743 0.613728 0.034967
vn -0.749725 0.434187 0.499393
vn -0.925669 0.356021 -0.128006
vn -0.533145 0.518061 0.668856
vn -0.707400 0.226718 0.669466
vn -0.854115 0.264207 0.447975
vn -0.858541 -0.049289 0.510371
vn -0.837023 0.432330 0.335386
vn -0.911986 0.169553 0.373541
vn -0.694355 0.439444 0.569878
vn -0.721118 0.344914 0.600852
vn -0.901427 0.135828 0.411073
vn -0.751757 0.173201 0.636288
vn -0.942646 0.039730 0.331422
vn -0.901157 -0.059095 0.429446
vn -0.908288 0.153921 0.389000
vn -0.630906 0.463605 0.622115
vn -0.710660 0.260508 0.653527
vn -0.539142 0.358082 0.762301
vn -0.311235 0.577627 0.754639
vn 0.148348 0.756535 0.636905
vn 0.171775 0.679277 0.713496
vn 0.204473 0.472353 0.857364
vn 0.277719 0.732120 0.621991
vn 0.424744 0.514525 0.744887
vn 0.415021 0.214147 0.884250
vn -0.317826 0.299964 0.899449
vn -0.792927 0.203891 0.574191
vn -0.828570 -0.145640 0.540612
vn -0.913132 -0.208890 0.350079
vn -0.816500 -0.470361 0.334795
vn -0.717327 -0.562958 0.410511
vn -0.739453 -0.628025 0.242475
vn -0.562640 -0.821931 0.088693
vn 0.530828 -0.153483 0.833466
vn 0.986637 0.068168 0.147991
vn 0.502032 -0.297389 0.812110
vn 0.987118 -0.137997 -0.080963
vn 0.619400 0.602982 0.502749
vn 0.137350 0.884273 0.446314
vn 0.039726 0.810978 0.583727
vn -0.203554 0.699715 0.684810
vn -0.352571 0.809226 0.469944
vn -0.221658 0.888173 0.402513
vn -0.380875 0.851320 0.360816
vn -0.340829 0.873090 0.348639
vn -0.503884 0.755225 0.419208
vn -0.338299 0.836804 0.430480
vn -0.528371 0.742798 0.411187
vn -0.531734 0.709192 0.462931
vn -0.593573 0.624555 0.507545
vn -0.604243 0.425939 0.673399
vn -0.465701 0.455760 0.758555
vn -0.539735 0.265455 0.798886
vn -0.484616 0.279262 0.828951
vn -0.489057 -0.058087 0.870316
vn -0.499685 0.182124 0.846845
vn -0.535895 0.000990 0.844284
vn -0.216720 -0.750536 0.624282
vn -0.249125 -0.844639 0.473837
vn -0.332130 -0.741484 0.583002
vn -0.263287 0.561662 0.784357
vn -0.522684 0.068057 0.849806
vn -0.548336 0.731588 0.405101
vn 0.153594 0.982073 -0.109280
vn -0.459894 0.805859 0.372946
vn 0.044876 0.935600 -0.350199
vn -0.050504 0.961019 -0.271829
vn -0.125635 0.784886 0.606770
vn 0.080642 0.996070 -0.036615
vn -0.244315 0.238019 0.940030
vn 0.269016 0.449077 0.852033
vn 0.510697 0.327519 0.794934
vn -0.042225 0.906073 -0.421009
vn 0.380277 0.070402 0.922189
vn 0.459431 0.059338 0.886229
vn 0.494315 0.060246 0.867193
vn 0.428181 -0.246587 0.869400
vn 0.408693 0.044786 0.911572
vn 0.386360 0.071421 0.919579
vn 0.353247 0.084644 0.931693
vn -0.451884 -0.228698 0.862264
vn -0.824192 -0.029406 0.565546
vn -0.839406 -0.401919 0.365866
vn -0.760022 -0.230919 0.607489
vn -0.689602 -0.488169 0.534921
vn -0.565475 -0.277913 0.776532
vn -0.428540 -0.063884 0.901261
vn -0.486202 0.139014 0.862718
vn -0.576657 0.190952 0.794357
vn -0.651531 0.250492 0.716074
vn -0.686178 0.429072 0.587416
vn -0.729195 0.181556 0.659782
vn -0.678399 0.550699 0.486319
vn -0.573984 0.693373 0.435633
vn -0.561227 0.690356 0.456543
vn -0.664630 0.468544 0.582009
vn -0.753941 0.303481 0.582642
vn -0.717148 0.192232 0.669884
vn -0.644020 0.115360 0.756261
vn -0.766463 0.048124 0.640483
vn -0.910098 -0.012647 0.414201
vn -0.900054 -0.159246 0.405639
vn -0.783545 -0.183069 0.593754
vn -0.827539 -0.358334 0.432176
vn -0.773922 -0.086557 0.627338
vn -0.650480 -0.087735 0.754439
vn -0.627986 -0.360637 0.689619
vn -0.784187 -0.079423 0.615420
vn -0.736326 -0.459347 0.496815
vn -0.560498 -0.755330 0.339587
vn -0.560172 -0.757165 0.336019
vn -0.435216 -0.877976 0.199360
vn -0.489260 -0.865703 0.105751
vn -0.286947 -0.957879 0.011373
vn -0.223878 -0.971403 0.079086
vn -0.288167 -0.946871 0.142814
vn -0.146839 -0.988468 0.036999
vn -0.041137 -0.999141 0.005038
vn -0.213415 -0.956058 0.201015
vn 0.097333 -0.990574 -0.096379
vn 0.007850 -0.996458 0.083725
vn 0.307003 -0.940513 -0.145548
vn 0.310683 -0.939511 -0.144205
vn 0.616279 -0.745331 -0.254325
vn 0.503976 -0.821181 -0.267714
vn 0.794369 -0.488782 -0.360652
vn -0.655777 -0.524423 0.543080
vn -0.410819 -0.806841 0.424541
vn -0.489936 -0.677937 0.548055
vn -0.717848 -0.530901 0.450375
vn -0.947017 -0.287001 0.144186
vn -0.516142 -0.856499 -0.002609
vn -0.773212 0.153869 0.615197
vn -0.750572 0.071111 0.656951
vn -0.718019 0.076945 0.691757
vn -0.692600 0.098966 0.714500
vn -0.603228 0.067826 0.794680
vn -0.342944 -0.505610 0.791674
vn -0.465124 -0.004000 0.885236
vn -0.444964 -0.067174 0.893026
vn -0.358480 -0.329786 0.873346
vn -0.386547 -0.559619 0.733081
vn -0.284382 -0.346494 0.893907
vn -0.278206 -0.231014 0.932327
vn -0.527727 -0.483274 0.698535
vn -0.327308 -0.423287 0.844806
vn -0.367672 -0.836306 0.406707
vn -0.585954 -0.782536 0.210466
vn -0.612707 -0.789752 0.029705
vn -0.095036 -0.710788 0.696956
vn 0.050218 -0.967325 -0.248515
vn 0.548102 -0.673534 0.495919
vn 0.852342 -0.504452 0.137990
vn 0.658638 -0.541212 -0.522767
vn 0.592419 0.027854 0.805148
vn 0.622327 0.027752 0.782265
vn 0.566847 0.011347 0.823745
vn 0.526333 0.045193 0.849076
vn 0.494315 0.060246 0.867193
vn 0.510697 0.327519 0.794934
vn 0.597152 0.024547 0.801753
vn 0.711101 0.355605 0.606531
vn 0.242678 0.961811 -0.126597
vn -0.042225 0.906073 -0.421009
vn 0.803493 0.588414 0.090376
vn 0.101708 0.928770 -0.356429
vn 0.778187 0.543565 -0.314583
vn -0.015735 0.948556 -0.316219
vn 0.144133 0.984097 -0.103817
vn 0.823345 0.441608 -0.356490
vn 0.945227 0.306143 0.113236
vn 0.849079 -0.383159 -0.363667
vn 0.962828 -0.017215 0.269566
vn 0.576024 -0.701185 -0.420162
vn 0.081115 -0.980533 -0.178819
vn 0.249154 -0.966191 0.066318
vn 0.616143 -0.764307 -0.190270
vn -0.279191 -0.827899 0.486453
vn 0.277818 -0.942440 0.186074
vn -0.104524 -0.775161 0.623057
vn -0.150294 -0.490062 0.858633
vn -0.154301 -0.279775 0.947585
vn -0.172375 -0.147483 0.973928
vn -0.036534 -0.456235 0.889109
vn -0.569721 -0.690438 0.445772
vn -0.335416 -0.173266 0.925999
vn 0.789841 -0.558609 -0.253195
vn 0.968706 -0.247270 0.021595
vn 0.820822 -0.571145 0.006676
vn 0.930042 -0.358129 0.082250
vn 0.405608 -0.897465 0.173315
vn 0.949530 -0.313076 0.019386
vn 0.244081 -0.948918 0.199946
vn 0.381486 -0.877016 0.292081
vn 0.870761 -0.245986 0.425753
vn 0.924718 0.349630 0.150515
vn 0.698385 0.603598 0.384614
vn 0.591217 -0.302568 0.747606
vn 0.467721 0.655671 0.592734
vn 0.425574 -0.262096 0.866136
vn 0.402184 0.816998 0.413234
vn 0.924699 -0.350001 0.149769
vn 0.990928 -0.133038 0.019065
vn 0.999393 -0.034504 0.004840
vn 0.976406 0.210051 0.050105
vn 0.693612 0.678705 0.241377
vn 0.382354 0.848735 0.365313
vn 0.843407 0.535303 0.045999
vn 0.571120 0.783200 0.245806
vn 0.373313 0.861469 0.344250
vn 0.634157 0.760243 0.140980
vn 0.567350 0.818258 0.092565
vn 0.328564 0.912340 0.244299
vn 0.276390 0.951451 0.135457
vn 0.524162 0.850545 -0.042753
vn 0.230160 0.972152 0.044135
vn 0.776604 0.601078 -0.188657
vn 0.804329 0.590357 -0.067329
vn 0.914810 0.341019 -0.216398
vn 0.987917 0.147106 -0.048781
vn 0.996752 -0.059407 -0.054368
vn 0.984038 -0.171841 0.046253
vn 0.987403 -0.139741 -0.074210
vn 0.924763 -0.356777 0.132377
vn 0.974713 -0.093144 -0.203121
vn 0.788823 -0.566069 0.239423
vn 0.776527 -0.551935 0.303931
vn 0.617706 -0.769695 0.161272
vn 0.973178 0.088800 -0.212223
vn 0.961893 -0.263089 -0.074476
vn 0.650109 -0.725581 0.225588
vn 0.948600 -0.233956 -0.213128
vn 0.941216 -0.155463 -0.299905
vn 0.932863 -0.257474 -0.251940
vn 0.936896 0.071104 -0.342302
vn 0.895232 0.287203 -0.340696
vn 0.857297 0.410257 -0.311015
vn 0.827082 0.446887 -0.340922
vn 0.721976 0.648379 -0.241567
vn 0.535141 0.832883 -0.141171
vn 0.448639 0.893683 -0.007353
vn 0.259631 0.960316 0.101904
vn 0.360140 0.926653 0.107763
vn 0.269362 0.955368 0.121311
vn 0.251642 0.963244 0.094011
vn 0.247826 0.965608 0.078630
vn 0.221850 0.975076 0.003191
vn 0.244720 0.966875 0.072555
vn 0.110260 0.966247 0.232828
vn -0.395130 0.887809 -0.235940
vn -0.524309 0.709499 0.470862
vn -0.777602 0.625380 -0.065083
vn 0.304981 0.669460 0.677356
vn 0.868106 0.342077 -0.359688
vn 0.908275 0.180716 -0.377330
vn 0.936846 -0.063936 -0.343848
vn 0.921919 -0.252992 -0.293360
vn 0.955057 0.095709 -0.280546
vn 0.955491 -0.162120 -0.246483
vn 0.866672 -0.415970 -0.275405
vn 0.921406 -0.201174 -0.332476
vn 0.946414 -0.305747 0.104019
vn 0.960095 -0.047117 0.275677
vn 0.942318 0.271174 -0.196218
vn 0.481417 -0.588989 -0.649100
vn 0.856127 -0.412044 0.311875
vn 0.410520 -0.371584 0.832706
vn 0.858974 0.146307 0.490670
vn 0.877182 0.361799 -0.315678
vn 0.822128 0.472753 -0.317191
vn 0.808422 0.562682 -0.172751
vn 0.744313 0.613420 -0.264033
vn 0.713936 0.690359 -0.117048
vn 0.577031 0.791310 0.202148
vn 0.713591 0.668501 0.209511
vn 0.879155 0.468668 0.086233
vn 0.967920 -0.216466 -0.127564
vn 0.546965 -0.798323 -0.252011
vn 0.902837 -0.416156 -0.108162
vn 0.753591 -0.652746 -0.077609
vn -0.023046 -0.960755 -0.276439
vn 0.255181 -0.966170 -0.037389
vn 0.472229 -0.881369 0.013738
vn -0.034968 -0.987091 0.156294
vn -0.216920 -0.923890 0.315235
vn 0.117280 -0.976257 0.182121
vn -0.185628 -0.964254 0.189094
vn 0.292772 -0.955584 0.033822
vn 0.595409 -0.788964 -0.151738
vn 0.804767 -0.518889 -0.288280
vn 0.907208 -0.305743 -0.288954
vn 0.957610 -0.092217 -0.272910
vn 0.996244 0.026070 -0.082573
vn 0.948747 0.311226 0.054937
vn 0.688294 0.642374 0.337058
vn 0.606571 0.662591 0.439369
vn 0.715818 0.564249 0.411373
vn 0.569153 0.483993 0.664692
vn 0.939263 0.331471 -0.088950
vn 0.977953 0.205771 0.035599
vn 0.753609 0.356248 0.552413
vn 0.594323 0.176237 0.784679
vn -0.328927 0.346321 0.878561
vn -0.836480 0.422515 0.348973
vn -0.841453 0.493808 -0.219343
vn -0.921127 0.335278 0.197770
vn -0.768860 0.504968 -0.392251
vn -0.853362 0.413378 -0.317636
vn -0.898402 0.216369 0.382177
vn -0.923936 0.070562 -0.375982
vn -0.904698 0.239779 0.352176
vn -0.986027 0.095099 0.136774
vn 0.957167 0.127836 -0.259786
vn 0.796670 0.074528 -0.599803
vn 0.817370 0.262082 -0.513049
vn 0.853106 0.130514 -0.505150
vn 0.837185 0.049584 -0.544668
vn 0.402785 0.280840 -0.871145
vn -0.766432 0.069882 0.638512
vn -0.878973 0.141336 0.455445
vn -0.692873 0.561855 0.451935
vn -0.927184 0.349119 0.135815
vn -0.555238 -0.086196 0.827213
vn -0.071398 0.727995 0.681854
vn -0.289261 -0.222678 0.930990
vn -0.323185 -0.072761 0.943534
vn 0.983987 0.024720 0.176515
vn 0.806767 -0.091950 -0.583672
vn 0.938796 -0.273049 0.210014
vn 0.382380 -0.122096 0.915903
vn 0.776586 -0.476127 0.412574
vn 0.333645 -0.261786 0.905621
vn 0.279911 -0.378589 0.882225
vn 0.334426 -0.484755 0.808191
vn 0.649136 -0.128103 0.749808
vn 0.945706 0.324353 0.020876
vn 0.527110 0.563307 0.636270
vn 0.147637 0.411132 0.899541
vn 0.278942 -0.431990 0.857657
vn 0.596325 -0.293675 0.747096
vn 0.941985 0.259092 0.213392
vn -0.581520 0.193663 0.790145
vn 0.864824 -0.402546 0.300062
vn 0.675254 -0.453361 0.581804
vn 0.905079 -0.324460 -0.274877
vn 0.807552 -0.271973 -0.523346
vn 0.162997 0.194432 -0.967279
vn 0.319981 0.160094 -0.933800
vn 0.227128 0.208049 -0.951383
vn -0.382574 0.422734 -0.821543
vn -0.335715 0.477299 -0.812084
vn -0.768860 0.504968 -0.392251
vn -0.461988 0.452194 -0.762946
vn -0.853362 0.413378 -0.317636
vn -0.841453 0.493808 -0.219343
vn -0.420430 0.450969 -0.787315
vn -0.777602 0.625380 -0.065083
vn -0.395130 0.887809 -0.235940
vn -0.103961 0.595495 -0.796604
vn 0.511275 0.407863 -0.756469
vn 0.278313 0.485971 -0.828477
vn 0.556229 0.164975 -0.814489
vn 0.685852 -0.139320 -0.714281
vn 0.801654 -0.207615 -0.560578
vn 0.771149 -0.368115 -0.519443
vn 0.735131 -0.315005 -0.600295
vn 0.713505 -0.500404 -0.490415
vn 0.764872 -0.411346 -0.495746
vn 0.638400 -0.668280 -0.381900
vn 0.855250 -0.426052 -0.295005
vn 0.914126 -0.157033 -0.373783
vn 0.935823 -0.183607 -0.300873
vn 0.810836 -0.226200 -0.539795
vn 0.945751 -0.007515 -0.324807
vn 0.755228 -0.019615 -0.655168
vn 0.546402 0.252918 -0.798422
vn 0.336773 0.581481 -0.740583
vn 0.880507 0.259245 -0.396863
vn 0.937073 0.094508 -0.336100
vn 0.896940 0.326427 -0.298236
vn 0.741116 0.407805 -0.533332
vn -0.334468 0.291261 -0.896269
vn -0.923936 0.070562 -0.375982
vn 0.378280 0.003518 -0.925685
vn 0.786085 0.556261 -0.269524
vn 0.744972 0.605045 -0.280958
vn 0.713165 0.689653 -0.125599
vn 0.532172 0.776969 -0.336321
vn 0.308757 0.822768 -0.477201
vn 0.397674 0.894713 -0.203331
vn 0.221850 0.975076 0.003191
vn 0.228217 0.972764 0.040597
vn 0.244720 0.966875 0.072555
vn 0.457483 0.885749 -0.078480
vn 0.575007 0.810201 -0.113758
vn 0.441134 0.875672 -0.196468
vn 0.578825 0.789414 -0.204418
vn 0.384209 0.900719 -0.202701
vn 0.467740 0.863934 -0.186647
vn 0.672007 -0.198538 -0.713434
vn 0.129393 -0.031642 -0.991088
vn 0.281099 0.948656 -0.145034
vn 0.167314 0.983194 -0.073047
vn 0.165013 0.983264 -0.077216
vn 0.279470 0.949578 -0.142119
vn 0.325824 0.942769 -0.070890
vn 0.203901 0.978976 -0.005555
vn 0.325766 0.941103 -0.090561
vn 0.195136 0.980529 -0.021996
vn 0.130679 0.981735 -0.138269
vn 0.242129 0.951718 -0.188696
vn 0.538215 0.836978 -0.098959
vn 0.553536 0.779027 -0.294473
vn 0.635365 0.672834 -0.378953
vn 0.664404 0.570332 -0.483001
vn 0.719537 0.420594 -0.552600
vn 0.860372 0.195567 -0.470653
vn 0.815345 0.469446 -0.338870
vn 0.713949 0.678563 -0.172710
vn 0.724467 0.643342 0.247505
vn 0.227870 0.896209 0.380637
vn 0.886734 0.456310 -0.074050
vn 0.916933 -0.229877 -0.326175
vn 0.798909 0.488007 -0.351559
vn 0.906246 0.166261 -0.388685
vn 0.354381 0.878381 -0.320720
vn 0.303080 0.932767 -0.195163
vn -0.279994 0.838722 -0.467064
vn 0.580658 0.642369 -0.500197
vn -0.312177 0.751433 -0.581287
vn 0.184589 0.130123 -0.974164
vn 0.778069 -0.091008 -0.621552
vn -0.295479 -0.025540 -0.955008
vn -0.821614 0.003248 -0.570036
vn -0.986027 0.095099 0.136774
vn -0.800765 0.390341 -0.454323
vn -0.904698 0.239779 0.352176
vn -0.753788 0.564519 -0.336335
vn -0.878973 0.141336 0.455445
vn -0.497489 0.838010 -0.224153
vn -0.927184 0.349119 0.135815
vn -0.692873 0.561855 0.451935
vn 0.965812 0.201135 -0.163558
vn 0.958574 -0.125522 -0.255696
vn 0.904046 0.084529 -0.418993
vn 0.846254 0.215838 -0.487102
vn 0.867386 -0.201606 -0.454968
vn 0.685056 0.046025 -0.727035
vn 0.813987 -0.402915 -0.418431
vn 0.615626 -0.210873 -0.759300
vn 0.731516 -0.524064 -0.436166
vn 0.432474 -0.537426 -0.723974
vn 0.518178 -0.752555 -0.406390
vn 0.368896 -0.807766 -0.459816
vn 0.209397 -0.729810 -0.650793
vn -0.032974 -0.774550 -0.631652
vn -0.072941 -0.607713 -0.790800
vn 0.000968 -0.332601 -0.943067
vn 0.199533 -0.078525 -0.976740
vn -0.342593 0.068604 -0.936976
vn 0.858628 -0.097921 -0.503160
vn 0.810581 0.083975 -0.579575
vn 0.795617 -0.191489 -0.574740
vn 0.356291 -0.859700 -0.366022
vn 0.084931 -0.958848 -0.270920
vn 0.050171 -0.979756 -0.193809
vn -0.131037 -0.988336 -0.077598
vn -0.397951 -0.247496 -0.883392
vn -0.264630 -0.487432 -0.832094
vn 0.192326 0.175482 -0.965514
vn 0.638528 0.199246 -0.743359
vn -0.319622 0.362694 -0.875382
vn 0.597596 0.320613 -0.734906
vn 0.179533 0.424566 -0.887419
vn 0.896958 0.345897 -0.275357
vn -0.428598 0.138657 -0.892792
vn -0.677022 0.239130 -0.696030
vn -0.376269 0.407222 -0.832221
vn -0.420742 0.279517 -0.863045
vn 0.094619 0.975042 -0.200847
vn -0.667610 0.481734 -0.567653
vn -0.360382 0.449998 -0.817084
vn -0.277913 0.616372 -0.736783
vn -0.399561 0.786294 -0.471267
vn -0.260406 0.652288 -0.711835
vn -0.128973 0.827050 -0.547132
vn -0.163588 0.639079 -0.751543
vn -0.177378 0.874247 -0.451918
vn 0.081015 0.883898 -0.460609
vn -0.034167 0.912371 -0.407936
vn 0.130679 0.981735 -0.138269
vn 0.242129 0.951718 -0.188696
vn 0.538215 0.836978 -0.098959
vn 0.227870 0.896209 0.380637
vn -0.292072 0.952094 0.090616
vn -0.184192 0.668151 0.720865
vn -0.712881 0.674666 0.191381
vn 0.381875 0.626507 0.679456
vn -0.461771 0.644087 0.609852
vn 0.517409 0.029375 -0.855234
vn 0.975581 0.074526 -0.206609
vn 0.510799 0.317014 0.799116
vn 0.998582 -0.034479 0.040568
vn 0.507982 0.205540 0.836485
vn 0.508636 0.217937 0.832942
vn -0.374492 0.852965 -0.363603
vn -0.769611 0.543628 -0.334916
vn -0.830127 0.553836 0.064449
vn -0.879762 0.430222 0.202306
vn -0.649502 0.292148 0.701995
vn -0.950501 0.050805 0.306539
vn -0.396107 -0.006667 0.918180
vn -0.489608 -0.115774 0.864222
vn -0.842773 -0.140316 0.519658
vn -0.540766 -0.050213 0.839673
vn 0.208648 -0.323356 0.922988
vn -0.114246 0.754376 0.646424
vn -0.685907 0.619463 0.381834
vn -0.914038 -0.033268 0.404263
vn -0.934141 0.356326 -0.020286
vn -0.429032 0.785989 -0.445144
vn -0.802297 0.186866 -0.566922
vn -0.278902 0.796667 -0.536224
vn -0.992814 -0.119663 -0.000545
vn -0.844463 -0.091152 -0.527801
vn -0.982361 -0.093239 0.162088
vn -0.886881 0.109559 -0.448819
vn -0.953075 -0.085195 -0.290501
vn -0.303898 -0.013568 -0.952608
vn -0.283614 0.062997 -0.956867
vn -0.348507 0.710648 -0.611165
vn 0.282527 0.958282 0.043285
vn 0.362105 0.909372 -0.204751
vn 0.926571 0.109575 -0.359805
vn 0.636629 0.629604 -0.445312
vn 0.823620 0.456954 -0.335922
vn 0.787796 -0.175001 -0.590552
vn 0.201171 -0.040751 -0.978708
vn 0.575473 -0.325232 -0.750370
vn -0.896689 0.397670 -0.194444
vn -0.388097 0.325913 -0.862068
vn -0.811203 0.546018 -0.209315
vn -0.847421 0.299821 -0.438160
vn 0.108399 -0.275934 -0.955045
vn 0.338396 -0.152210 -0.928612
vn -0.507428 0.040299 -0.860751
vn 0.448748 0.065426 -0.891260
vn -0.246427 0.069754 -0.966648
vn 0.479498 0.139211 -0.866431
vn -0.349663 0.479509 -0.804865
vn 0.469799 0.194975 -0.860972
vn 0.289574 0.002581 -0.957152
vn 0.981086 -0.097916 -0.166983
vn 0.834542 -0.270332 -0.480063
vn 0.962163 0.260011 -0.081471
vn 0.851206 -0.366628 -0.375544
vn 0.773256 -0.412468 0.481607
vn 0.785549 -0.289784 0.546752
vn 0.315668 -0.193693 0.928890
vn 0.412795 0.111013 0.904033
vn 0.934695 0.292849 -0.201458
vn 0.563957 0.590445 0.577345
vn 0.381875 0.626507 0.679456
vn -0.184192 0.668151 0.720865
vn -0.461771 0.644087 0.609852
vn -0.649502 0.292148 0.701995
vn -0.396107 -0.006667 0.918180
vn -0.489608 -0.115774 0.864222
vn 0.208648 -0.323356 0.922988
vn -0.540766 -0.050213 0.839673
vn 0.493701 0.010471 0.869569
vn -0.114246 0.754376 0.646424
vn 0.907834 0.345951 0.236971
vn 0.055257 0.616216 0.785636
vn 0.559364 -0.047068 0.827585
vn 0.912052 0.338842 0.230969
vn 0.832107 -0.416733 0.365968
vn 0.883029 -0.346193 -0.316876
vn 0.674454 -0.737669 0.030919
vn 0.714270 -0.645715 0.269943
vn 0.355108 -0.823939 0.441614
vn 0.075337 -0.672974 0.735819
vn 0.372778 -0.710551 0.596787
vn 0.623832 -0.653347 0.428919
vn 0.135641 -0.520135 0.843245
vn -0.007247 -0.370553 0.928783
vn 0.755454 -0.483903 0.441731
vn 0.825871 -0.463922 0.320490
vn 0.427014 -0.883249 -0.193727
vn 0.832281 -0.368282 0.414339
vn 0.866299 -0.427346 0.258654
vn 0.605738 -0.591127 0.532589
vn 0.477823 -0.566186 0.671654
vn 0.227214 -0.468390 0.853806
vn 0.506428 -0.506114 0.698126
vn 0.652863 -0.508122 0.561766
vn 0.358078 -0.401386 0.843012
vn 0.093933 -0.993250 0.068049
vn -0.202854 -0.902852 0.379089
vn -0.454635 -0.816092 0.356792
vn -0.176852 -0.947885 0.265023
vn 0.004114 -0.987001 0.160660
vn -0.851149 0.161746 0.499383
vn -0.871530 -0.185128 0.454051
vn -0.983484 0.127229 0.128730
vn -0.968977 -0.241115 0.054290
vn -0.806237 -0.559305 0.192768
vn -0.862378 -0.503202 -0.055606
vn -0.744773 -0.624053 -0.236370
vn -0.804158 -0.453110 -0.384735
vn -0.614843 -0.781164 -0.108399
vn -0.431050 -0.878589 -0.205614
vn -0.526224 -0.685346 -0.503378
vn -0.359753 -0.930446 -0.069631
vn -0.167488 -0.973639 -0.154841
vn -0.271422 -0.911004 -0.310488
vn -0.039149 -0.902884 -0.428098
vn -0.354904 -0.714723 -0.602672
vn -0.402303 -0.697260 -0.593280
vn -0.708819 -0.393516 -0.585424
vn -0.500781 -0.708228 -0.497626
vn -0.376819 -0.699176 -0.607585
vn -0.554129 -0.603976 -0.572847
vn -0.811599 -0.303520 -0.499182
vn -0.239189 -0.502128 -0.831057
vn -0.554129 -0.603976 -0.572847
vn -0.811599 -0.303520 -0.499182
vn -0.811599 -0.303520 -0.499182
vn -0.806659 -0.369649 -0.461152
vn 0.149333 -0.453609 -0.878600
vn 0.162787 -0.339444 -0.926433
vn -0.806659 -0.369649 -0.461152
vn -0.942365 -0.057599 -0.329592
vn 0.192012 -0.275785 -0.941846
vn -0.942365 -0.057599 -0.329592
vn -0.984740 0.005279 -0.173954
vn -0.984740 0.005279 -0.173954
vn -0.505437 -0.170679 -0.845814
vn 0.709989 -0.193518 -0.677102
vn 0.989630 0.000422 0.143642
vn 0.508681 0.218874 0.832669
vn 0.998332 -0.020045 0.054135
vn 0.413567 0.796224 0.441577
vn 0.391260 -0.167221 -0.904960
vn -0.492713 -0.057921 -0.868262
vn -0.413200 0.300857 -0.859506
vn 0.516650 0.299098 -0.802255
vn 0.955761 0.121255 -0.267988
vn 0.820979 0.556640 0.127068
vn 0.556807 -0.396968 0.729645
vn 0.932072 -0.361619 0.021765
vn 0.834941 0.297908 -0.462736
vn 0.758431 -0.386880 -0.524505
vn 0.785625 -0.484611 -0.384637
vn 0.541314 0.044368 -0.839649
vn 0.085365 0.677229 -0.730804
vn -0.023372 0.022176 -0.999481
vn -0.057834 0.749926 -0.658989
vn 0.436816 -0.421932 -0.794459
vn 0.907276 -0.411119 0.088493
vn 0.721923 -0.302799 -0.622206
vn 0.940962 -0.289365 0.175668
vn 0.978042 -0.051967 -0.201825
vn 0.721120 0.091744 -0.686709
vn 0.922642 0.351378 -0.158951
vn 0.570937 0.586534 0.574464
vn 0.888576 0.441334 0.125127
vn 0.708760 0.374086 -0.598096
vn 0.622864 0.246628 -0.742438
vn 0.511563 0.782180 -0.355665
vn 0.483574 0.842145 0.238637
vn -0.076978 0.967049 0.242673
vn 0.026780 0.997250 -0.069107
vn -0.140867 0.930832 -0.337207
vn 0.130679 0.981735 -0.138269
vn -0.034167 0.912371 -0.407936
vn -0.128973 0.827050 -0.547132
vn -0.013362 0.839629 -0.542996
vn 0.050970 0.690793 -0.721254
vn -0.277913 0.616372 -0.736783
vn 0.147153 0.742673 -0.653287
vn 0.262932 0.325315 -0.908315
vn 0.139193 0.091219 -0.986055
vn 0.386661 0.292753 -0.874522
vn 0.393376 0.124909 -0.910853
vn -0.343629 0.478233 -0.808216
vn -0.451334 0.028440 -0.891902
vn -0.653837 0.155893 -0.740402
vn -0.338955 0.676157 -0.654157
vn -0.896931 0.430231 -0.102061
vn -0.870386 0.478333 -0.116729
vn -0.420210 0.332703 -0.844235
vn 0.579394 0.075788 0.811516
vn 0.922642 0.351378 -0.158951
vn 0.978042 -0.051967 -0.201825
vn 0.940962 -0.289365 0.175668
vn -0.255816 0.651266 -0.714431
vn 0.003820 0.340030 -0.940407
vn -0.360382 0.449998 -0.817084
vn -0.420742 0.279517 -0.863045
vn -0.172898 0.132824 -0.975943
vn -0.376269 0.407222 -0.832221
vn -0.452162 0.390844 -0.801742
vn -0.484668 0.150609 -0.861635
vn 0.094619 0.975042 -0.200847
vn 0.551008 -0.243451 0.798199
vn 0.907276 -0.411119 0.088493
vn 0.932072 -0.361619 0.021765
vn 0.556807 -0.396968 0.729645
vn 0.820979 0.556640 0.127068
vn 0.481003 0.013156 0.876620
vn -0.131404 0.565679 0.814089
vn -0.723123 0.588574 -0.361489
vn -0.841676 0.526360 0.120525
vn -0.910135 0.393418 0.129912
vn -0.921671 0.158534 -0.354104
vn -0.803814 0.374477 -0.462222
vn -0.583864 0.119616 -0.802991
vn -0.612201 -0.202197 -0.764412
vn -0.878502 -0.146653 -0.454673
vn -0.940190 0.337558 -0.045787
vn -0.806659 -0.369649 -0.461152
vn -0.942365 -0.057599 -0.329592
vn -0.612720 0.410344 0.675420
vn 0.510799 0.317014 0.799116
vn -0.984740 0.005279 -0.173954
vn -0.454893 0.272832 0.847723
vn 0.507982 0.205540 0.836485
vn 0.508636 0.217937 0.832942
vn -0.355100 0.284740 0.890408
vn 0.508681 0.218874 0.832669
vn -0.955695 0.158572 0.247995
vn -0.505437 -0.170679 -0.845814
vn -0.439127 0.283879 0.852397
vn -0.982039 0.123104 -0.142986
vn -0.492713 -0.057921 -0.868262
vn -0.413200 0.300857 -0.859506
vn -0.811940 0.580190 -0.064293
vn 0.413567 0.796224 0.441577
vn -0.639041 0.458448 0.617618
vn 0.038667 0.320405 0.946491
vn -0.246808 0.207878 0.946505
vn -0.526631 0.581802 0.619812
vn 0.220891 0.551966 0.804078
vn -0.773212 0.153869 0.615197
vn -0.947017 -0.287001 0.144186
vn -0.110729 0.960220 0.256353
vn 0.353175 0.537117 0.766011
vn -0.912010 0.045057 -0.407685
vn -0.434752 -0.830280 -0.348750
vn -0.516142 -0.856499 -0.002609
vn 0.093933 -0.993250 0.068049
vn 0.637659 -0.717328 -0.280770
vn 0.358078 -0.401386 0.843012
vn 0.712459 0.303235 0.632812
vn 0.038667 0.320405 0.946491
vn 0.220891 0.551966 0.804078
vn 0.951961 -0.127940 0.278212
vn 0.786457 -0.048880 0.615708
vn 0.353175 0.537117 0.766011
vn 0.793785 -0.444878 0.414716
vn 0.413852 0.601599 0.683231
vn 0.693723 -0.034486 0.719415
vn 0.410926 0.845540 0.340884
vn 0.704600 0.251715 0.663460
vn 0.357886 -0.855903 -0.373293
vn -0.509728 -0.677672 -0.530036
vn 0.256595 -0.870643 -0.419691
vn -0.511852 -0.665375 -0.543400
vn 0.126220 -0.878169 -0.461398
vn -0.433442 -0.694512 -0.574266
vn -0.869353 0.115340 -0.480544
vn -0.917226 -0.084415 -0.389321
vn -0.433479 0.766785 0.473431
vn 0.413852 0.601599 0.683231
vn -0.966578 -0.186083 -0.176352
vn -0.201149 0.365617 0.908770
vn 0.116163 0.555505 0.823359
vn -0.882021 -0.357696 0.306746
vn 0.410926 0.845540 0.340884
vn -0.705509 0.191857 0.682237
vn 0.070994 0.795997 0.601122
vn 0.091930 0.363728 0.926958
vn 0.704600 0.251715 0.663460
vn -0.476111 -0.858909 0.188662
vn 0.240083 -0.881437 0.406729
vn 0.085272 -0.963684 -0.253065
vn -0.542583 -0.774566 -0.325042
vn 0.811032 0.456422 0.365933
vn 0.397166 -0.012774 0.917658
vn -0.140570 0.561399 0.815519
vn -0.227666 -0.192663 0.954489
vn -0.103276 -0.227140 0.968371
vn -0.790463 0.007637 0.612462
vn -0.526698 0.742454 0.413947
vn -0.704083 0.454347 0.545743
vn -0.056993 0.997982 0.027986
vn 0.199933 0.975745 0.089151
vn -0.112954 0.660844 -0.741975
vn -0.473133 0.864242 0.170969
vn -0.630141 0.136263 -0.764431
vn -0.912266 0.194664 -0.360385
vn -0.916074 0.185252 0.355655
vn -0.992696 0.006329 0.120478
vn -0.921986 -0.058077 -0.382842
vn -0.971584 0.124762 -0.201143
vn -0.829791 -0.011211 0.557961
vn -0.017340 -0.120029 0.992619
vn -0.636717 0.244139 0.731428
vn -0.877523 0.091653 0.470695
vn -0.923295 0.259020 -0.283612
vn 0.089850 -0.096953 -0.991225
vn -0.640876 0.057680 -0.765475
vn -0.057987 -0.257438 -0.964553
vn 0.190584 -0.327000 -0.925607
vn 0.573570 -0.422212 -0.701965
vn 0.858974 0.146307 0.490670
vn 0.942318 0.271174 -0.196218
vn 0.960095 -0.047117 0.275677
vn 0.726910 0.445027 0.523023
vn 0.481417 -0.588989 -0.649100
vn 0.921406 -0.201174 -0.332476
vn 0.563105 0.817911 -0.118045
vn 0.627770 0.479059 0.613521
vn 0.115450 -0.172059 -0.978298
vn 0.835483 0.498486 -0.231259
vn 0.057235 -0.080570 -0.995104
vn 0.550965 0.572609 0.607089
vn 0.956373 0.120880 0.265966
vn 0.793903 0.412210 0.446991
vn 0.347590 0.858932 0.376056
vn 0.286386 0.340139 0.895706
vn 0.830593 0.207551 0.516757
vn 0.708237 0.661264 0.247243
vn 0.957259 -0.159704 -0.241144
vn 0.561690 -0.662942 -0.494987
vn 0.114063 -0.983691 -0.139078
vn -0.249462 -0.836541 -0.487820
vn -0.056391 -0.818753 0.571370
vn 0.286386 0.340139 0.895706
vn 0.248074 0.059740 0.966897
vn 0.347590 0.858932 0.376056
vn -0.549657 -0.829440 0.099529
vn -0.178126 -0.239385 0.954445
vn 0.550965 0.572609 0.607089
vn 0.627770 0.479059 0.613521
vn 0.114113 0.093275 0.989079
vn 0.726910 0.445027 0.523023
vn -0.266747 0.129733 0.954995
vn 0.273453 0.397808 0.875769
vn 0.858974 0.146307 0.490670
vn 0.410520 -0.371584 0.832706
vn -0.760330 -0.419781 0.495663
vn -0.216920 -0.923890 0.315235
vn -0.744997 -0.622719 0.239168
vn -0.337887 -0.850760 -0.402542
vn -0.023046 -0.960755 -0.276439
vn -0.403153 -0.700205 -0.589220
vn -0.409265 -0.687065 -0.600369
vn 0.092574 -0.297918 -0.950092
vn 0.259208 -0.445253 -0.857065
vn -0.481193 -0.684415 -0.547749
vn -0.713516 -0.700622 0.004932
vn -0.739261 -0.660087 0.133336
vn -0.281670 -0.172462 0.943885
vn -0.246808 0.207878 0.946505
vn 0.038667 0.320405 0.946491
vn -0.526631 0.581802 0.619812
vn -0.143581 -0.031328 0.989143
vn -0.216720 -0.750536 0.624282
vn -0.017648 -0.925620 0.378042
vn 0.236415 -0.227453 0.944655
vn -0.042843 -0.973513 0.224583
vn -0.249125 -0.844639 0.473837
vn -0.008907 -0.939748 0.341753
vn 0.425574 -0.262096 0.866136
vn 0.591217 -0.302568 0.747606
vn 0.029474 -0.935583 0.351874
vn 0.870761 -0.245986 0.425753
vn -0.099411 -0.961553 0.255996
vn 0.381486 -0.877016 0.292081
vn 0.244081 -0.948918 0.199946
vn 0.051302 -0.901679 0.429353
vn 0.405608 -0.897465 0.173315
vn -0.061773 -0.964687 0.256051
vn 0.046108 -0.900581 0.432237
vn -0.332130 -0.741484 0.583002
vn 0.103119 -0.853570 0.510672
vn 0.385993 -0.381021 0.840138
vn 0.415033 0.142190 0.898626
vn 0.945227 0.306143 0.113236
vn 0.144133 0.984097 -0.103817
vn -0.077033 0.988048 0.133516
vn -0.015735 0.948556 -0.316219
vn 0.287943 0.944362 0.158961
vn -0.273265 0.903569 -0.329985
vn 0.101708 0.928770 -0.356429
vn -0.069793 0.884000 -0.462247
vn -0.156029 0.796465 -0.584208
vn 0.142166 0.815733 -0.560685
vn 0.583629 0.106544 0.805000
vn -0.263287 0.561662 0.784357
vn 0.153594 0.982073 -0.109280
vn 0.455204 0.875517 -0.162050
vn 0.044876 0.935600 -0.350199
vn -0.050504 0.961019 -0.271829
vn -0.002264 0.730506 -0.682902
vn 0.080642 0.996070 -0.036615
vn -0.130235 0.664533 -0.735823
vn -0.042225 0.906073 -0.421009
vn -0.239291 0.682393 -0.690709
vn -0.334041 0.707624 -0.622643
vn 0.242678 0.961811 -0.126597
vn -0.331167 0.800047 -0.500253
vn -0.630592 -0.743623 0.222212
vn -0.625101 -0.780406 0.014698
vn -0.318600 -0.927939 0.193451
vn -0.332180 -0.858687 0.390273
vn 0.022512 -0.930217 0.366319
vn -0.858415 -0.507872 0.072038
vn -0.848679 -0.510914 -0.136791
vn -0.010751 -0.835761 0.548988
vn 0.347218 -0.787648 0.508970
vn -0.981552 -0.187776 -0.036009
vn -0.957197 -0.159206 -0.241719
vn 0.287404 -0.677137 0.677410
vn 0.604672 -0.520076 0.603235
vn -0.981667 0.169034 -0.088078
vn -0.932658 0.220747 -0.285343
vn 0.514649 -0.408517 0.753824
vn 0.757947 -0.170842 0.629547
vn -0.858299 0.507640 -0.074996
vn -0.779373 0.570868 -0.258241
vn 0.637868 -0.070225 0.766937
vn 0.782134 0.209622 0.586792
vn -0.630554 0.776144 0.001190
vn -0.521761 0.836866 -0.165591
vn 0.637773 0.286544 0.714940
vn 0.674379 0.560268 0.480950
vn -0.334414 0.933517 0.129281
vn -0.196732 0.980207 -0.022139
vn 0.514718 0.606570 0.605920
vn 0.449615 0.830522 0.328753
vn -0.010306 0.957282 0.288972
vn 0.145339 0.977828 0.150764
vn 0.286592 0.842367 0.456379
vn 0.030083 0.700411 0.713105
vn 0.205677 0.521730 0.827946
vn -0.105166 0.385081 0.916871
vn -0.213370 0.486676 0.847124
vn -0.042923 0.244002 0.968824
vn -0.198779 0.786157 0.585187
vn -0.352509 0.531102 0.770499
vn -0.446080 0.766003 0.462873
vn -0.497313 0.513559 0.699240
vn -0.671359 0.644450 0.366006
vn -0.845342 0.435857 0.308911
vn -0.629870 0.434017 0.644122
vn -0.448191 0.128571 0.884644
vn 0.301833 0.277565 0.912061
vn -0.036191 0.082005 0.995975
vn 0.303857 0.004231 0.952708
vn -0.084936 -0.074004 0.993634
vn 0.211255 -0.254390 0.943746
vn -0.183241 -0.200097 0.962488
vn -0.937316 0.177791 0.299714
vn -0.935305 -0.095737 0.340646
vn -0.840300 -0.338357 0.423569
vn -0.663153 -0.518206 0.540084
vn -0.436438 -0.604500 0.666409
vn -0.188393 -0.584171 0.789463
vn 0.038506 -0.461497 0.886306
vn -0.728810 0.306567 0.612252
vn -0.314618 -0.279022 0.907283
vn -0.462983 -0.297646 0.834897
vn -0.599973 -0.253527 0.758786
vn -0.771018 -0.009923 0.636736
vn -0.708081 -0.151606 0.689664
vn -0.777550 0.151080 0.610402
vn 0.021114 -0.999766 0.004798
vn 0.067033 -0.926745 -0.369663
vn 0.251486 -0.930122 -0.267632
vn 0.210807 -0.973492 0.088737
vn -0.000786 -0.925291 0.379257
vn 0.310817 -0.755085 -0.577269
vn 0.133799 -0.718641 -0.682388
vn 0.381036 -0.475870 -0.792691
vn 0.209466 -0.405876 -0.889600
vn 0.449860 -0.133636 -0.883044
vn 0.280668 -0.035789 -0.959137
vn 0.507436 0.218881 -0.833426
vn 0.339049 0.334398 -0.879331
vn 0.545000 0.527595 -0.651628
vn 0.375064 0.647249 -0.663623
vn 0.557739 0.744887 -0.366156
vn 0.382214 0.857800 -0.343645
vn 0.541289 0.840658 -0.017345
vn 0.359852 0.932473 0.031639
vn 0.500844 0.797068 0.337400
vn 0.314443 0.859102 0.403818
vn 0.440836 0.622191 0.646948
vn 0.247452 0.650533 0.718035
vn 0.371476 0.342847 0.862822
vn 0.173230 0.338363 0.924933
vn 0.302615 0.000658 0.953113
vn 0.100988 -0.031940 0.994375
vn 0.245041 -0.351512 0.903545
vn 0.043529 -0.401433 0.914854
vn 0.207015 -0.660140 0.722053
vn 0.005621 -0.715424 0.698668
vn 0.194576 -0.879174 0.434964
vn 0.555520 -0.741458 0.376346
vn 0.566751 -0.816606 0.109310
vn 0.564869 -0.572787 0.594001
vn 0.807942 -0.516367 0.283894
vn 0.815109 -0.411181 0.408077
vn 0.594152 -0.335347 0.731113
vn 0.833083 -0.268103 0.483833
vn 0.638060 -0.066431 0.767116
vn 0.860455 -0.107574 0.498042
vn 0.691084 0.195266 0.695898
vn 0.892014 0.046327 0.449627
vn 0.744317 0.407844 0.528824
vn 0.923217 0.167648 0.345781
vn 0.789844 0.539773 0.291188
vn 0.821060 0.570530 0.018842
vn 0.949449 0.240819 0.201378
vn 0.966958 0.252125 0.037762
vn 0.832596 0.495651 -0.247212
vn 0.980599 -0.173520 0.091197
vn 0.813637 -0.567565 0.125955
vn 0.830446 -0.555963 -0.035566
vn 0.598419 -0.784942 -0.160502
vn 0.643679 -0.652117 -0.400526
vn 0.857246 -0.482566 -0.179607
vn 0.888170 -0.360728 -0.284657
vn 0.696857 -0.440828 -0.565739
vn 0.749702 -0.178898 -0.637136
vn 0.793930 0.089264 -0.601421
vn 0.822803 0.328537 -0.463744
vn 0.965488 0.096707 -0.241826
vn 0.972214 0.202855 -0.116829
vn 0.946801 -0.047712 -0.318262
vn 0.919993 -0.207835 -0.332290

# SubMesh 0
g SubMesh_0
usemtl mat_0
f 1//1 2//2 3//3
f 4//4 5//5 6//6
f 7//7 8//8 9//9
f 10//10 11//11 12//12
f 13//13 14//14 15//15
f 15//15 1//1 13//13
f 16//16 9//9 17//17
f 17//17 18//18 16//16
f 19//19 20//20 21//21
f 21//21 22//22 19//19
f 23//23 22//22 21//21
f 21//21 24//24 23//23
f 23//23 24//24 25//25
f 25//25 26//26 23//23
f 23//23 26//26 27//27
f 27//27 28//28 23//23
f 23//23 28//28 29//29
f 29//29 22//22 23//23
f 30//30 22//22 29//29
f 29//29 31//31 30//30
f 32//32 33//33 34//34
f 34//34 35//35 32//32
f 36//36 35//35 34//34
f 34//34 37//37 36//36
f 36//36 37//37 38//38
f 38//38 39//39 36//36
f 36//36 39//39 40//40
f 40//40 41//41 36//36
f 36//36 41//41 42//42
f 42//42 35//35 36//36
f 43//43 35//35 42//42
f 42//42 44//44 43//43
f 45//45 46//46 47//47
f 47//47 48//48 45//45
f 45//45 48//48 49//49
f 49//49 50//50 45//45
f 51//51 50//50 49//49
f 49//49 52//52 51//51
f 53//53 52//52 49//49
f 49//49 54//54 53//53
f 55//55 54//54 49//49
f 49//49 48//48 55//55
f 55//55 48//48 56//56
f 56//56 57//57 55//55
f 58//58 59//59 60//60
f 60//60 61//61 58//58
f 58//58 61//61 62//62
f 62//62 63//63 58//58
f 64//64 63//63 62//62
f 62//62 65//65 64//64
f 66//66 65//65 62//62
f 62//62 67//67 66//66
f 68//68 67//67 62//62
f 62//62 61//61 68//68
f 68//68 61//61 69//69
f 69//69 70//70 68//68
f 71//71 72//72 73//73
f 73//73 74//74 71//71
f 74//74 73//73 75//75
f 76//76 71//71 74//74
f 75//75 77//77 74//74
f 77//77 75//75 78//78
f 74//74 79//79 76//76
f 79//79 74//74 77//77
f 78//78 80//80 77//77
f 77//77 81//81 79//79
f 80//80 78//78 82//82
f 77//77 80//80 83//83
f 83//83 81//81 77//77
f 82//82 84//84 80//80
f 83//83 80//80 84//84
f 85//85 84//84 82//82
f 82//82 86//86 85//85
f 85//85 86//86 87//87
f 87//87 88//88 85//85
f 88//88 87//87 89//89
f 90//90 84//84 85//85
f 84//84 90//90 83//83
f 89//89 91//91 88//88
f 83//83 90//90 92//92
f 93//93 91//91 89//89
f 89//89 94//94 93//93
f 95//95 93//93 94//94
f 94//94 96//96 95//95
f 97//97 95//95 96//96
f 96//96 98//98 97//97
f 98//98 99//99 100//100
f 100//100 97//97 98//98
f 100//100 101//101 97//97
f 95//95 97//97 101//101
f 101//101 100//100 102//102
f 102//102 103//103 101//101
f 103//103 102//102 104//104
f 104//104 105//105 103//103
f 104//104 106//106 105//105
f 107//107 105//105 106//106
f 106//106 108//108 107//107
f 107//107 108//108 109//109
f 110//110 107//107 109//109
f 109//109 111//111 110//110
f 111//111 112//112 113//113
f 113//113 110//110 111//111
f 110//110 113//113 114//114
f 114//114 113//113 115//115
f 115//115 116//116 117//117
f 117//117 118//118 115//115
f 114//114 115//115 118//118
f 118//118 117//117 119//119
f 119//119 120//120 118//118
f 120//120 119//119 121//121
f 121//121 122//122 120//120
f 120//120 122//122 123//123
f 124//124 118//118 120//120
f 118//118 124//124 114//114
f 124//124 125//125 114//114
f 114//114 125//125 110//110
f 120//120 126//126 124//124
f 125//125 124//124 126//126
f 126//126 120//120 123//123
f 123//123 127//127 126//126
f 127//127 123//123 128//128
f 128//128 129//129 127//127
f 127//127 129//129 130//130
f 130//130 131//131 127//127
f 127//127 131//131 132//132
f 132//132 126//126 127//127
f 133//133 131//131 130//130
f 130//130 134//134 133//133
f 135//135 133//133 134//134
f 135//135 134//134 136//136
f 136//136 137//137 135//135
f 137//137 136//136 138//138
f 135//135 137//137 139//139
f 138//138 140//140 137//137
f 139//139 137//137 140//140
f 140//140 141//141 139//139
f 142//142 140//140 138//138
f 141//141 140//140 142//142
f 143//143 139//139 141//141
f 139//139 143//143 135//135
f 144//144 143//143 141//141
f 135//135 143//143 144//144
f 144//144 133//133 135//135
f 141//141 145//145 144//144
f 142//142 145//145 141//141
f 146//146 144//144 145//145
f 145//145 142//142 146//146
f 147//147 131//131 133//133
f 133//133 144//144 147//147
f 132//132 131//131 147//147
f 147//147 144//144 146//146
f 147//147 148//148 132//132
f 126//126 132//132 148//148
f 149//149 148//148 147//147
f 146//146 149//149 147//147
f 150//150 148//148 149//149
f 149//149 151//151 150//150
f 151//151 149//149 152//152
f 152//152 149//149 146//146
f 152//152 146//146 142//142
f 152//152 153//153 151//151
f 154//154 153//153 152//152
f 152//152 155//155 154//154
f 142//142 155//155 152//152
f 156//156 154//154 155//155
f 155//155 157//157 156//156
f 157//157 155//155 142//142
f 142//142 158//158 157//157
f 158//158 142//142 159//159
f 159//159 160//160 158//158
f 161//161 158//158 160//160
f 160//160 159//159 162//162
f 162//162 159//159 142//142
f 162//162 161//161 160//160
f 163//163 161//161 162//162
f 162//162 164//164 163//163
f 165//165 163//163 164//164
f 142//142 164//164 162//162
f 138//138 164//164 142//142
f 164//164 138//138 166//166
f 166//166 167//167 164//164
f 168//168 167//167 166//166
f 164//164 167//167 165//165
f 169//169 154//154 156//156
f 153//153 154//154 169//169
f 156//156 170//170 169//169
f 169//169 171//171 153//153
f 151//151 153//153 171//171
f 172//172 169//169 170//170
f 171//171 169//169 172//172
f 170//170 173//173 172//172
f 172//172 173//173 174//174
f 174//174 175//175 172//172
f 172//172 176//176 171//171
f 176//176 172//172 175//175
f 177//177 175//175 174//174
f 174//174 178//178 177//177
f 178//178 174//174 179//179
f 179//179 180//180 181//181
f 181//181 182//182 179//179
f 179//179 182//182 178//178
f 183//183 182//182 181//181
f 181//181 184//184 183//183
f 183//183 184//184 185//185
f 185//185 186//186 183//183
f 171//171 187//187 151//151
f 188//188 186//186 185//185
f 185//185 189//189 188//188
f 190//190 186//186 188//188
f 183//183 186//186 190//190
f 190//190 191//191 183//183
f 182//182 183//183 191//191
f 192//192 177//177 178//178
f 182//182 193//193 178//178
f 191//191 193//193 182//182
f 178//178 193//193 192//192
f 193//193 191//191 194//194
f 194//194 192//192 193//193
f 191//191 190//190 195//195
f 195//195 194//194 191//191
f 188//188 196//196 190//190
f 195//195 190//190 196//196
f 196//196 188//188 197//197
f 197//197 188//188 189//189
f 189//189 198//198 197//197
f 197//197 198//198 199//199
f 199//199 200//200 197//197
f 197//197 200//200 201//201
f 201//201 202//202 197//197
f 197//197 202//202 196//196
f 203//203 202//202 201//201
f 201//201 204//204 203//203
f 204//204 201//201 205//205
f 205//205 206//206 204//204
f 206//206 205//205 207//207
f 207//207 208//208 206//206
f 206//206 208//208 209//209
f 177//177 192//192 210//210
f 209//209 211//211 206//206
f 204//204 206//206 211//211
f 177//177 210//210 212//212
f 212//212 175//175 177//177
f 175//175 212//212 213//213
f 175//175 213//213 214//214
f 213//213 212//212 215//215
f 214//214 213//213 216//216
f 215//215 216//216 213//213
f 214//214 176//176 175//175
f 187//187 171//171 176//176
f 176//176 214//214 217//217
f 217//217 218//218 176//176
f 176//176 218//218 187//187
f 219//219 202//202 203//203
f 187//187 218//218 220//220
f 202//202 219//219 221//221
f 221//221 196//196 202//202
f 196//196 221//221 195//195
f 222//222 195//195 221//221
f 223//223 194//194 195//195
f 192//192 194//194 223//223
f 223//223 210//210 192//192
f 223//223 195//195 222//222
f 210//210 223//223 224//224
f 222//222 224//224 223//223
f 212//212 210//210 225//225
f 224//224 225//225 210//210
f 225//225 215//215 212//212
f 226//226 215//215 225//225
f 216//216 215//215 226//226
f 226//226 227//227 216//216
f 228//228 216//216 227//227
f 214//214 216//216 228//228
f 228//228 217//217 214//214
f 218//218 217//217 229//229
f 229//229 220//220 218//218
f 221//221 230//230 222//222
f 230//230 221//221 219//219
f 219//219 231//231 230//230
f 203//203 231//231 219//219
f 231//231 232//232 230//230
f 222//222 230//230 232//232
f 233//233 231//231 203//203
f 203//203 204//204 233//233
f 233//233 204//204 234//234
f 211//211 234//234 204//204
f 234//234 235//235 233//233
f 235//235 234//234 236//236
f 236//236 234//234 211//211
f 233//233 235//235 237//237
f 211//211 238//238 236//236
f 238//238 211//211 209//209
f 237//237 239//239 233//233
f 231//231 233//233 239//239
f 239//239 232//232 231//231
f 240//240 239//239 237//237
f 232//232 239//239 240//240
f 240//240 241//241 232//232
f 241//241 240//240 242//242
f 243//243 232//232 241//241
f 232//232 243//243 222//222
f 241//241 244//244 243//243
f 244//244 241//241 242//242
f 222//222 243//243 245//245
f 245//245 224//224 222//222
f 225//225 224//224 245//245
f 245//245 246//246 225//225
f 225//225 246//246 226//226
f 247//247 226//226 246//246
f 248//248 246//246 245//245
f 227//227 226//226 247//247
f 246//246 248//248 247//247
f 247//247 249//249 227//227
f 249//249 247//247 250//250
f 250//250 247//247 248//248
f 251//251 227//227 249//249
f 227//227 251//251 228//228
f 217//217 228//228 252//252
f 228//228 251//251 253//253
f 253//253 252//252 228//228
f 252//252 229//229 217//217
f 252//252 253//253 254//254
f 252//252 255//255 229//229
f 252//252 254//254 255//255
f 229//229 255//255 256//256
f 220//220 229//229 257//257
f 256//256 257//257 229//229
f 257//257 258//258 220//220
f 259//259 257//257 256//256
f 260//260 258//258 257//257
f 257//257 259//259 260//260
f 261//261 258//258 260//260
f 262//262 220//220 258//258
f 258//258 261//261 262//262
f 220//220 262//262 187//187
f 151//151 187//187 262//262
f 262//262 150//150 151//151
f 150//150 262//262 261//261
f 263//263 245//245 243//243
f 245//245 263//263 248//248
f 243//243 244//244 263//263
f 264//264 263//263 244//244
f 242//242 265//265 244//244
f 244//244 265//265 264//264
f 265//265 242//242 266//266
f 267//267 264//264 265//265
f 266//266 268//268 265//265
f 265//265 268//268 267//267
f 268//268 266//266 269//269
f 261//261 270//270 150//150
f 148//148 150//150 270//270
f 270//270 261//261 271//271
f 125//125 272//272 270//270
f 126//126 272//272 125//125
f 148//148 272//272 126//126
f 270//270 272//272 148//148
f 270//270 273//273 125//125
f 271//271 273//273 270//270
f 110//110 125//125 273//273
f 273//273 107//107 110//110
f 105//105 107//107 273//273
f 273//273 271//271 105//105
f 103//103 105//105 271//271
f 271//271 261//261 274//274
f 260//260 274//274 261//261
f 274//274 103//103 271//271
f 101//101 103//103 274//274
f 274//274 275//275 101//101
f 101//101 275//275 95//95
f 93//93 95//95 275//275
f 259//259 275//275 274//274
f 274//274 260//260 259//259
f 256//256 276//276 259//259
f 275//275 259//259 276//276
f 277//277 256//256 255//255
f 276//276 256//256 277//277
f 254//254 277//277 255//255
f 277//277 278//278 276//276
f 276//276 278//278 279//279
f 276//276 279//279 275//275
f 275//275 279//279 93//93
f 91//91 93//93 279//279
f 280//280 279//279 278//278
f 279//279 280//280 91//91
f 91//91 280//280 281//281
f 281//281 88//88 91//91
f 281//281 280//280 282//282
f 278//278 282//282 280//280
f 88//88 281//281 283//283
f 283//283 85//85 88//88
f 85//85 283//283 90//90
f 92//92 90//90 283//283
f 283//283 281//281 284//284
f 282//282 284//284 281//281
f 284//284 285//285 283//283
f 283//283 285//285 92//92
f 286//286 285//285 284//284
f 92//92 285//285 286//286
f 286//286 287//287 92//92
f 288//288 92//92 287//287
f 92//92 288//288 83//83
f 81//81 83//83 288//288
f 287//287 289//289 288//288
f 290//290 288//288 289//289
f 288//288 290//290 81//81
f 81//81 290//290 291//291
f 291//291 290//290 292//292
f 289//289 292//292 290//290
f 81//81 291//291 293//293
f 293//293 79//79 81//81
f 76//76 79//79 293//293
f 293//293 294//294 76//76
f 293//293 295//295 294//294
f 296//296 295//295 293//293
f 293//293 291//291 296//296
f 297//297 296//296 291//291
f 291//291 298//298 297//297
f 292//292 298//298 291//291
f 297//297 298//298 299//299
f 299//299 300//300 297//297
f 300//300 299//299 301//301
f 301//301 302//302 300//300
f 303//303 302//302 301//301
f 301//301 304//304 303//303
f 305//305 303//303 304//304
f 306//306 304//304 301//301
f 307//307 304//304 306//306
f 304//304 307//307 305//305
f 308//308 309//309 305//305
f 305//305 307//307 308//308
f 308//308 307//307 310//310
f 308//308 310//310 311//311
f 311//311 312//312 308//308
f 313//313 312//312 311//311
f 311//311 310//310 314//314
f 315//315 311//311 314//314
f 311//311 315//315 313//313
f 314//314 316//316 315//315
f 316//316 314//314 310//310
f 310//310 307//307 316//316
f 306//306 316//316 307//307
f 316//316 306//306 317//317
f 317//317 315//315 316//316
f 317//317 306//306 318//318
f 301//301 318//318 306//306
f 318//318 301//301 299//299
f 318//318 319//319 317//317
f 319//319 318//318 320//320
f 299//299 320//320 318//318
f 320//320 321//321 319//319
f 320//320 299//299 298//298
f 321//321 320//320 322//322
f 298//298 322//322 320//320
f 322//322 298//298 323//323
f 323//323 298//298 292//292
f 292//292 324//324 323//323
f 324//324 292//292 289//289
f 289//289 325//325 324//324
f 289//289 287//287 326//326
f 326//326 325//325 289//289
f 327//327 326//326 287//287
f 287//287 286//286 327//327
f 326//326 327//327 328//328
f 329//329 327//327 286//286
f 286//286 330//330 329//329
f 284//284 330//330 286//286
f 331//331 330//330 284//284
f 331//331 329//329 330//330
f 284//284 282//282 331//331
f 331//331 282//282 278//278
f 278//278 277//277 331//331
f 332//332 331//331 277//277
f 329//329 331//331 332//332
f 277//277 254//254 332//332
f 332//332 333//333 329//329
f 327//327 329//329 333//333
f 333//333 328//328 327//327
f 332//332 334//334 333//333
f 334//334 332//332 254//254
f 254//254 335//335 334//334
f 335//335 254//254 253//253
f 336//336 253//253 251//251
f 253//253 336//336 335//335
f 251//251 337//337 336//336
f 249//249 337//337 251//251
f 337//337 249//249 250//250
f 250//250 338//338 337//337
f 337//337 338//338 339//339
f 339//339 336//336 337//337
f 340//340 338//338 250//250
f 339//339 338//338 340//340
f 341//341 334//334 335//335
f 335//335 342//342 341//341
f 342//342 335//335 336//336
f 336//336 339//339 342//342
f 343//343 342//342 339//339
f 341//341 342//342 343//343
f 248//248 344//344 250//250
f 344//344 248//248 263//263
f 263//263 264//264 344//344
f 340//340 250//250 344//344
f 345//345 344//344 264//264
f 340//340 344//344 345//345
f 264//264 267//267 345//345
f 346//346 340//340 345//345
f 345//345 347//347 346//346
f 347//347 345//345 267//267
f 267//267 348//348 347//347
f 348//348 267//267 268//268
f 268//268 349//349 348//348
f 269//269 349//349 268//268
f 348//348 349//349 350//350
f 350//350 349//349 269//269
f 350//350 351//351 348//348
f 348//348 351//351 352//352
f 352//352 347//347 348//348
f 353//353 351//351 350//350
f 352//352 351//351 353//353
f 346//346 347//347 352//352
f 353//353 354//354 352//352
f 352//352 355//355 346//346
f 355//355 352//352 354//354
f 354//354 353//353 356//356
f 354//354 357//357 355//355
f 356//356 358//358 354//354
f 359//359 357//357 354//354
f 354//354 358//358 359//359
f 359//359 358//358 360//360
f 361//361 360//360 358//358
f 358//358 356//356 361//361
f 360//360 361//361 362//362
f 339//339 363//363 343//343
f 340//340 363//363 339//339
f 363//363 340//340 346//346
f 346//346 364//364 363//363
f 364//364 346//346 355//355
f 365//365 343//343 363//363
f 363//363 364//364 365//365
f 366//366 343//343 365//365
f 343//343 366//366 341//341
f 341//341 366//366 367//367
f 368//368 367//367 366//366
f 367//367 369//369 341//341
f 341//341 369//369 370//370
f 334//334 341//341 370//370
f 370//370 333//333 334//334
f 328//328 333//333 370//370
f 370//370 371//371 328//328
f 371//371 370//370 369//369
f 328//328 372//372 326//326
f 372//372 328//328 371//371
f 326//326 372//372 373//373
f 373//373 325//325 326//326
f 371//371 374//374 372//372
f 373//373 372//372 374//374
f 374//374 371//371 375//375
f 369//369 375//375 371//371
f 325//325 373//373 376//376
f 376//376 324//324 325//325
f 376//376 323//323 324//324
f 323//323 377//377 322//322
f 377//377 323//323 376//376
f 376//376 373//373 378//378
f 374//374 378//378 373//373
f 378//378 379//379 376//376
f 376//376 379//379 377//377
f 380//380 379//379 378//378
f 377//377 379//379 380//380
f 381//381 322//322 377//377
f 322//322 381//381 321//321
f 377//377 382//382 381//381
f 380//380 382//382 377//377
f 383//383 321//321 381//381
f 321//321 383//383 384//384
f 384//384 319//319 321//321
f 319//319 384//384 385//385
f 385//385 317//317 319//319
f 317//317 385//385 386//386
f 386//386 315//315 317//317
f 386//386 313//313 315//315
f 386//386 385//385 387//387
f 386//386 387//387 313//313
f 387//387 388//388 313//313
f 388//388 387//387 389//389
f 390//390 362//362 361//361
f 389//389 391//391 388//388
f 388//388 391//391 313//313
f 392//392 391//391 389//389
f 391//391 392//392 393//393
f 393//393 394//394 391//391
f 313//313 391//391 394//394
f 394//394 395//395 313//313
f 396//396 395//395 394//394
f 394//394 393//393 397//397
f 394//394 397//397 396//396
f 397//397 393//393 392//392
f 396//396 397//397 398//398
f 392//392 398//398 397//397
f 396//396 398//398 399//399
f 399//399 400//400 396//396
f 399//399 398//398 401//401
f 401//401 402//402 399//399
f 402//402 401//401 403//403
f 403//403 404//404 402//402
f 405//405 404//404 403//403
f 403//403 406//406 405//405
f 407//407 405//405 406//406
f 406//406 403//403 408//408
f 403//403 401//401 409//409
f 409//409 408//408 403//403
f 409//409 401//401 398//398
f 398//398 392//392 409//409
f 389//389 409//409 392//392
f 408//408 409//409 389//389
f 389//389 410//410 408//408
f 410//410 389//389 387//387
f 387//387 411//411 410//410
f 411//411 387//387 385//385
f 385//385 384//384 411//411
f 411//411 384//384 383//383
f 383//383 412//412 411//411
f 411//411 412//412 413//413
f 413//413 410//410 411//411
f 412//412 383//383 414//414
f 381//381 414//414 383//383
f 414//414 415//415 412//412
f 415//415 414//414 416//416
f 382//382 416//416 414//414
f 414//414 381//381 382//382
f 417//417 416//416 382//382
f 382//382 380//380 418//418
f 382//382 418//418 417//417
f 419//419 418//418 380//380
f 420//420 417//417 418//418
f 418//418 419//419 420//420
f 380//380 15//15 419//419
f 421//421 15//15 380//380
f 380//380 378//378 421//421
f 421//421 378//378 374//374
f 1//1 15//15 421//421
f 2//2 1//1 421//421
f 374//374 2//2 421//421
f 374//374 3//3 2//2
f 375//375 3//3 374//374
f 13//13 1//1 3//3
f 422//422 13//13 3//3
f 14//14 13//13 422//422
f 419//419 15//15 14//14
f 422//422 419//419 14//14
f 420//420 419//419 422//422
f 410//410 413//413 423//423
f 423//423 408//408 410//410
f 408//408 423//423 406//406
f 424//424 406//406 423//423
f 425//425 423//423 413//413
f 423//423 425//425 424//424
f 406//406 424//424 407//407
f 407//407 424//424 426//426
f 426//426 427//427 407//407
f 427//427 426//426 428//428
f 428//428 429//429 427//427
f 428//428 430//430 429//429
f 431//431 430//430 428//428
f 428//428 432//432 431//431
f 431//431 432//432 433//433
f 433//433 434//434 431//431
f 435//435 436//436 434//434
f 434//434 433//433 435//435
f 437//437 435//435 433//433
f 438//438 424//424 425//425
f 439//439 424//424 438//438
f 426//426 424//424 439//439
f 439//439 440//440 426//426
f 441//441 426//426 440//440
f 428//428 426//426 441//441
f 441//441 432//432 428//428
f 432//432 441//441 442//442
f 442//442 433//433 432//432
f 433//433 442//442 437//437
f 443//443 437//437 442//442
f 442//442 441//441 444//444
f 444//444 445//445 442//442
f 442//442 445//445 443//443
f 446//446 443//443 445//445
f 447//447 445//445 444//444
f 445//445 447//447 446//446
f 446//446 447//447 448//448
f 448//448 449//449 446//446
f 450//450 449//449 448//448
f 448//448 451//451 450//450
f 452//452 450//450 451//451
f 451//451 448//448 453//453
f 448//448 447//447 454//454
f 454//454 453//453 448//448
f 444//444 454//454 447//447
f 455//455 454//454 444//444
f 453//453 454//454 455//455
f 444//444 456//456 455//455
f 456//456 444//444 441//441
f 441//441 440//440 456//456
f 457//457 456//456 440//440
f 440//440 439//439 457//457
f 457//457 439//439 458//458
f 438//438 458//458 439//439
f 458//458 459//459 457//457
f 459//459 458//458 460//460
f 460//460 458//458 438//438
f 457//457 459//459 461//461
f 460//460 438//438 462//462
f 425//425 462//462 438//438
f 462//462 463//463 460//460
f 460//460 463//463 464//464
f 456//456 457//457 465//465
f 461//461 465//465 457//457
f 465//465 455//455 456//456
f 464//464 466//466 460//460
f 460//460 466//466 459//459
f 461//461 459//459 466//466
f 466//466 464//464 467//467
f 467//467 468//468 466//466
f 466//466 468//468 461//461
f 461//461 468//468 469//469
f 470//470 469//469 468//468
f 469//469 471//471 461//461
f 465//465 461//461 471//471
f 471//471 472//472 465//465
f 455//455 465//465 472//472
f 472//472 473//473 455//455
f 455//455 473//473 453//453
f 453//453 473//473 474//474
f 474//474 473//473 472//472
f 453//453 475//475 451//451
f 474//474 475//475 453//453
f 476//476 451//451 475//475
f 451//451 476//476 452//452
f 452//452 476//476 477//477
f 477//477 478//478 452//452
f 478//478 477//477 479//479
f 479//479 480//480 478//478
f 480//480 479//479 481//481
f 481//481 482//482 480//480
f 483//483 484//484 482//482
f 482//482 481//481 483//483
f 483//483 481//481 485//485
f 485//485 481//481 479//479
f 486//486 483//483 485//485
f 485//485 487//487 486//486
f 488//488 486//486 487//487
f 489//489 487//487 485//485
f 472//472 490//490 474//474
f 491//491 490//490 472//472
f 472//472 471//471 491//491
f 492//492 491//491 471//471
f 471//471 469//469 492//492
f 493//493 492//492 469//469
f 491//491 492//492 494//494
f 494//494 492//492 495//495
f 495//495 492//492 493//493
f 469//469 470//470 493//493
f 493//493 496//496 495//495
f 496//496 493//493 497//497
f 497//497 493//493 470//470
f 468//468 467//467 470//470
f 470//470 498//498 497//497
f 498//498 470//470 467//467
f 499//499 500//500 497//497
f 497//497 498//498 499//499
f 496//496 497//497 501//501
f 502//502 499//499 498//498
f 503//503 504//504 499//499
f 499//499 502//502 503//503
f 474//474 490//490 505//505
f 505//505 490//490 491//491
f 494//494 505//505 491//491
f 505//505 506//506 474//474
f 475//475 474//474 506//506
f 507//507 506//506 505//505
f 508//508 506//506 507//507
f 506//506 508//508 475//475
f 475//475 508//508 476//476
f 476//476 508//508 509//509
f 507//507 509//509 508//508
f 509//509 477//477 476//476
f 477//477 509//509 510//510
f 510//510 479//479 477//477
f 479//479 510//510 485//485
f 485//485 510//510 489//489
f 510//510 509//509 511//511
f 511//511 509//509 507//507
f 511//511 507//507 512//512
f 505//505 512//512 507//507
f 513//513 495//495 496//496
f 501//501 514//514 496//496
f 496//496 515//515 513//513
f 516//516 515//515 496//496
f 496//496 514//514 516//516
f 514//514 501//501 517//517
f 517//517 518//518 514//514
f 514//514 518//518 519//519
f 519//519 516//516 514//514
f 520//520 518//518 517//517
f 517//517 521//521 520//520
f 518//518 520//520 522//522
f 522//522 519//519 518//518
f 523//523 520//520 521//521
f 524//524 519//519 522//522
f 519//519 524//524 525//525
f 525//525 516//516 519//519
f 516//516 525//525 526//526
f 526//526 515//515 516//516
f 515//515 526//526 527//527
f 527//527 513//513 515//515
f 513//513 527//527 528//528
f 528//528 529//529 513//513
f 495//495 513//513 529//529
f 529//529 494//494 495//495
f 494//494 529//529 512//512
f 512//512 505//505 494//494
f 530//530 512//512 529//529
f 512//512 531//531 511//511
f 512//512 530//530 531//531
f 532//532 511//511 531//531
f 511//511 532//532 510//510
f 489//489 510//510 532//532
f 531//531 533//533 532//532
f 534//534 532//532 533//533
f 535//535 533//533 531//531
f 531//531 530//530 535//535
f 533//533 535//535 536//536
f 536//536 537//537 533//533
f 533//533 537//537 534//534
f 532//532 534//534 489//489
f 534//534 537//537 538//538
f 538//538 489//489 534//534
f 489//489 538//538 539//539
f 539//539 487//487 489//489
f 487//487 539//539 540//540
f 487//487 540//540 488//488
f 488//488 540//540 541//541
f 541//541 540//540 542//542
f 542//542 543//543 541//541
f 542//542 544//544 543//543
f 544//544 542//542 545//545
f 545//545 546//546 544//544
f 547//547 548//548 546//546
f 546//546 545//545 547//547
f 549//549 529//529 528//528
f 549//549 530//530 529//529
f 549//549 535//535 530//530
f 550//550 549//549 528//528
f 551//551 535//535 549//549
f 549//549 550//550 551//551
f 535//535 551//551 552//552
f 552//552 536//536 535//535
f 536//536 552//552 553//553
f 553//553 552//552 554//554
f 554//554 552//552 551//551
f 555//555 547//547 545//545
f 555//555 556//556 547//547
f 557//557 558//558 556//556
f 559//559 556//556 555//555
f 556//556 559//559 557//557
f 560//560 557//557 559//559
f 555//555 561//561 559//559
f 561//561 555//555 562//562
f 545//545 562//562 555//555
f 553//553 563//563 536//536
f 537//537 536//536 563//563
f 563//563 553//553 564//564
f 563//563 538//538 537//537
f 538//538 563//563 565//565
f 564//564 565//565 563//563
f 565//565 566//566 538//538
f 539//539 538//538 566//566
f 566//566 565//565 567//567
f 567//567 568//568 566//566
f 566//566 568//568 562//562
f 569//569 568//568 567//567
f 562//562 568//568 569//569
f 569//569 561//561 562//562
f 561//561 569//569 570//570
f 570//570 559//559 561//561
f 559//559 570//570 560//560
f 571//571 560//560 570//570
f 570//570 572//572 571//571
f 570//570 573//573 572//572
f 573//573 570//570 569//569
f 574//574 573//573 575//575
f 575//575 576//576 574//574
f 569//569 575//575 573//573
f 577//577 576//576 575//575
f 562//562 578//578 566//566
f 578//578 562//562 545//545
f 545//545 542//542 578//578
f 578//578 542//542 540//540
f 540//540 539//539 578//578
f 566//566 578//578 539//539
f 575//575 579//579 577//577
f 580//580 579//579 575//575
f 575//575 569//569 580//580
f 567//567 580//580 569//569
f 581//581 579//579 580//580
f 580//580 567//567 581//581
f 582//582 581//581 567//567
f 582//582 567//567 565//565
f 565//565 564//564 582//582
f 583//583 582//582 564//564
f 564//564 553//553 584//584
f 554//554 584//584 553//553
f 584//584 585//585 564//564
f 564//564 585//585 583//583
f 585//585 584//584 586//586
f 583//583 585//585 587//587
f 586//586 587//587 585//585
f 588//588 587//587 586//586
f 589//589 587//587 588//588
f 587//587 589//589 583//583
f 588//588 590//590 589//589
f 586//586 591//591 588//588
f 591//591 586//586 592//592
f 592//592 586//586 584//584
f 592//592 593//593 591//591
f 594//594 593//593 592//592
f 584//584 554//554 592//592
f 554//554 595//595 592//592
f 592//592 595//595 594//594
f 595//595 554//554 596//596
f 551//551 596//596 554//554
f 596//596 597//597 595//595
f 596//596 598//598 597//597
f 550//550 598//598 596//596
f 596//596 551//551 550//550
f 599//599 598//598 550//550
f 550//550 600//600 599//599
f 528//528 600//600 550//550
f 600//600 528//528 527//527
f 527//527 601//601 600//600
f 601//601 527//527 526//526
f 600//600 601//601 602//602
f 602//602 599//599 600//600
f 526//526 603//603 601//601
f 604//604 602//602 601//601
f 601//601 603//603 604//604
f 605//605 603//603 526//526
f 604//604 603//603 605//605
f 526//526 525//525 605//605
f 359//359 605//605 525//525
f 525//525 524//524 359//359
f 357//357 359//359 524//524
f 360//360 605//605 359//359
f 360//360 606//606 605//605
f 362//362 606//606 360//360
f 606//606 604//604 605//605
f 606//606 362//362 607//607
f 607//607 608//608 606//606
f 604//604 606//606 608//608
f 608//608 609//609 604//604
f 602//602 604//604 609//609
f 609//609 608//608 610//610
f 599//599 602//602 609//609
f 609//609 611//611 599//599
f 610//610 611//611 609//609
f 598//598 599//599 611//611
f 611//611 612//612 598//598
f 597//597 598//598 612//612
f 612//612 613//613 597//597
f 595//595 597//597 613//613
f 613//613 612//612 614//614
f 614//614 612//612 611//611
f 611//611 610//610 614//614
f 614//614 610//610 615//615
f 615//615 610//610 608//608
f 608//608 607//607 615//615
f 615//615 616//616 614//614
f 617//617 616//616 615//615
f 618//618 589//589 590//590
f 583//583 589//589 618//618
f 590//590 619//619 618//618
f 583//583 620//620 582//582
f 581//581 582//582 620//620
f 618//618 620//620 583//583
f 621//621 614//614 616//616
f 614//614 621//621 613//613
f 616//616 622//622 621//621
f 622//622 616//616 617//617
f 623//623 621//621 622//622
f 617//617 624//624 622//622
f 613//613 621//621 625//625
f 625//625 621//621 623//623
f 625//625 595//595 613//613
f 594//594 595//595 625//625
f 625//625 626//626 594//594
f 626//626 625//625 623//623
f 627//627 594//594 626//626
f 628//628 629//629 627//627
f 626//626 630//630 627//627
f 627//627 630//630 628//628
f 630//630 626//626 631//631
f 623//623 631//631 626//626
f 630//630 631//631 632//632
f 633//633 632//632 631//631
f 631//631 623//623 633//633
f 622//622 633//633 623//623
f 624//624 633//633 622//622
f 632//632 633//633 624//624
f 624//624 634//634 632//632
f 635//635 634//634 624//624
f 620//620 636//636 581//581
f 637//637 636//636 620//620
f 620//620 618//618 637//637
f 628//628 630//630 638//638
f 632//632 638//638 630//630
f 638//638 639//639 628//628
f 640//640 639//639 638//638
f 638//638 632//632 634//634
f 638//638 641//641 640//640
f 634//634 641//641 638//638
f 642//642 641//641 634//634
f 640//640 641//641 642//642
f 634//634 635//635 642//642
f 642//642 643//643 640//640
f 643//643 642//642 644//644
f 644//644 645//645 643//643
f 646//646 645//645 644//644
f 644//644 647//647 646//646
f 648//648 647//647 644//644
f 644//644 642//642 635//635
f 644//644 649//649 648//648
f 635//635 649//649 644//644
f 649//649 635//635 650//650
f 624//624 650//650 635//635
f 650//650 624//624 617//617
f 650//650 651//651 649//649
f 617//617 652//652 650//650
f 651//651 650//650 652//652
f 653//653 652//652 617//617
f 652//652 654//654 651//651
f 654//654 652//652 653//653
f 651//651 654//654 655//655
f 655//655 649//649 651//651
f 648//648 649//649 655//655
f 655//655 656//656 648//648
f 657//657 648//648 656//656
f 658//658 656//656 655//655
f 655//655 654//654 658//658
f 581//581 636//636 659//659
f 659//659 579//579 581//581
f 577//577 579//579 659//659
f 659//659 660//660 577//577
f 661//661 660//660 659//659
f 662//662 660//660 661//661
f 661//661 659//659 636//636
f 661//661 663//663 662//662
f 664//664 662//662 663//663
f 665//665 663//663 661//661
f 666//666 663//663 665//665
f 663//663 666//666 664//664
f 665//665 667//667 666//666
f 664//664 666//666 618//618
f 618//618 666//666 667//667
f 668//668 667//667 665//665
f 661//661 668//668 665//665
f 636//636 668//668 661//661
f 667//667 668//668 636//636
f 636//636 637//637 667//667
f 667//667 637//637 618//618
f 669//669 618//618 619//619
f 619//619 670//670 669//669
f 671//671 670//670 619//619
f 672//672 669//669 670//670
f 670//670 671//671 672//672
f 618//618 669//669 672//672
f 672//672 671//671 673//673
f 672//672 674//674 618//618
f 673//673 674//674 672//672
f 618//618 674//674 664//664
f 674//674 673//673 675//675
f 676//676 664//664 674//674
f 675//675 677//677 674//674
f 674//674 677//677 676//676
f 678//678 676//676 677//677
f 654//654 653//653 679//679
f 680//680 679//679 653//653
f 679//679 658//658 654//654
f 658//658 679//679 681//681
f 681//681 679//679 680//680
f 681//681 682//682 658//658
f 680//680 683//683 681//681
f 682//682 681//681 684//684
f 684//684 681//681 683//683
f 683//683 680//680 685//685
f 683//683 686//686 684//684
f 685//685 687//687 683//683
f 686//686 683//683 687//687
f 687//687 688//688 686//686
f 687//687 685//685 689//689
f 688//688 687//687 690//690
f 689//689 690//690 687//687
f 690//690 691//691 688//688
f 692//692 691//691 690//690
f 688//688 691//691 693//693
f 693//693 691//691 692//692
f 686//686 688//688 694//694
f 693//693 694//694 688//688
f 694//694 695//695 686//686
f 684//684 686//686 695//695
f 696//696 695//695 694//694
f 697//697 685//685 680//680
f 653//653 697//697 680//680
f 697//697 653//653 698//698
f 617//617 698//698 653//653
f 698//698 615//615 607//607
f 615//615 698//698 617//617
f 607//607 699//699 698//698
f 698//698 699//699 697//697
f 699//699 607//607 362//362
f 685//685 697//697 699//699
f 362//362 390//390 699//699
f 699//699 390//390 685//685
f 689//689 685//685 390//390
f 390//390 700//700 689//689
f 361//361 700//700 390//390
f 700//700 361//361 356//356
f 701//701 689//689 700//700
f 690//690 689//689 701//701
f 356//356 702//702 700//700
f 700//700 702//702 701//701
f 703//703 702//702 356//356
f 701//701 702//702 703//703
f 356//356 353//353 703//703
f 350//350 703//703 353//353
f 694//694 704//704 696//696
f 705//705 704//704 694//694
f 694//694 693//693 705//705
f 706//706 695//695 696//696
f 695//695 706//706 684//684
f 707//707 684//684 706//706
f 684//684 707//707 682//682
f 696//696 708//708 706//706
f 682//682 707//707 709//709
f 706//706 710//710 707//707
f 710//710 709//709 707//707
f 710//710 706//706 708//708
f 709//709 711//711 682//682
f 658//658 682//682 711//711
f 696//696 704//704 712//712
f 712//712 704//704 705//705
f 712//712 713//713 696//696
f 708//708 696//696 713//713
f 713//713 712//712 714//714
f 714//714 715//715 713//713
f 716//716 714//714 712//712
f 717//717 713//713 715//715
f 715//715 718//718 717//717
f 717//717 718//718 719//719
f 713//713 717//717 708//708
f 719//719 720//720 717//717
f 721//721 708//708 717//717
f 717//717 720//720 721//721
f 708//708 721//721 710//710
f 720//720 719//719 722//722
f 710//710 721//721 723//723
f 723//723 709//709 710//710
f 722//722 724//724 720//720
f 725//725 724//724 722//722
f 722//722 726//726 725//725
f 726//726 727//727 725//725
f 725//725 727//727 728//728
f 728//728 729//729 730//730
f 730//730 731//731 728//728
f 728//728 731//731 725//725
f 731//731 730//730 732//732
f 732//732 733//733 731//731
f 732//732 734//734 735//735
f 735//735 733//733 732//732
f 736//736 712//712 705//705
f 712//712 736//736 716//716
f 716//716 736//736 737//737
f 737//737 738//738 716//716
f 739//739 738//738 737//737
f 738//738 739//739 740//740
f 741//741 740//740 739//739
f 725//725 731//731 742//742
f 742//742 724//724 725//725
f 742//742 720//720 724//724
f 721//721 720//720 742//742
f 742//742 731//731 733//733
f 742//742 723//723 721//721
f 733//733 743//743 742//742
f 742//742 743//743 723//723
f 743//743 733//733 744//744
f 733//733 735//735 744//744
f 745//745 744//744 735//735
f 735//735 746//746 745//745
f 747//747 745//745 746//746
f 746//746 748//748 747//747
f 747//747 748//748 749//749
f 749//749 750//750 747//747
f 750//750 749//749 751//751
f 751//751 752//752 753//753
f 753//753 754//754 751//751
f 751//751 755//755 750//750
f 755//755 751//751 754//754
f 754//754 756//756 755//755
f 756//756 754//754 757//757
f 757//757 758//758 756//756
f 755//755 756//756 758//758
f 758//758 757//757 759//759
f 758//758 760//760 755//755
f 750//750 755//755 760//760
f 760//760 747//747 750//750
f 760//760 758//758 761//761
f 761//761 762//762 760//760
f 760//760 762//762 763//763
f 763//763 747//747 760//760
f 764//764 762//762 761//761
f 762//762 764//764 763//763
f 763//763 764//764 765//765
f 761//761 765//765 764//764
f 765//765 766//766 763//763
f 766//766 765//765 761//761
f 761//761 758//758 766//766
f 759//759 766//766 758//758
f 766//766 759//759 767//767
f 768//768 767//767 759//759
f 759//759 769//769 768//768
f 770//770 768//768 769//769
f 767//767 768//768 771//771
f 771//771 768//768 770//770
f 769//769 772//772 770//770
f 770//770 773//773 771//771
f 773//773 774//774 771//771
f 771//771 774//774 767//767
f 774//774 773//773 775//775
f 775//775 773//773 770//770
f 766//766 767//767 774//774
f 747//747 763//763 776//776
f 776//776 745//745 747//747
f 776//776 763//763 777//777
f 777//777 763//763 766//766
f 745//745 776//776 778//778
f 778//778 744//744 745//745
f 779//779 744//744 778//778
f 744//744 779//779 743//743
f 775//775 780//780 774//774
f 774//774 780//780 766//766
f 780//780 775//775 781//781
f 781//781 766//766 780//780
f 743//743 779//779 782//782
f 782//782 723//723 743//743
f 723//723 782//782 783//783
f 783//783 709//709 723//723
f 783//783 782//782 784//784
f 782//782 779//779 784//784
f 784//784 785//785 783//783
f 785//785 784//784 786//786
f 786//786 784//784 779//779
f 779//779 778//778 786//786
f 786//786 778//778 776//776
f 776//776 777//777 786//786
f 787//787 786//786 777//777
f 786//786 787//787 785//785
f 777//777 788//788 787//787
f 766//766 788//788 777//777
f 788//788 766//766 781//781
f 787//787 788//788 789//789
f 788//788 790//790 789//789
f 787//787 789//789 791//791
f 791//791 785//785 787//787
f 781//781 790//790 788//788
f 783//783 785//785 791//791
f 792//792 790//790 781//781
f 781//781 775//775 792//792
f 790//790 792//792 793//793
f 793//793 794//794 790//790
f 790//790 794//794 789//789
f 794//794 793//793 10//10
f 10//10 795//795 794//794
f 794//794 795//795 796//796
f 796//796 789//789 794//794
f 791//791 789//789 796//796
f 791//791 797//797 783//783
f 709//709 783//783 797//797
f 798//798 797//797 791//791
f 791//791 799//799 798//798
f 796//796 799//799 791//791
f 798//798 799//799 800//800
f 800//800 657//657 798//798
f 656//656 798//798 657//657
f 797//797 798//798 656//656
f 656//656 711//711 797//797
f 711//711 656//656 658//658
f 797//797 711//711 709//709
f 801//801 799//799 796//796
f 796//796 802//802 801//801
f 803//803 802//802 796//796
f 796//796 795//795 803//803
f 803//803 795//795 10//10
f 10//10 804//804 803//803
f 805//805 806//806 804//804
f 804//804 10//10 805//805
f 12//12 805//805 10//10
f 807//807 808//808 805//805
f 805//805 809//809 807//807
f 805//805 12//12 809//809
f 11//11 10//10 793//793
f 810//810 12//12 11//11
f 11//11 811//811 810//810
f 812//812 811//811 11//11
f 793//793 813//813 11//11
f 11//11 813//813 812//812
f 813//813 793//793 792//792
f 812//812 813//813 814//814
f 792//792 814//814 813//813
f 775//775 814//814 792//792
f 770//770 814//814 775//775
f 770//770 772//772 814//814
f 814//814 772//772 812//812
f 815//815 413//413 412//412
f 413//413 815//815 425//425
f 412//412 415//415 815//815
f 462//462 425//425 815//815
f 816//816 815//815 415//415
f 815//815 816//816 462//462
f 415//415 817//817 816//816
f 416//416 817//817 415//415
f 817//817 416//416 818//818
f 417//417 818//818 416//416
f 818//818 819//819 817//817
f 820//820 817//817 819//819
f 819//819 818//818 821//821
f 420//420 821//821 818//818
f 818//818 417//417 420//420
f 821//821 420//420 822//822
f 422//422 822//822 420//420
f 816//816 817//817 820//820
f 820//820 823//823 816//816
f 816//816 823//823 824//824
f 462//462 816//816 824//824
f 824//824 463//463 462//462
f 824//824 464//464 463//463
f 825//825 464//464 824//824
f 467//467 464//464 825//825
f 467//467 7//7 498//498
f 502//502 498//498 7//7
f 467//467 8//8 7//7
f 825//825 8//8 467//467
f 9//9 8//8 825//825
f 825//825 17//17 9//9
f 824//824 17//17 825//825
f 826//826 17//17 824//824
f 824//824 823//823 826//826
f 826//826 18//18 17//17
f 18//18 826//826 827//827
f 827//827 16//16 18//18
f 9//9 16//16 7//7
f 7//7 16//16 827//827
f 502//502 7//7 827//827
f 823//823 820//820 828//828
f 828//828 826//826 823//823
f 828//828 820//820 819//819
f 827//827 826//826 828//828
f 819//819 829//829 828//828
f 821//821 829//829 819//819
f 829//829 821//821 830//830
f 822//822 830//830 821//821
f 830//830 831//831 829//829
f 503//503 831//831 830//830
f 829//829 831//831 832//832
f 832//832 831//831 503//503
f 832//832 828//828 829//829
f 828//828 832//832 827//827
f 502//502 827//827 832//832
f 503//503 502//502 832//832
f 830//830 833//833 503//503
f 833//833 830//830 822//822
f 521//521 503//503 833//833
f 833//833 834//834 521//521
f 521//521 834//834 523//523
f 523//523 834//834 368//368
f 520//520 523//523 835//835
f 368//368 836//836 523//523
f 835//835 523//523 836//836
f 366//366 836//836 368//368
f 365//365 836//836 366//366
f 836//836 365//365 835//835
f 835//835 365//365 364//364
f 835//835 522//522 520//520
f 364//364 837//837 835//835
f 522//522 835//835 837//837
f 355//355 837//837 364//364
f 838//838 837//837 355//355
f 837//837 838//838 522//522
f 522//522 838//838 524//524
f 524//524 838//838 357//357
f 355//355 357//357 838//838
f 242//242 240//240 839//839
f 237//237 839//839 240//240
f 839//839 840//840 242//242
f 266//266 242//242 840//840
f 840//840 839//839 841//841
f 841//841 842//842 840//840
f 843//843 840//840 842//842
f 840//840 843//843 266//266
f 269//269 266//266 843//843
f 842//842 844//844 843//843
f 843//843 844//844 845//845
f 846//846 845//845 844//844
f 846//846 844//844 842//842
f 845//845 847//847 843//843
f 843//843 847//847 269//269
f 269//269 847//847 848//848
f 847//847 845//845 849//849
f 849//849 848//848 847//847
f 848//848 850//850 269//269
f 269//269 850//850 350//350
f 851//851 703//703 350//350
f 350//350 850//850 851//851
f 703//703 851//851 701//701
f 852//852 851//851 850//850
f 701//701 851//851 852//852
f 850//850 848//848 852//852
f 852//852 853//853 701//701
f 701//701 853//853 690//690
f 690//690 853//853 692//692
f 852//852 848//848 849//849
f 854//854 692//692 853//853
f 853//853 852//852 854//854
f 693//693 692//692 854//854
f 849//849 854//854 852//852
f 854//854 705//705 693//693
f 849//849 845//845 846//846
f 855//855 705//705 854//854
f 855//855 854//854 849//849
f 846//846 856//856 849//849
f 849//849 857//857 855//855
f 849//849 856//856 857//857
f 858//858 855//855 857//857
f 705//705 855//855 858//858
f 857//857 859//859 858//858
f 859//859 857//857 856//856
f 856//856 860//860 859//859
f 858//858 861//861 705//705
f 861//861 858//858 862//862
f 862//862 863//863 861//861
f 861//861 864//864 865//865
f 865//865 866//866 861//861
f 736//736 705//705 861//861
f 861//861 866//866 736//736
f 736//736 866//866 867//867
f 867//867 737//737 736//736
f 867//867 866//866 868//868
f 868//868 869//869 867//867
f 867//867 870//870 737//737
f 870//870 867//867 871//871
f 871//871 872//872 870//870
f 737//737 870//870 739//739
f 873//873 874//874 870//870
f 875//875 739//739 870//870
f 870//870 874//874 875//875
f 739//739 875//875 876//876
f 739//739 876//876 741//741
f 877//877 741//741 876//876
f 878//878 876//876 875//875
f 876//876 878//878 877//877
f 879//879 877//877 878//878
f 875//875 880//880 878//878
f 880//880 875//875 874//874
f 874//874 881//881 880//880
f 880//880 881//881 882//882
f 882//882 883//883 880//880
f 883//883 882//882 879//879
f 880//880 883//883 884//884
f 879//879 884//884 883//883
f 884//884 878//878 880//880
f 878//878 884//884 879//879
f 885//885 886//886 887//887
f 887//887 888//888 885//885
f 888//888 887//887 889//889
f 890//890 889//889 887//887
f 889//889 891//891 888//888
f 892//892 888//888 891//891
f 893//893 891//891 889//889
f 891//891 893//893 892//892
f 894//894 892//892 893//893
f 889//889 895//895 893//893
f 895//895 889//889 890//890
f 887//887 896//896 890//890
f 890//890 897//897 895//895
f 897//897 890//890 896//896
f 896//896 898//898 897//897
f 897//897 898//898 899//899
f 899//899 900//900 897//897
f 900//900 899//899 901//901
f 901//901 902//902 903//903
f 903//903 904//904 901//901
f 901//901 905//905 900//900
f 904//904 905//905 901//901
f 906//906 904//904 903//903
f 903//903 907//907 906//906
f 907//907 908//908 909//909
f 909//909 906//906 907//907
f 910//910 906//906 909//909
f 909//909 911//911 910//910
f 912//912 910//910 911//911
f 910//910 912//912 913//913
f 913//913 914//914 910//910
f 915//915 914//914 913//913
f 913//913 916//916 915//915
f 917//917 914//914 915//915
f 910//910 914//914 917//917
f 917//917 906//906 910//910
f 904//904 906//906 917//917
f 917//917 918//918 904//904
f 905//905 904//904 918//918
f 918//918 919//919 905//905
f 919//919 920//920 905//905
f 900//900 905//905 920//920
f 920//920 921//921 900//900
f 897//897 900//900 921//921
f 921//921 920//920 922//922
f 922//922 920//920 919//919
f 923//923 919//919 918//918
f 919//919 924//924 922//922
f 923//923 924//924 919//919
f 918//918 925//925 923//923
f 917//917 925//925 918//918
f 238//238 923//923 925//925
f 924//924 923//923 238//238
f 238//238 926//926 924//924
f 922//922 924//924 926//926
f 209//209 926//926 238//238
f 925//925 236//236 238//238
f 927//927 926//926 209//209
f 926//926 927//927 922//922
f 928//928 922//922 927//927
f 922//922 928//928 921//921
f 209//209 208//208 929//929
f 929//929 208//208 930//930
f 930//930 931//931 929//929
f 929//929 931//931 932//932
f 917//917 915//915 933//933
f 933//933 925//925 917//917
f 934//934 915//915 916//916
f 933//933 915//915 934//934
f 916//916 935//935 934//934
f 934//934 935//935 936//936
f 936//936 937//937 934//934
f 937//937 936//936 938//938
f 939//939 934//934 937//937
f 934//934 939//939 933//933
f 938//938 940//940 937//937
f 940//940 938//938 941//941
f 932//932 942//942 929//929
f 6//6 942//942 932//932
f 932//932 943//943 6//6
f 943//943 944//944 945//945
f 945//945 6//6 943//943
f 945//945 946//946 947//947
f 947//947 948//948 945//945
f 945//945 948//948 4//4
f 6//6 945//945 4//4
f 949//949 236//236 925//925
f 925//925 933//933 949//949
f 949//949 933//933 939//939
f 950//950 236//236 949//949
f 236//236 950//950 235//235
f 235//235 950//950 951//951
f 951//951 950//950 949//949
f 951//951 237//237 235//235
f 839//839 237//237 951//951
f 951//951 841//841 839//839
f 952//952 841//841 951//951
f 951//951 953//953 952//952
f 949//949 953//953 951//951
f 939//939 953//953 949//949
f 953//953 939//939 954//954
f 954//954 952//952 953//953
f 937//937 954//954 939//939
f 954//954 937//937 940//940
f 940//940 955//955 954//954
f 954//954 955//955 956//956
f 956//956 952//952 954//954
f 841//841 952//952 956//956
f 956//956 842//842 841//841
f 842//842 956//956 846//846
f 856//856 846//846 956//956
f 956//956 955//955 856//856
f 856//856 955//955 940//940
f 957//957 856//856 940//940
f 957//957 860//860 856//856
f 941//941 957//957 940//940
f 860//860 957//957 958//958
f 959//959 958//958 957//957
f 960//960 957//957 941//941
f 941//941 961//961 960//960
f 957//957 960//960 959//959
f 959//959 960//960 962//962
f 960//960 961//961 963//963
f 963//963 962//962 960//960
f 961//961 964//964 963//963
f 963//963 964//964 965//965
f 965//965 966//966 963//963
f 966//966 965//965 967//967
f 963//963 966//966 968//968
f 962//962 963//963 968//968
f 968//968 969//969 962//962
f 968//968 966//966 970//970
f 967//967 970//970 966//966
f 969//969 968//968 971//971
f 970//970 971//971 968//968
f 971//971 972//972 969//969
f 973//973 972//972 971//971
f 971//971 974//974 973//973
f 975//975 973//973 974//974
f 976//976 974//974 971//971
f 971//971 970//970 976//976
f 974//974 976//976 975//975
f 975//975 976//976 970//970
f 970//970 967//967 975//975
f 977//977 978//978 979//979
f 980//980 977//977 979//979
f 979//979 981//981 982//982
f 979//979 983//983 980//980
f 984//984 980//980 983//983
f 982//982 985//985 979//979
f 983//983 979//979 985//985
f 986//986 985//985 982//982
f 982//982 987//987 986//986
f 986//986 987//987 988//988
f 988//988 989//989 986//986
f 989//989 988//988 990//990
f 990//990 991//991 989//989
f 991//991 990//990 992//992
f 992//992 993//993 991//991
f 993//993 994//994 991//991
f 989//989 991//991 994//994
f 995//995 994//994 993//993
f 993//993 996//996 995//995
f 997//997 995//995 996//996
f 996//996 998//998 997//997
f 999//999 997//997 998//998
f 998//998 1000//1000 999//999
f 1001//1001 999//999 1000//1000
f 986//986 989//989 1002//1002
f 994//994 1002//1002 989//989
f 1002//1002 994//994 995//995
f 1002//1002 1003//1003 986//986
f 985//985 986//986 1003//1003
f 1003//1003 1002//1002 1004//1004
f 995//995 1004//1004 1002//1002
f 1004//1004 995//995 997//997
f 1004//1004 1005//1005 1003//1003
f 1005//1005 1004//1004 1006//1006
f 997//997 1006//1006 1004//1004
f 1006//1006 1007//1007 1005//1005
f 1003//1003 1008//1008 985//985
f 1008//1008 1003//1003 1005//1005
f 985//985 1008//1008 983//983
f 1005//1005 1009//1009 1008//1008
f 1009//1009 1005//1005 1007//1007
f 1010//1010 983//983 1008//1008
f 1008//1008 1009//1009 1010//1010
f 983//983 1010//1010 984//984
f 1011//1011 984//984 1010//1010
f 1010//1010 1009//1009 1012//1012
f 1007//1007 1012//1012 1009//1009
f 1012//1012 1013//1013 1010//1010
f 1010//1010 1013//1013 1011//1011
f 1013//1013 1014//1014 1011//1011
f 1013//1013 1012//1012 1015//1015
f 1015//1015 1014//1014 1013//1013
f 1016//1016 1011//1011 1014//1014
f 1014//1014 1015//1015 1017//1017
f 1017//1017 1018//1018 1014//1014
f 1014//1014 1018//1018 1016//1016
f 1016//1016 1018//1018 1019//1019
f 1019//1019 1020//1020 1016//1016
f 1019//1019 1018//1018 1017//1017
f 1017//1017 1021//1021 1019//1019
f 1021//1021 1017//1017 1015//1015
f 1019//1019 1021//1021 1022//1022
f 1022//1022 1001//1001 1019//1019
f 999//999 1001//1001 1022//1022
f 1022//1022 1023//1023 999//999
f 1023//1023 1022//1022 1021//1021
f 997//997 999//999 1023//1023
f 1023//1023 1006//1006 997//997
f 1007//1007 1006//1006 1023//1023
f 1012//1012 1007//1007 1024//1024
f 1023//1023 1024//1024 1007//1007
f 1024//1024 1015//1015 1012//1012
f 1015//1015 1024//1024 1021//1021
f 1021//1021 1024//1024 1023//1023
f 5//5 4//4 1025//1025
f 1025//1025 1026//1026 5//5
f 5//5 1026//1026 1027//1027
f 1027//1027 1028//1028 5//5
f 5//5 1028//1028 1029//1029
f 1029//1029 6//6 5//5
f 1030//1030 1028//1028 1027//1027
f 1027//1027 1031//1031 1030//1030
f 1032//1032 1030//1030 1031//1031
f 1032//1032 1031//1031 1033//1033
f 1033//1033 1034//1034 1032//1032
f 1034//1034 1033//1033 894//894
f 894//894 1035//1035 1034//1034
f 1036//1036 1034//1034 1035//1035
f 1032//1032 1034//1034 1036//1036
f 1037//1037 1035//1035 894//894
f 893//893 1037//1037 894//894
f 1035//1035 1038//1038 1036//1036
f 1038//1038 1035//1035 1037//1037
f 1039//1039 1036//1036 1038//1038
f 1036//1036 1039//1039 1032//1032
f 1040//1040 1039//1039 1038//1038
f 1032//1032 1039//1039 1040//1040
f 1040//1040 1030//1030 1032//1032
f 1038//1038 1041//1041 1040//1040
f 1037//1037 1041//1041 1038//1038
f 1042//1042 1040//1040 1041//1041
f 1041//1041 1037//1037 1042//1042
f 1043//1043 1040//1040 1042//1042
f 1040//1040 1043//1043 1030//1030
f 1028//1028 1030//1030 1043//1043
f 1043//1043 1029//1029 1028//1028
f 6//6 1029//1029 1044//1044
f 1044//1044 942//942 6//6
f 929//929 942//942 1044//1044
f 1044//1044 1045//1045 929//929
f 929//929 1045//1045 209//209
f 209//209 1045//1045 927//927
f 1045//1045 1044//1044 1046//1046
f 1046//1046 1044//1044 1029//1029
f 1029//1029 1043//1043 1046//1046
f 1042//1042 1046//1046 1043//1043
f 1047//1047 1046//1046 1042//1042
f 1045//1045 1046//1046 1047//1047
f 1045//1045 1047//1047 927//927
f 927//927 1047//1047 928//928
f 1042//1042 1037//1037 1047//1047
f 928//928 1047//1047 1037//1037
f 1037//1037 1048//1048 928//928
f 921//921 928//928 1048//1048
f 1048//1048 1037//1037 1049//1049
f 1050//1050 1049//1049 1037//1037
f 1049//1049 1051//1051 1048//1048
f 1051//1051 1049//1049 1050//1050
f 1037//1037 893//893 1050//1050
f 1050//1050 1052//1052 1051//1051
f 1052//1052 1048//1048 1051//1051
f 895//895 1052//1052 1050//1050
f 1048//1048 1052//1052 895//895
f 1050//1050 893//893 895//895
f 895//895 897//897 1048//1048
f 921//921 1048//1048 897//897
f 1053//1053 1054//1054 1055//1055
f 1054//1054 1053//1053 1056//1056
f 1057//1057 1058//1058 1054//1054
f 1056//1056 1059//1059 1054//1054
f 1059//1059 1056//1056 1060//1060
f 1054//1054 1061//1061 1057//1057
f 1061//1061 1054//1054 1059//1059
f 1060//1060 1062//1062 1059//1059
f 1059//1059 1063//1063 1061//1061
f 1063//1063 1059//1059 1062//1062
f 1062//1062 1060//1060 1064//1064
f 1064//1064 1065//1065 1062//1062
f 1065//1065 1064//1064 1066//1066
f 1066//1066 1064//1064 1067//1067
f 1067//1067 1068//1068 1069//1069
f 1067//1067 1070//1070 1066//1066
f 1069//1069 1070//1070 1067//1067
f 1066//1066 1070//1070 1071//1071
f 1071//1071 1070//1070 1069//1069
f 1071//1071 1072//1072 1066//1066
f 1065//1065 1066//1066 1072//1072
f 1072//1072 1071//1071 1073//1073
f 1069//1069 1073//1073 1071//1071
f 1073//1073 1074//1074 1072//1072
f 1075//1075 1073//1073 1069//1069
f 1069//1069 1076//1076 1075//1075
f 1075//1075 1076//1076 1077//1077
f 1076//1076 1078//1078 1077//1077
f 1077//1077 1079//1079 1075//1075
f 1073//1073 1075//1075 1079//1079
f 1079//1079 1074//1074 1073//1073
f 1079//1079 1077//1077 1080//1080
f 1081//1081 1080//1080 1077//1077
f 1077//1077 1078//1078 1081//1081
f 1080//1080 1081//1081 1082//1082
f 1082//1082 1083//1083 1080//1080
f 1083//1083 1082//1082 1084//1084
f 1084//1084 1085//1085 1083//1083
f 1084//1084 1086//1086 1085//1085
f 1086//1086 1084//1084 1087//1087
f 1087//1087 1088//1088 1086//1086
f 1089//1089 1086//1086 1088//1088
f 1085//1085 1086//1086 1089//1089
f 1088//1088 1090//1090 1089//1089
f 1089//1089 1091//1091 1085//1085
f 1083//1083 1085//1085 1091//1091
f 1091//1091 1089//1089 1092//1092
f 1092//1092 1089//1089 1090//1090
f 1090//1090 1093//1093 1092//1092
f 1092//1092 1093//1093 1057//1057
f 1057//1057 1061//1061 1092//1092
f 1094//1094 1092//1092 1061//1061
f 1092//1092 1094//1094 1091//1091
f 1061//1061 1063//1063 1094//1094
f 1095//1095 1094//1094 1063//1063
f 1062//1062 1096//1096 1063//1063
f 1063//1063 1096//1096 1095//1095
f 1097//1097 1096//1096 1062//1062
f 1062//1062 1065//1065 1097//1097
f 1072//1072 1097//1097 1065//1065
f 1097//1097 1072//1072 1074//1074
f 1074//1074 1098//1098 1097//1097
f 1096//1096 1097//1097 1098//1098
f 1098//1098 1074//1074 1079//1079
f 1098//1098 1095//1095 1096//1096
f 1079//1079 1099//1099 1098//1098
f 1080//1080 1099//1099 1079//1079
f 1095//1095 1098//1098 1099//1099
f 1100//1100 1099//1099 1080//1080
f 1099//1099 1100//1100 1095//1095
f 1080//1080 1083//1083 1100//1100
f 1094//1094 1095//1095 1100//1100
f 1100//1100 1091//1091 1094//1094
f 1091//1091 1100//1100 1083//1083
f 1101//1101 822//822 422//422
f 1101//1101 422//422 3//3
f 822//822 1101//1101 833//833
f 1101//1101 3//3 375//375
f 833//833 1101//1101 1102//1102
f 1101//1101 375//375 1102//1102
f 1102//1102 1103//1103 833//833
f 1102//1102 375//375 369//369
f 369//369 1104//1104 1102//1102
f 1105//1105 1106//1106 1107//1107
f 1107//1107 1108//1108 1105//1105
f 1109//1109 1107//1107 1106//1106
f 1106//1106 1110//1110 1109//1109
f 1108//1108 1107//1107 1111//1111
f 1111//1111 1107//1107 1109//1109
f 1111//1111 1112//1112 1108//1108
f 1113//1113 1112//1112 1111//1111
f 1111//1111 1114//1114 1113//1113
f 1115//1115 1113//1113 1114//1114
f 1116//1116 1114//1114 1111//1111
f 1117//1117 1114//1114 1116//1116
f 1114//1114 1117//1117 1115//1115
f 1116//1116 1118//1118 1117//1117
f 1118//1118 1116//1116 1119//1119
f 1119//1119 1120//1120 1118//1118
f 1119//1119 1116//1116 1121//1121
f 1111//1111 1121//1121 1116//1116
f 1109//1109 1121//1121 1111//1111
f 1122//1122 1109//1109 1110//1110
f 1121//1121 1109//1109 1122//1122
f 1110//1110 1123//1123 1122//1122
f 1122//1122 1124//1124 1121//1121
f 1121//1121 1124//1124 1119//1119
f 1125//1125 1124//1124 1122//1122
f 1119//1119 1124//1124 1125//1125
f 1125//1125 1126//1126 1119//1119
f 1120//1120 1119//1119 1126//1126
f 1126//1126 1127//1127 1120//1120
f 1128//1128 1127//1127 1126//1126
f 1126//1126 1129//1129 1128//1128
f 1130//1130 1128//1128 1129//1129
f 1131//1131 1129//1129 1126//1126
f 1126//1126 1125//1125 1131//1131
f 1132//1132 1129//1129 1131//1131
f 1129//1129 1132//1132 1130//1130
f 1133//1133 1130//1130 1132//1132
f 1131//1131 1134//1134 1132//1132
f 1132//1132 1134//1134 1135//1135
f 1135//1135 1134//1134 1136//1136
f 1136//1136 1134//1134 1131//1131
f 1122//1122 1137//1137 1125//1125
f 1137//1137 1122//1122 1123//1123
f 1123//1123 1138//1138 1137//1137
f 1137//1137 1138//1138 1139//1139
f 1131//1131 1125//1125 1137//1137
f 1139//1139 1140//1140 1137//1137
f 1137//1137 1140//1140 1131//1131
f 1140//1140 1139//1139 1141//1141
f 1141//1141 1136//1136 1140//1140
f 1131//1131 1140//1140 1136//1136
f 1136//1136 1141//1141 1142//1142
f 1142//1142 1143//1143 1136//1136
f 1136//1136 1143//1143 1135//1135
f 1143//1143 1142//1142 1144//1144
f 1144//1144 1145//1145 1143//1143
f 1135//1135 1143//1143 1145//1145
f 1145//1145 1144//1144 1146//1146
f 1146//1146 1147//1147 1145//1145
f 1145//1145 1147//1147 1135//1135
f 1148//1148 1147//1147 1146//1146
f 1135//1135 1147//1147 1148//1148
f 1146//1146 1149//1149 1148//1148
f 1148//1148 1150//1150 1135//1135
f 1150//1150 1148//1148 1149//1149
f 1135//1135 1150//1150 1132//1132
f 1149//1149 1133//1133 1150//1150
f 1132//1132 1150//1150 1133//1133
f 1151//1151 1152//1152 1153//1153
f 1153//1153 1154//1154 1151//1151
f 1154//1154 1153//1153 1155//1155
f 1152//1152 1151//1151 1156//1156
f 1156//1156 1157//1157 1152//1152
f 1155//1155 1158//1158 1154//1154
f 1158//1158 1155//1155 1159//1159
f 1157//1157 1156//1156 1160//1160
f 1160//1160 1161//1161 1157//1157
f 1159//1159 1162//1162 1158//1158
f 1162//1162 1159//1159 1163//1163
f 1161//1161 1160//1160 1164//1164
f 1164//1164 1165//1165 1161//1161
f 1163//1163 1166//1166 1162//1162
f 1166//1166 1163//1163 1167//1167
f 1165//1165 1164//1164 1168//1168
f 1168//1168 1169//1169 1165//1165
f 1167//1167 1170//1170 1166//1166
f 1170//1170 1167//1167 1171//1171
f 1169//1169 1168//1168 1172//1172
f 1172//1172 1173//1173 1169//1169
f 1171//1171 1174//1174 1170//1170
f 1174//1174 1171//1171 1175//1175
f 1173//1173 1172//1172 1176//1176
f 1176//1176 1177//1177 1173//1173
f 1175//1175 1178//1178 1174//1174
f 1178//1178 1175//1175 1179//1179
f 1177//1177 1176//1176 1180//1180
f 1180//1180 1181//1181 1177//1177
f 1182//1182 1179//1179 1181//1181
f 1181//1181 1180//1180 1182//1182
f 1179//1179 1182//1182 1178//1178
f 1183//1183 1182//1182 1180//1180
f 1182//1182 1183//1183 1184//1184
f 1184//1184 1178//1178 1182//1182
f 1185//1185 1184//1184 1183//1183
f 1183//1183 1186//1186 1185//1185
f 1184//1184 1185//1185 1187//1187
f 1186//1186 1183//1183 1188//1188
f 1180//1180 1188//1188 1183//1183
f 1188//1188 1180//1180 1176//1176
f 1188//1188 1189//1189 1186//1186
f 1189//1189 1188//1188 1190//1190
f 1176//1176 1190//1190 1188//1188
f 1190//1190 1191//1191 1189//1189
f 1190//1190 1176//1176 1172//1172
f 1172//1172 1192//1192 1190//1190
f 1191//1191 1190//1190 1192//1192
f 1192//1192 1172//1172 1168//1168
f 1168//1168 1193//1193 1192//1192
f 1193//1193 1168//1168 1164//1164
f 1192//1192 1194//1194 1191//1191
f 1194//1194 1192//1192 1193//1193
f 1189//1189 1191//1191 1195//1195
f 1195//1195 1191//1191 1194//1194
f 1195//1195 1186//1186 1189//1189
f 1185//1185 1186//1186 1195//1195
f 1195//1195 1187//1187 1185//1185
f 1187//1187 1196//1196 1184//1184
f 1178//1178 1184//1184 1196//1196
f 1196//1196 1174//1174 1178//1178
f 1196//1196 1187//1187 1197//1197
f 1197//1197 1187//1187 1195//1195
f 1174//1174 1196//1196 1198//1198
f 1197//1197 1198//1198 1196//1196
f 1198//1198 1170//1170 1174//1174
f 1198//1198 1197//1197 1199//1199
f 1195//1195 1199//1199 1197//1197
f 1199//1199 1200//1200 1198//1198
f 1170//1170 1198//1198 1200//1200
f 1200//1200 1199//1199 1201//1201
f 1201//1201 1199//1199 1195//1195
f 1164//1164 1202//1202 1193//1193
f 1202//1202 1164//1164 1160//1160
f 1160//1160 1203//1203 1202//1202
f 1203//1203 1160//1160 1156//1156
f 1156//1156 1204//1204 1203//1203
f 1204//1204 1156//1156 1151//1151
f 1151//1151 1205//1205 1204//1204
f 1205//1205 1151//1151 1154//1154
f 1154//1154 1206//1206 1205//1205
f 1206//1206 1154//1154 1158//1158
f 1158//1158 1207//1207 1206//1206
f 1207//1207 1158//1158 1162//1162
f 1162//1162 1208//1208 1207//1207
f 1208//1208 1162//1162 1166//1166
f 1209//1209 1193//1193 1202//1202
f 1193//1193 1209//1209 1194//1194
f 1194//1194 1209//1209 1195//1195
f 1166//1166 1200//1200 1208//1208
f 1200//1200 1166//1166 1170//1170
f 1201//1201 1208//1208 1200//1200
f 1208//1208 1201//1201 1210//1210
f 1195//1195 1210//1210 1201//1201
f 1210//1210 1207//1207 1208//1208
f 1211//1211 1210//1210 1195//1195
f 1207//1207 1210//1210 1211//1211
f 1211//1211 1206//1206 1207//1207
f 1206//1206 1211//1211 1212//1212
f 1195//1195 1212//1212 1211//1211
f 1212//1212 1205//1205 1206//1206
f 1213//1213 1203//1203 1204//1204
f 1205//1205 1212//1212 1214//1214
f 1214//1214 1204//1204 1205//1205
f 1214//1214 1212//1212 1195//1195
f 1204//1204 1214//1214 1213//1213
f 1195//1195 1213//1213 1214//1214
f 1215//1215 1202//1202 1203//1203
f 1203//1203 1213//1213 1215//1215
f 1215//1215 1213//1213 1195//1195
f 1195//1195 1209//1209 1215//1215
f 1202//1202 1215//1215 1209//1209
f 1216//1216 1217//1217 1218//1218
f 1218//1218 1219//1219 1216//1216
f 1220//1220 1216//1216 1219//1219
f 1221//1221 1218//1218 1217//1217
f 1217//1217 1222//1222 1221//1221
f 1223//1223 1221//1221 1222//1222
f 1222//1222 1224//1224 1223//1223
f 1225//1225 1223//1223 1224//1224
f 1224//1224 1226//1226 1225//1225
f 1227//1227 1225//1225 1226//1226
f 1226//1226 1228//1228 1227//1227
f 1229//1229 1227//1227 1228//1228
f 1228//1228 1230//1230 1229//1229
f 1231//1231 1229//1229 1230//1230
f 1230//1230 1232//1232 1231//1231
f 1233//1233 1231//1231 1232//1232
f 1232//1232 1234//1234 1233//1233
f 1235//1235 1233//1233 1234//1234
f 1234//1234 1236//1236 1235//1235
f 1237//1237 1235//1235 1236//1236
f 1236//1236 1238//1238 1237//1237
f 1239//1239 1237//1237 1238//1238
f 1238//1238 1240//1240 1239//1239
f 1241//1241 1239//1239 1240//1240
f 1240//1240 1242//1242 1241//1241
f 1243//1243 1241//1241 1242//1242
f 1242//1242 1244//1244 1243//1243
f 1245//1245 1243//1243 1244//1244
f 1244//1244 1246//1246 1245//1245
f 1247//1247 1245//1245 1246//1246
f 1246//1246 1220//1220 1247//1247
f 1219//1219 1247//1247 1220//1220
f 1245//1245 1247//1247 1248//1248
f 1249//1249 1248//1248 1247//1247
f 1248//1248 1250//1250 1245//1245
f 1243//1243 1245//1245 1250//1250
f 1250//1250 1248//1248 1251//1251
f 1251//1251 1252//1252 1250//1250
f 1253//1253 1250//1250 1252//1252
f 1250//1250 1253//1253 1243//1243
f 1241//1241 1243//1243 1253//1253
f 1252//1252 1254//1254 1253//1253
f 1255//1255 1253//1253 1254//1254
f 1253//1253 1255//1255 1241//1241
f 1239//1239 1241//1241 1255//1255
f 1254//1254 1256//1256 1255//1255
f 1257//1257 1255//1255 1256//1256
f 1255//1255 1257//1257 1239//1239
f 1237//1237 1239//1239 1257//1257
f 1256//1256 1258//1258 1257//1257
f 1259//1259 1257//1257 1258//1258
f 1257//1257 1259//1259 1237//1237
f 1235//1235 1237//1237 1259//1259
f 1258//1258 1260//1260 1259//1259
f 1261//1261 1259//1259 1260//1260
f 1259//1259 1261//1261 1235//1235
f 1233//1233 1235//1235 1261//1261
f 1261//1261 1262//1262 1233//1233
f 1231//1231 1233//1233 1262//1262
f 1262//1262 1261//1261 1263//1263
f 1260//1260 1263//1263 1261//1261
f 1263//1263 1264//1264 1262//1262
f 1265//1265 1262//1262 1264//1264
f 1264//1264 1263//1263 1266//1266
f 1266//1266 1263//1263 1260//1260
f 1260//1260 1258//1258 1266//1266
f 1266//1266 1258//1258 1256//1256
f 1256//1256 1254//1254 1266//1266
f 1266//1266 1254//1254 1252//1252
f 1252//1252 1251//1251 1266//1266
f 1267//1267 1251//1251 1248//1248
f 1266//1266 1251//1251 1267//1267
f 1248//1248 1249//1249 1267//1267
f 1268//1268 1267//1267 1249//1249
f 1247//1247 1219//1219 1249//1249
f 1269//1269 1249//1249 1219//1219
f 1219//1219 1218//1218 1269//1269
f 1249//1249 1269//1269 1268//1268
f 1270//1270 1269//1269 1218//1218
f 1218//1218 1221//1221 1270//1270
f 1271//1271 1268//1268 1269//1269
f 1269//1269 1270//1270 1271//1271
f 1267//1267 1268//1268 1266//1266
f 1266//1266 1268//1268 1271//1271
f 1271//1271 1272//1272 1266//1266
f 1272//1272 1271//1271 1270//1270
f 1270//1270 1273//1273 1272//1272
f 1273//1273 1270//1270 1221//1221
f 1262//1262 1265//1265 1231//1231
f 1229//1229 1231//1231 1265//1265
f 1221//1221 1223//1223 1273//1273
f 1274//1274 1273//1273 1223//1223
f 1223//1223 1225//1225 1274//1274
f 1275//1275 1274//1274 1225//1225
f 1225//1225 1227//1227 1275//1275
f 1276//1276 1275//1275 1227//1227
f 1227//1227 1229//1229 1276//1276
f 1265//1265 1276//1276 1229//1229
f 1275//1275 1276//1276 1277//1277
f 1278//1278 1277//1277 1276//1276
f 1276//1276 1265//1265 1278//1278
f 1264//1264 1278//1278 1265//1265
f 1277//1277 1278//1278 1266//1266
f 1266//1266 1278//1278 1264//1264
f 1277//1277 1279//1279 1275//1275
f 1266//1266 1279//1279 1277//1277
f 1274//1274 1275//1275 1279//1279
f 1280//1280 1279//1279 1266//1266
f 1279//1279 1280//1280 1274//1274
f 1266//1266 1272//1272 1280//1280
f 1280//1280 1272//1272 1273//1273
f 1273//1273 1274//1274 1280//1280
